

============================== 20:54:14.519900 | aefcb52e-57b7-465c-8b5e-be12fc7a106c ==============================
[0m20:54:14.519900 [info ] [Dummy-1   ]: Running with dbt=1.9.4
[0m20:54:14.520983 [debug] [Dummy-1   ]: running dbt with arguments {'printer_width': '80', 'indirect_selection': 'eager', 'write_json': 'True', 'log_cache_events': 'False', 'partial_parse': 'True', 'cache_selected_only': 'False', 'profiles_dir': '/tmp/dbt/', 'version_check': 'True', 'fail_fast': 'False', 'log_path': '/tmp/dbt/logs', 'warn_error': 'None', 'debug': 'False', 'use_colors': 'True', 'use_experimental_parser': 'False', 'empty': 'None', 'quiet': 'False', 'no_print': 'None', 'warn_error_options': 'WarnErrorOptions(include=[], exclude=[])', 'introspect': 'True', 'log_format': 'default', 'static_parser': 'True', 'target_path': 'None', 'invocation_command': 'dbt ', 'send_anonymous_usage_stats': 'False'}
[0m20:54:14.714910 [debug] [Dummy-1   ]: Set downloads directory='/tmp/dbt-downloads-u3qg3gro'
[0m20:54:14.715888 [debug] [Dummy-1   ]: Making package index registry request: GET https://hub.getdbt.com/api/v1/index.json
[0m20:54:14.721806 [debug] [Dummy-1   ]: External call exception: HTTPSConnectionPool(host='hub.getdbt.com', port=443): Max retries exceeded with url: /api/v1/index.json (Caused by NewConnectionError('<urllib3.connection.HTTPSConnection object at 0xf7b9bd89ad10>: Failed to establish a new connection: [Errno 16] Device or resource busy'))
[0m20:54:14.722556 [debug] [Dummy-1   ]: Retrying external call. Attempt: 0 Max attempts: 5
[0m20:54:15.724235 [debug] [Dummy-1   ]: Making package index registry request: GET https://hub.getdbt.com/api/v1/index.json
[0m20:54:15.726816 [debug] [Dummy-1   ]: External call exception: HTTPSConnectionPool(host='hub.getdbt.com', port=443): Max retries exceeded with url: /api/v1/index.json (Caused by NewConnectionError('<urllib3.connection.HTTPSConnection object at 0xf7b9bd8acf50>: Failed to establish a new connection: [Errno 16] Device or resource busy'))
[0m20:54:15.727544 [debug] [Dummy-1   ]: Retrying external call. Attempt: 1 Max attempts: 5
[0m20:54:16.729215 [debug] [Dummy-1   ]: Making package index registry request: GET https://hub.getdbt.com/api/v1/index.json
[0m20:54:16.731691 [debug] [Dummy-1   ]: External call exception: HTTPSConnectionPool(host='hub.getdbt.com', port=443): Max retries exceeded with url: /api/v1/index.json (Caused by NewConnectionError('<urllib3.connection.HTTPSConnection object at 0xf7b9bd8aed90>: Failed to establish a new connection: [Errno 16] Device or resource busy'))
[0m20:54:16.732373 [debug] [Dummy-1   ]: Retrying external call. Attempt: 2 Max attempts: 5
[0m20:54:17.733771 [debug] [Dummy-1   ]: Making package index registry request: GET https://hub.getdbt.com/api/v1/index.json
[0m20:54:17.736481 [debug] [Dummy-1   ]: External call exception: HTTPSConnectionPool(host='hub.getdbt.com', port=443): Max retries exceeded with url: /api/v1/index.json (Caused by NewConnectionError('<urllib3.connection.HTTPSConnection object at 0xf7b9bd8bcc10>: Failed to establish a new connection: [Errno 16] Device or resource busy'))
[0m20:54:17.737152 [debug] [Dummy-1   ]: Retrying external call. Attempt: 3 Max attempts: 5
[0m20:54:18.738791 [debug] [Dummy-1   ]: Making package index registry request: GET https://hub.getdbt.com/api/v1/index.json
[0m20:54:18.741486 [debug] [Dummy-1   ]: External call exception: HTTPSConnectionPool(host='hub.getdbt.com', port=443): Max retries exceeded with url: /api/v1/index.json (Caused by NewConnectionError('<urllib3.connection.HTTPSConnection object at 0xf7b9bd8bea10>: Failed to establish a new connection: [Errno 16] Device or resource busy'))
[0m20:54:18.742180 [debug] [Dummy-1   ]: Retrying external call. Attempt: 4 Max attempts: 5
[0m20:54:19.744025 [debug] [Dummy-1   ]: Making package index registry request: GET https://hub.getdbt.com/api/v1/index.json
[0m20:54:19.746823 [error] [Dummy-1   ]: Encountered an error:
External connection exception occurred: HTTPSConnectionPool(host='hub.getdbt.com', port=443): Max retries exceeded with url: /api/v1/index.json (Caused by NewConnectionError('<urllib3.connection.HTTPSConnection object at 0xf7b9bd8d0910>: Failed to establish a new connection: [Errno 16] Device or resource busy'))
[0m20:54:19.765456 [error] [Dummy-1   ]: Traceback (most recent call last):
  File "/usr/lib/python_udf/7572a8db11e712fed6beb756e6c14cdfd320d48237f422b7a5b1ae764f1db134/lib/python3.11/site-packages/urllib3/connection.py", line 198, in _new_conn
    sock = connection.create_connection(
           ^^^^^^^^^^^^^^^^^^^^^^^^^^^^^
  File "/usr/lib/python_udf/7572a8db11e712fed6beb756e6c14cdfd320d48237f422b7a5b1ae764f1db134/lib/python3.11/site-packages/urllib3/util/connection.py", line 60, in create_connection
    for res in socket.getaddrinfo(host, port, family, socket.SOCK_STREAM):
               ^^^^^^^^^^^^^^^^^^^^^^^^^^^^^^^^^^^^^^^^^^^^^^^^^^^^^^^^^^
  File "/usr/lib/python_udf/7572a8db11e712fed6beb756e6c14cdfd320d48237f422b7a5b1ae764f1db134/lib/python3.11/socket.py", line 974, in getaddrinfo
    for res in _socket.getaddrinfo(host, port, family, type, proto, flags):
               ^^^^^^^^^^^^^^^^^^^^^^^^^^^^^^^^^^^^^^^^^^^^^^^^^^^^^^^^^^^
OSError: [Errno 16] Device or resource busy

The above exception was the direct cause of the following exception:

Traceback (most recent call last):
  File "/usr/lib/python_udf/7572a8db11e712fed6beb756e6c14cdfd320d48237f422b7a5b1ae764f1db134/lib/python3.11/site-packages/urllib3/connectionpool.py", line 787, in urlopen
    response = self._make_request(
               ^^^^^^^^^^^^^^^^^^^
  File "/usr/lib/python_udf/7572a8db11e712fed6beb756e6c14cdfd320d48237f422b7a5b1ae764f1db134/lib/python3.11/site-packages/urllib3/connectionpool.py", line 488, in _make_request
    raise new_e
  File "/usr/lib/python_udf/7572a8db11e712fed6beb756e6c14cdfd320d48237f422b7a5b1ae764f1db134/lib/python3.11/site-packages/urllib3/connectionpool.py", line 464, in _make_request
    self._validate_conn(conn)
  File "/usr/lib/python_udf/7572a8db11e712fed6beb756e6c14cdfd320d48237f422b7a5b1ae764f1db134/lib/python3.11/site-packages/urllib3/connectionpool.py", line 1093, in _validate_conn
    conn.connect()
  File "/usr/lib/python_udf/7572a8db11e712fed6beb756e6c14cdfd320d48237f422b7a5b1ae764f1db134/lib/python3.11/site-packages/urllib3/connection.py", line 704, in connect
    self.sock = sock = self._new_conn()
                       ^^^^^^^^^^^^^^^^
  File "/usr/lib/python_udf/7572a8db11e712fed6beb756e6c14cdfd320d48237f422b7a5b1ae764f1db134/lib/python3.11/site-packages/urllib3/connection.py", line 213, in _new_conn
    raise NewConnectionError(
urllib3.exceptions.NewConnectionError: <urllib3.connection.HTTPSConnection object at 0xf7b9bd89ad10>: Failed to establish a new connection: [Errno 16] Device or resource busy

The above exception was the direct cause of the following exception:

Traceback (most recent call last):
  File "/usr/lib/python_udf/7572a8db11e712fed6beb756e6c14cdfd320d48237f422b7a5b1ae764f1db134/lib/python3.11/site-packages/requests/adapters.py", line 667, in send
    resp = conn.urlopen(
           ^^^^^^^^^^^^^
  File "/usr/lib/python_udf/7572a8db11e712fed6beb756e6c14cdfd320d48237f422b7a5b1ae764f1db134/lib/python3.11/site-packages/urllib3/connectionpool.py", line 841, in urlopen
    retries = retries.increment(
              ^^^^^^^^^^^^^^^^^^
  File "/usr/lib/python_udf/7572a8db11e712fed6beb756e6c14cdfd320d48237f422b7a5b1ae764f1db134/lib/python3.11/site-packages/urllib3/util/retry.py", line 519, in increment
    raise MaxRetryError(_pool, url, reason) from reason  # type: ignore[arg-type]
    ^^^^^^^^^^^^^^^^^^^^^^^^^^^^^^^^^^^^^^^^^^^^^^^^^^^
urllib3.exceptions.MaxRetryError: HTTPSConnectionPool(host='hub.getdbt.com', port=443): Max retries exceeded with url: /api/v1/index.json (Caused by NewConnectionError('<urllib3.connection.HTTPSConnection object at 0xf7b9bd89ad10>: Failed to establish a new connection: [Errno 16] Device or resource busy'))

During handling of the above exception, another exception occurred:

Traceback (most recent call last):
  File "/usr/lib/python_udf/7572a8db11e712fed6beb756e6c14cdfd320d48237f422b7a5b1ae764f1db134/lib/python3.11/site-packages/dbt_common/utils/connection.py", line 21, in connection_exception_retry
    return fn()
           ^^^^
  File "/usr/lib/python_udf/7572a8db11e712fed6beb756e6c14cdfd320d48237f422b7a5b1ae764f1db134/lib/python3.11/site-packages/dbt/clients/registry.py", line 168, in _get_index
    resp = requests.get(url, timeout=30)
           ^^^^^^^^^^^^^^^^^^^^^^^^^^^^^
  File "/usr/lib/python_udf/7572a8db11e712fed6beb756e6c14cdfd320d48237f422b7a5b1ae764f1db134/lib/python3.11/site-packages/requests/api.py", line 73, in get
    return request("get", url, params=params, **kwargs)
           ^^^^^^^^^^^^^^^^^^^^^^^^^^^^^^^^^^^^^^^^^^^^
  File "/usr/lib/python_udf/7572a8db11e712fed6beb756e6c14cdfd320d48237f422b7a5b1ae764f1db134/lib/python3.11/site-packages/requests/api.py", line 59, in request
    return session.request(method=method, url=url, **kwargs)
           ^^^^^^^^^^^^^^^^^^^^^^^^^^^^^^^^^^^^^^^^^^^^^^^^^
  File "/usr/lib/python_udf/7572a8db11e712fed6beb756e6c14cdfd320d48237f422b7a5b1ae764f1db134/lib/python3.11/site-packages/requests/sessions.py", line 589, in request
    resp = self.send(prep, **send_kwargs)
           ^^^^^^^^^^^^^^^^^^^^^^^^^^^^^^
  File "/usr/lib/python_udf/7572a8db11e712fed6beb756e6c14cdfd320d48237f422b7a5b1ae764f1db134/lib/python3.11/site-packages/requests/sessions.py", line 703, in send
    r = adapter.send(request, **kwargs)
        ^^^^^^^^^^^^^^^^^^^^^^^^^^^^^^^
  File "/usr/lib/python_udf/7572a8db11e712fed6beb756e6c14cdfd320d48237f422b7a5b1ae764f1db134/lib/python3.11/site-packages/requests/adapters.py", line 700, in send
    raise ConnectionError(e, request=request)
requests.exceptions.ConnectionError: HTTPSConnectionPool(host='hub.getdbt.com', port=443): Max retries exceeded with url: /api/v1/index.json (Caused by NewConnectionError('<urllib3.connection.HTTPSConnection object at 0xf7b9bd89ad10>: Failed to establish a new connection: [Errno 16] Device or resource busy'))

During handling of the above exception, another exception occurred:

Traceback (most recent call last):
  File "/usr/lib/python_udf/7572a8db11e712fed6beb756e6c14cdfd320d48237f422b7a5b1ae764f1db134/lib/python3.11/site-packages/urllib3/connection.py", line 198, in _new_conn
    sock = connection.create_connection(
           ^^^^^^^^^^^^^^^^^^^^^^^^^^^^^
  File "/usr/lib/python_udf/7572a8db11e712fed6beb756e6c14cdfd320d48237f422b7a5b1ae764f1db134/lib/python3.11/site-packages/urllib3/util/connection.py", line 60, in create_connection
    for res in socket.getaddrinfo(host, port, family, socket.SOCK_STREAM):
               ^^^^^^^^^^^^^^^^^^^^^^^^^^^^^^^^^^^^^^^^^^^^^^^^^^^^^^^^^^
  File "/usr/lib/python_udf/7572a8db11e712fed6beb756e6c14cdfd320d48237f422b7a5b1ae764f1db134/lib/python3.11/socket.py", line 974, in getaddrinfo
    for res in _socket.getaddrinfo(host, port, family, type, proto, flags):
               ^^^^^^^^^^^^^^^^^^^^^^^^^^^^^^^^^^^^^^^^^^^^^^^^^^^^^^^^^^^
OSError: [Errno 16] Device or resource busy

The above exception was the direct cause of the following exception:

Traceback (most recent call last):
  File "/usr/lib/python_udf/7572a8db11e712fed6beb756e6c14cdfd320d48237f422b7a5b1ae764f1db134/lib/python3.11/site-packages/urllib3/connectionpool.py", line 787, in urlopen
    response = self._make_request(
               ^^^^^^^^^^^^^^^^^^^
  File "/usr/lib/python_udf/7572a8db11e712fed6beb756e6c14cdfd320d48237f422b7a5b1ae764f1db134/lib/python3.11/site-packages/urllib3/connectionpool.py", line 488, in _make_request
    raise new_e
  File "/usr/lib/python_udf/7572a8db11e712fed6beb756e6c14cdfd320d48237f422b7a5b1ae764f1db134/lib/python3.11/site-packages/urllib3/connectionpool.py", line 464, in _make_request
    self._validate_conn(conn)
  File "/usr/lib/python_udf/7572a8db11e712fed6beb756e6c14cdfd320d48237f422b7a5b1ae764f1db134/lib/python3.11/site-packages/urllib3/connectionpool.py", line 1093, in _validate_conn
    conn.connect()
  File "/usr/lib/python_udf/7572a8db11e712fed6beb756e6c14cdfd320d48237f422b7a5b1ae764f1db134/lib/python3.11/site-packages/urllib3/connection.py", line 704, in connect
    self.sock = sock = self._new_conn()
                       ^^^^^^^^^^^^^^^^
  File "/usr/lib/python_udf/7572a8db11e712fed6beb756e6c14cdfd320d48237f422b7a5b1ae764f1db134/lib/python3.11/site-packages/urllib3/connection.py", line 213, in _new_conn
    raise NewConnectionError(
urllib3.exceptions.NewConnectionError: <urllib3.connection.HTTPSConnection object at 0xf7b9bd8acf50>: Failed to establish a new connection: [Errno 16] Device or resource busy

The above exception was the direct cause of the following exception:

Traceback (most recent call last):
  File "/usr/lib/python_udf/7572a8db11e712fed6beb756e6c14cdfd320d48237f422b7a5b1ae764f1db134/lib/python3.11/site-packages/requests/adapters.py", line 667, in send
    resp = conn.urlopen(
           ^^^^^^^^^^^^^
  File "/usr/lib/python_udf/7572a8db11e712fed6beb756e6c14cdfd320d48237f422b7a5b1ae764f1db134/lib/python3.11/site-packages/urllib3/connectionpool.py", line 841, in urlopen
    retries = retries.increment(
              ^^^^^^^^^^^^^^^^^^
  File "/usr/lib/python_udf/7572a8db11e712fed6beb756e6c14cdfd320d48237f422b7a5b1ae764f1db134/lib/python3.11/site-packages/urllib3/util/retry.py", line 519, in increment
    raise MaxRetryError(_pool, url, reason) from reason  # type: ignore[arg-type]
    ^^^^^^^^^^^^^^^^^^^^^^^^^^^^^^^^^^^^^^^^^^^^^^^^^^^
urllib3.exceptions.MaxRetryError: HTTPSConnectionPool(host='hub.getdbt.com', port=443): Max retries exceeded with url: /api/v1/index.json (Caused by NewConnectionError('<urllib3.connection.HTTPSConnection object at 0xf7b9bd8acf50>: Failed to establish a new connection: [Errno 16] Device or resource busy'))

During handling of the above exception, another exception occurred:

Traceback (most recent call last):
  File "/usr/lib/python_udf/7572a8db11e712fed6beb756e6c14cdfd320d48237f422b7a5b1ae764f1db134/lib/python3.11/site-packages/dbt_common/utils/connection.py", line 21, in connection_exception_retry
    return fn()
           ^^^^
  File "/usr/lib/python_udf/7572a8db11e712fed6beb756e6c14cdfd320d48237f422b7a5b1ae764f1db134/lib/python3.11/site-packages/dbt/clients/registry.py", line 168, in _get_index
    resp = requests.get(url, timeout=30)
           ^^^^^^^^^^^^^^^^^^^^^^^^^^^^^
  File "/usr/lib/python_udf/7572a8db11e712fed6beb756e6c14cdfd320d48237f422b7a5b1ae764f1db134/lib/python3.11/site-packages/requests/api.py", line 73, in get
    return request("get", url, params=params, **kwargs)
           ^^^^^^^^^^^^^^^^^^^^^^^^^^^^^^^^^^^^^^^^^^^^
  File "/usr/lib/python_udf/7572a8db11e712fed6beb756e6c14cdfd320d48237f422b7a5b1ae764f1db134/lib/python3.11/site-packages/requests/api.py", line 59, in request
    return session.request(method=method, url=url, **kwargs)
           ^^^^^^^^^^^^^^^^^^^^^^^^^^^^^^^^^^^^^^^^^^^^^^^^^
  File "/usr/lib/python_udf/7572a8db11e712fed6beb756e6c14cdfd320d48237f422b7a5b1ae764f1db134/lib/python3.11/site-packages/requests/sessions.py", line 589, in request
    resp = self.send(prep, **send_kwargs)
           ^^^^^^^^^^^^^^^^^^^^^^^^^^^^^^
  File "/usr/lib/python_udf/7572a8db11e712fed6beb756e6c14cdfd320d48237f422b7a5b1ae764f1db134/lib/python3.11/site-packages/requests/sessions.py", line 703, in send
    r = adapter.send(request, **kwargs)
        ^^^^^^^^^^^^^^^^^^^^^^^^^^^^^^^
  File "/usr/lib/python_udf/7572a8db11e712fed6beb756e6c14cdfd320d48237f422b7a5b1ae764f1db134/lib/python3.11/site-packages/requests/adapters.py", line 700, in send
    raise ConnectionError(e, request=request)
requests.exceptions.ConnectionError: HTTPSConnectionPool(host='hub.getdbt.com', port=443): Max retries exceeded with url: /api/v1/index.json (Caused by NewConnectionError('<urllib3.connection.HTTPSConnection object at 0xf7b9bd8acf50>: Failed to establish a new connection: [Errno 16] Device or resource busy'))

During handling of the above exception, another exception occurred:

Traceback (most recent call last):
  File "/usr/lib/python_udf/7572a8db11e712fed6beb756e6c14cdfd320d48237f422b7a5b1ae764f1db134/lib/python3.11/site-packages/urllib3/connection.py", line 198, in _new_conn
    sock = connection.create_connection(
           ^^^^^^^^^^^^^^^^^^^^^^^^^^^^^
  File "/usr/lib/python_udf/7572a8db11e712fed6beb756e6c14cdfd320d48237f422b7a5b1ae764f1db134/lib/python3.11/site-packages/urllib3/util/connection.py", line 60, in create_connection
    for res in socket.getaddrinfo(host, port, family, socket.SOCK_STREAM):
               ^^^^^^^^^^^^^^^^^^^^^^^^^^^^^^^^^^^^^^^^^^^^^^^^^^^^^^^^^^
  File "/usr/lib/python_udf/7572a8db11e712fed6beb756e6c14cdfd320d48237f422b7a5b1ae764f1db134/lib/python3.11/socket.py", line 974, in getaddrinfo
    for res in _socket.getaddrinfo(host, port, family, type, proto, flags):
               ^^^^^^^^^^^^^^^^^^^^^^^^^^^^^^^^^^^^^^^^^^^^^^^^^^^^^^^^^^^
OSError: [Errno 16] Device or resource busy

The above exception was the direct cause of the following exception:

Traceback (most recent call last):
  File "/usr/lib/python_udf/7572a8db11e712fed6beb756e6c14cdfd320d48237f422b7a5b1ae764f1db134/lib/python3.11/site-packages/urllib3/connectionpool.py", line 787, in urlopen
    response = self._make_request(
               ^^^^^^^^^^^^^^^^^^^
  File "/usr/lib/python_udf/7572a8db11e712fed6beb756e6c14cdfd320d48237f422b7a5b1ae764f1db134/lib/python3.11/site-packages/urllib3/connectionpool.py", line 488, in _make_request
    raise new_e
  File "/usr/lib/python_udf/7572a8db11e712fed6beb756e6c14cdfd320d48237f422b7a5b1ae764f1db134/lib/python3.11/site-packages/urllib3/connectionpool.py", line 464, in _make_request
    self._validate_conn(conn)
  File "/usr/lib/python_udf/7572a8db11e712fed6beb756e6c14cdfd320d48237f422b7a5b1ae764f1db134/lib/python3.11/site-packages/urllib3/connectionpool.py", line 1093, in _validate_conn
    conn.connect()
  File "/usr/lib/python_udf/7572a8db11e712fed6beb756e6c14cdfd320d48237f422b7a5b1ae764f1db134/lib/python3.11/site-packages/urllib3/connection.py", line 704, in connect
    self.sock = sock = self._new_conn()
                       ^^^^^^^^^^^^^^^^
  File "/usr/lib/python_udf/7572a8db11e712fed6beb756e6c14cdfd320d48237f422b7a5b1ae764f1db134/lib/python3.11/site-packages/urllib3/connection.py", line 213, in _new_conn
    raise NewConnectionError(
urllib3.exceptions.NewConnectionError: <urllib3.connection.HTTPSConnection object at 0xf7b9bd8aed90>: Failed to establish a new connection: [Errno 16] Device or resource busy

The above exception was the direct cause of the following exception:

Traceback (most recent call last):
  File "/usr/lib/python_udf/7572a8db11e712fed6beb756e6c14cdfd320d48237f422b7a5b1ae764f1db134/lib/python3.11/site-packages/requests/adapters.py", line 667, in send
    resp = conn.urlopen(
           ^^^^^^^^^^^^^
  File "/usr/lib/python_udf/7572a8db11e712fed6beb756e6c14cdfd320d48237f422b7a5b1ae764f1db134/lib/python3.11/site-packages/urllib3/connectionpool.py", line 841, in urlopen
    retries = retries.increment(
              ^^^^^^^^^^^^^^^^^^
  File "/usr/lib/python_udf/7572a8db11e712fed6beb756e6c14cdfd320d48237f422b7a5b1ae764f1db134/lib/python3.11/site-packages/urllib3/util/retry.py", line 519, in increment
    raise MaxRetryError(_pool, url, reason) from reason  # type: ignore[arg-type]
    ^^^^^^^^^^^^^^^^^^^^^^^^^^^^^^^^^^^^^^^^^^^^^^^^^^^
urllib3.exceptions.MaxRetryError: HTTPSConnectionPool(host='hub.getdbt.com', port=443): Max retries exceeded with url: /api/v1/index.json (Caused by NewConnectionError('<urllib3.connection.HTTPSConnection object at 0xf7b9bd8aed90>: Failed to establish a new connection: [Errno 16] Device or resource busy'))

During handling of the above exception, another exception occurred:

Traceback (most recent call last):
  File "/usr/lib/python_udf/7572a8db11e712fed6beb756e6c14cdfd320d48237f422b7a5b1ae764f1db134/lib/python3.11/site-packages/dbt_common/utils/connection.py", line 21, in connection_exception_retry
    return fn()
           ^^^^
  File "/usr/lib/python_udf/7572a8db11e712fed6beb756e6c14cdfd320d48237f422b7a5b1ae764f1db134/lib/python3.11/site-packages/dbt/clients/registry.py", line 168, in _get_index
    resp = requests.get(url, timeout=30)
           ^^^^^^^^^^^^^^^^^^^^^^^^^^^^^
  File "/usr/lib/python_udf/7572a8db11e712fed6beb756e6c14cdfd320d48237f422b7a5b1ae764f1db134/lib/python3.11/site-packages/requests/api.py", line 73, in get
    return request("get", url, params=params, **kwargs)
           ^^^^^^^^^^^^^^^^^^^^^^^^^^^^^^^^^^^^^^^^^^^^
  File "/usr/lib/python_udf/7572a8db11e712fed6beb756e6c14cdfd320d48237f422b7a5b1ae764f1db134/lib/python3.11/site-packages/requests/api.py", line 59, in request
    return session.request(method=method, url=url, **kwargs)
           ^^^^^^^^^^^^^^^^^^^^^^^^^^^^^^^^^^^^^^^^^^^^^^^^^
  File "/usr/lib/python_udf/7572a8db11e712fed6beb756e6c14cdfd320d48237f422b7a5b1ae764f1db134/lib/python3.11/site-packages/requests/sessions.py", line 589, in request
    resp = self.send(prep, **send_kwargs)
           ^^^^^^^^^^^^^^^^^^^^^^^^^^^^^^
  File "/usr/lib/python_udf/7572a8db11e712fed6beb756e6c14cdfd320d48237f422b7a5b1ae764f1db134/lib/python3.11/site-packages/requests/sessions.py", line 703, in send
    r = adapter.send(request, **kwargs)
        ^^^^^^^^^^^^^^^^^^^^^^^^^^^^^^^
  File "/usr/lib/python_udf/7572a8db11e712fed6beb756e6c14cdfd320d48237f422b7a5b1ae764f1db134/lib/python3.11/site-packages/requests/adapters.py", line 700, in send
    raise ConnectionError(e, request=request)
requests.exceptions.ConnectionError: HTTPSConnectionPool(host='hub.getdbt.com', port=443): Max retries exceeded with url: /api/v1/index.json (Caused by NewConnectionError('<urllib3.connection.HTTPSConnection object at 0xf7b9bd8aed90>: Failed to establish a new connection: [Errno 16] Device or resource busy'))

During handling of the above exception, another exception occurred:

Traceback (most recent call last):
  File "/usr/lib/python_udf/7572a8db11e712fed6beb756e6c14cdfd320d48237f422b7a5b1ae764f1db134/lib/python3.11/site-packages/urllib3/connection.py", line 198, in _new_conn
    sock = connection.create_connection(
           ^^^^^^^^^^^^^^^^^^^^^^^^^^^^^
  File "/usr/lib/python_udf/7572a8db11e712fed6beb756e6c14cdfd320d48237f422b7a5b1ae764f1db134/lib/python3.11/site-packages/urllib3/util/connection.py", line 60, in create_connection
    for res in socket.getaddrinfo(host, port, family, socket.SOCK_STREAM):
               ^^^^^^^^^^^^^^^^^^^^^^^^^^^^^^^^^^^^^^^^^^^^^^^^^^^^^^^^^^
  File "/usr/lib/python_udf/7572a8db11e712fed6beb756e6c14cdfd320d48237f422b7a5b1ae764f1db134/lib/python3.11/socket.py", line 974, in getaddrinfo
    for res in _socket.getaddrinfo(host, port, family, type, proto, flags):
               ^^^^^^^^^^^^^^^^^^^^^^^^^^^^^^^^^^^^^^^^^^^^^^^^^^^^^^^^^^^
OSError: [Errno 16] Device or resource busy

The above exception was the direct cause of the following exception:

Traceback (most recent call last):
  File "/usr/lib/python_udf/7572a8db11e712fed6beb756e6c14cdfd320d48237f422b7a5b1ae764f1db134/lib/python3.11/site-packages/urllib3/connectionpool.py", line 787, in urlopen
    response = self._make_request(
               ^^^^^^^^^^^^^^^^^^^
  File "/usr/lib/python_udf/7572a8db11e712fed6beb756e6c14cdfd320d48237f422b7a5b1ae764f1db134/lib/python3.11/site-packages/urllib3/connectionpool.py", line 488, in _make_request
    raise new_e
  File "/usr/lib/python_udf/7572a8db11e712fed6beb756e6c14cdfd320d48237f422b7a5b1ae764f1db134/lib/python3.11/site-packages/urllib3/connectionpool.py", line 464, in _make_request
    self._validate_conn(conn)
  File "/usr/lib/python_udf/7572a8db11e712fed6beb756e6c14cdfd320d48237f422b7a5b1ae764f1db134/lib/python3.11/site-packages/urllib3/connectionpool.py", line 1093, in _validate_conn
    conn.connect()
  File "/usr/lib/python_udf/7572a8db11e712fed6beb756e6c14cdfd320d48237f422b7a5b1ae764f1db134/lib/python3.11/site-packages/urllib3/connection.py", line 704, in connect
    self.sock = sock = self._new_conn()
                       ^^^^^^^^^^^^^^^^
  File "/usr/lib/python_udf/7572a8db11e712fed6beb756e6c14cdfd320d48237f422b7a5b1ae764f1db134/lib/python3.11/site-packages/urllib3/connection.py", line 213, in _new_conn
    raise NewConnectionError(
urllib3.exceptions.NewConnectionError: <urllib3.connection.HTTPSConnection object at 0xf7b9bd8bcc10>: Failed to establish a new connection: [Errno 16] Device or resource busy

The above exception was the direct cause of the following exception:

Traceback (most recent call last):
  File "/usr/lib/python_udf/7572a8db11e712fed6beb756e6c14cdfd320d48237f422b7a5b1ae764f1db134/lib/python3.11/site-packages/requests/adapters.py", line 667, in send
    resp = conn.urlopen(
           ^^^^^^^^^^^^^
  File "/usr/lib/python_udf/7572a8db11e712fed6beb756e6c14cdfd320d48237f422b7a5b1ae764f1db134/lib/python3.11/site-packages/urllib3/connectionpool.py", line 841, in urlopen
    retries = retries.increment(
              ^^^^^^^^^^^^^^^^^^
  File "/usr/lib/python_udf/7572a8db11e712fed6beb756e6c14cdfd320d48237f422b7a5b1ae764f1db134/lib/python3.11/site-packages/urllib3/util/retry.py", line 519, in increment
    raise MaxRetryError(_pool, url, reason) from reason  # type: ignore[arg-type]
    ^^^^^^^^^^^^^^^^^^^^^^^^^^^^^^^^^^^^^^^^^^^^^^^^^^^
urllib3.exceptions.MaxRetryError: HTTPSConnectionPool(host='hub.getdbt.com', port=443): Max retries exceeded with url: /api/v1/index.json (Caused by NewConnectionError('<urllib3.connection.HTTPSConnection object at 0xf7b9bd8bcc10>: Failed to establish a new connection: [Errno 16] Device or resource busy'))

During handling of the above exception, another exception occurred:

Traceback (most recent call last):
  File "/usr/lib/python_udf/7572a8db11e712fed6beb756e6c14cdfd320d48237f422b7a5b1ae764f1db134/lib/python3.11/site-packages/dbt_common/utils/connection.py", line 21, in connection_exception_retry
    return fn()
           ^^^^
  File "/usr/lib/python_udf/7572a8db11e712fed6beb756e6c14cdfd320d48237f422b7a5b1ae764f1db134/lib/python3.11/site-packages/dbt/clients/registry.py", line 168, in _get_index
    resp = requests.get(url, timeout=30)
           ^^^^^^^^^^^^^^^^^^^^^^^^^^^^^
  File "/usr/lib/python_udf/7572a8db11e712fed6beb756e6c14cdfd320d48237f422b7a5b1ae764f1db134/lib/python3.11/site-packages/requests/api.py", line 73, in get
    return request("get", url, params=params, **kwargs)
           ^^^^^^^^^^^^^^^^^^^^^^^^^^^^^^^^^^^^^^^^^^^^
  File "/usr/lib/python_udf/7572a8db11e712fed6beb756e6c14cdfd320d48237f422b7a5b1ae764f1db134/lib/python3.11/site-packages/requests/api.py", line 59, in request
    return session.request(method=method, url=url, **kwargs)
           ^^^^^^^^^^^^^^^^^^^^^^^^^^^^^^^^^^^^^^^^^^^^^^^^^
  File "/usr/lib/python_udf/7572a8db11e712fed6beb756e6c14cdfd320d48237f422b7a5b1ae764f1db134/lib/python3.11/site-packages/requests/sessions.py", line 589, in request
    resp = self.send(prep, **send_kwargs)
           ^^^^^^^^^^^^^^^^^^^^^^^^^^^^^^
  File "/usr/lib/python_udf/7572a8db11e712fed6beb756e6c14cdfd320d48237f422b7a5b1ae764f1db134/lib/python3.11/site-packages/requests/sessions.py", line 703, in send
    r = adapter.send(request, **kwargs)
        ^^^^^^^^^^^^^^^^^^^^^^^^^^^^^^^
  File "/usr/lib/python_udf/7572a8db11e712fed6beb756e6c14cdfd320d48237f422b7a5b1ae764f1db134/lib/python3.11/site-packages/requests/adapters.py", line 700, in send
    raise ConnectionError(e, request=request)
requests.exceptions.ConnectionError: HTTPSConnectionPool(host='hub.getdbt.com', port=443): Max retries exceeded with url: /api/v1/index.json (Caused by NewConnectionError('<urllib3.connection.HTTPSConnection object at 0xf7b9bd8bcc10>: Failed to establish a new connection: [Errno 16] Device or resource busy'))

During handling of the above exception, another exception occurred:

Traceback (most recent call last):
  File "/usr/lib/python_udf/7572a8db11e712fed6beb756e6c14cdfd320d48237f422b7a5b1ae764f1db134/lib/python3.11/site-packages/urllib3/connection.py", line 198, in _new_conn
    sock = connection.create_connection(
           ^^^^^^^^^^^^^^^^^^^^^^^^^^^^^
  File "/usr/lib/python_udf/7572a8db11e712fed6beb756e6c14cdfd320d48237f422b7a5b1ae764f1db134/lib/python3.11/site-packages/urllib3/util/connection.py", line 60, in create_connection
    for res in socket.getaddrinfo(host, port, family, socket.SOCK_STREAM):
               ^^^^^^^^^^^^^^^^^^^^^^^^^^^^^^^^^^^^^^^^^^^^^^^^^^^^^^^^^^
  File "/usr/lib/python_udf/7572a8db11e712fed6beb756e6c14cdfd320d48237f422b7a5b1ae764f1db134/lib/python3.11/socket.py", line 974, in getaddrinfo
    for res in _socket.getaddrinfo(host, port, family, type, proto, flags):
               ^^^^^^^^^^^^^^^^^^^^^^^^^^^^^^^^^^^^^^^^^^^^^^^^^^^^^^^^^^^
OSError: [Errno 16] Device or resource busy

The above exception was the direct cause of the following exception:

Traceback (most recent call last):
  File "/usr/lib/python_udf/7572a8db11e712fed6beb756e6c14cdfd320d48237f422b7a5b1ae764f1db134/lib/python3.11/site-packages/urllib3/connectionpool.py", line 787, in urlopen
    response = self._make_request(
               ^^^^^^^^^^^^^^^^^^^
  File "/usr/lib/python_udf/7572a8db11e712fed6beb756e6c14cdfd320d48237f422b7a5b1ae764f1db134/lib/python3.11/site-packages/urllib3/connectionpool.py", line 488, in _make_request
    raise new_e
  File "/usr/lib/python_udf/7572a8db11e712fed6beb756e6c14cdfd320d48237f422b7a5b1ae764f1db134/lib/python3.11/site-packages/urllib3/connectionpool.py", line 464, in _make_request
    self._validate_conn(conn)
  File "/usr/lib/python_udf/7572a8db11e712fed6beb756e6c14cdfd320d48237f422b7a5b1ae764f1db134/lib/python3.11/site-packages/urllib3/connectionpool.py", line 1093, in _validate_conn
    conn.connect()
  File "/usr/lib/python_udf/7572a8db11e712fed6beb756e6c14cdfd320d48237f422b7a5b1ae764f1db134/lib/python3.11/site-packages/urllib3/connection.py", line 704, in connect
    self.sock = sock = self._new_conn()
                       ^^^^^^^^^^^^^^^^
  File "/usr/lib/python_udf/7572a8db11e712fed6beb756e6c14cdfd320d48237f422b7a5b1ae764f1db134/lib/python3.11/site-packages/urllib3/connection.py", line 213, in _new_conn
    raise NewConnectionError(
urllib3.exceptions.NewConnectionError: <urllib3.connection.HTTPSConnection object at 0xf7b9bd8bea10>: Failed to establish a new connection: [Errno 16] Device or resource busy

The above exception was the direct cause of the following exception:

Traceback (most recent call last):
  File "/usr/lib/python_udf/7572a8db11e712fed6beb756e6c14cdfd320d48237f422b7a5b1ae764f1db134/lib/python3.11/site-packages/requests/adapters.py", line 667, in send
    resp = conn.urlopen(
           ^^^^^^^^^^^^^
  File "/usr/lib/python_udf/7572a8db11e712fed6beb756e6c14cdfd320d48237f422b7a5b1ae764f1db134/lib/python3.11/site-packages/urllib3/connectionpool.py", line 841, in urlopen
    retries = retries.increment(
              ^^^^^^^^^^^^^^^^^^
  File "/usr/lib/python_udf/7572a8db11e712fed6beb756e6c14cdfd320d48237f422b7a5b1ae764f1db134/lib/python3.11/site-packages/urllib3/util/retry.py", line 519, in increment
    raise MaxRetryError(_pool, url, reason) from reason  # type: ignore[arg-type]
    ^^^^^^^^^^^^^^^^^^^^^^^^^^^^^^^^^^^^^^^^^^^^^^^^^^^
urllib3.exceptions.MaxRetryError: HTTPSConnectionPool(host='hub.getdbt.com', port=443): Max retries exceeded with url: /api/v1/index.json (Caused by NewConnectionError('<urllib3.connection.HTTPSConnection object at 0xf7b9bd8bea10>: Failed to establish a new connection: [Errno 16] Device or resource busy'))

During handling of the above exception, another exception occurred:

Traceback (most recent call last):
  File "/usr/lib/python_udf/7572a8db11e712fed6beb756e6c14cdfd320d48237f422b7a5b1ae764f1db134/lib/python3.11/site-packages/dbt_common/utils/connection.py", line 21, in connection_exception_retry
    return fn()
           ^^^^
  File "/usr/lib/python_udf/7572a8db11e712fed6beb756e6c14cdfd320d48237f422b7a5b1ae764f1db134/lib/python3.11/site-packages/dbt/clients/registry.py", line 168, in _get_index
    resp = requests.get(url, timeout=30)
           ^^^^^^^^^^^^^^^^^^^^^^^^^^^^^
  File "/usr/lib/python_udf/7572a8db11e712fed6beb756e6c14cdfd320d48237f422b7a5b1ae764f1db134/lib/python3.11/site-packages/requests/api.py", line 73, in get
    return request("get", url, params=params, **kwargs)
           ^^^^^^^^^^^^^^^^^^^^^^^^^^^^^^^^^^^^^^^^^^^^
  File "/usr/lib/python_udf/7572a8db11e712fed6beb756e6c14cdfd320d48237f422b7a5b1ae764f1db134/lib/python3.11/site-packages/requests/api.py", line 59, in request
    return session.request(method=method, url=url, **kwargs)
           ^^^^^^^^^^^^^^^^^^^^^^^^^^^^^^^^^^^^^^^^^^^^^^^^^
  File "/usr/lib/python_udf/7572a8db11e712fed6beb756e6c14cdfd320d48237f422b7a5b1ae764f1db134/lib/python3.11/site-packages/requests/sessions.py", line 589, in request
    resp = self.send(prep, **send_kwargs)
           ^^^^^^^^^^^^^^^^^^^^^^^^^^^^^^
  File "/usr/lib/python_udf/7572a8db11e712fed6beb756e6c14cdfd320d48237f422b7a5b1ae764f1db134/lib/python3.11/site-packages/requests/sessions.py", line 703, in send
    r = adapter.send(request, **kwargs)
        ^^^^^^^^^^^^^^^^^^^^^^^^^^^^^^^
  File "/usr/lib/python_udf/7572a8db11e712fed6beb756e6c14cdfd320d48237f422b7a5b1ae764f1db134/lib/python3.11/site-packages/requests/adapters.py", line 700, in send
    raise ConnectionError(e, request=request)
requests.exceptions.ConnectionError: HTTPSConnectionPool(host='hub.getdbt.com', port=443): Max retries exceeded with url: /api/v1/index.json (Caused by NewConnectionError('<urllib3.connection.HTTPSConnection object at 0xf7b9bd8bea10>: Failed to establish a new connection: [Errno 16] Device or resource busy'))

During handling of the above exception, another exception occurred:

Traceback (most recent call last):
  File "/usr/lib/python_udf/7572a8db11e712fed6beb756e6c14cdfd320d48237f422b7a5b1ae764f1db134/lib/python3.11/site-packages/urllib3/connection.py", line 198, in _new_conn
    sock = connection.create_connection(
           ^^^^^^^^^^^^^^^^^^^^^^^^^^^^^
  File "/usr/lib/python_udf/7572a8db11e712fed6beb756e6c14cdfd320d48237f422b7a5b1ae764f1db134/lib/python3.11/site-packages/urllib3/util/connection.py", line 60, in create_connection
    for res in socket.getaddrinfo(host, port, family, socket.SOCK_STREAM):
               ^^^^^^^^^^^^^^^^^^^^^^^^^^^^^^^^^^^^^^^^^^^^^^^^^^^^^^^^^^
  File "/usr/lib/python_udf/7572a8db11e712fed6beb756e6c14cdfd320d48237f422b7a5b1ae764f1db134/lib/python3.11/socket.py", line 974, in getaddrinfo
    for res in _socket.getaddrinfo(host, port, family, type, proto, flags):
               ^^^^^^^^^^^^^^^^^^^^^^^^^^^^^^^^^^^^^^^^^^^^^^^^^^^^^^^^^^^
OSError: [Errno 16] Device or resource busy

The above exception was the direct cause of the following exception:

Traceback (most recent call last):
  File "/usr/lib/python_udf/7572a8db11e712fed6beb756e6c14cdfd320d48237f422b7a5b1ae764f1db134/lib/python3.11/site-packages/urllib3/connectionpool.py", line 787, in urlopen
    response = self._make_request(
               ^^^^^^^^^^^^^^^^^^^
  File "/usr/lib/python_udf/7572a8db11e712fed6beb756e6c14cdfd320d48237f422b7a5b1ae764f1db134/lib/python3.11/site-packages/urllib3/connectionpool.py", line 488, in _make_request
    raise new_e
  File "/usr/lib/python_udf/7572a8db11e712fed6beb756e6c14cdfd320d48237f422b7a5b1ae764f1db134/lib/python3.11/site-packages/urllib3/connectionpool.py", line 464, in _make_request
    self._validate_conn(conn)
  File "/usr/lib/python_udf/7572a8db11e712fed6beb756e6c14cdfd320d48237f422b7a5b1ae764f1db134/lib/python3.11/site-packages/urllib3/connectionpool.py", line 1093, in _validate_conn
    conn.connect()
  File "/usr/lib/python_udf/7572a8db11e712fed6beb756e6c14cdfd320d48237f422b7a5b1ae764f1db134/lib/python3.11/site-packages/urllib3/connection.py", line 704, in connect
    self.sock = sock = self._new_conn()
                       ^^^^^^^^^^^^^^^^
  File "/usr/lib/python_udf/7572a8db11e712fed6beb756e6c14cdfd320d48237f422b7a5b1ae764f1db134/lib/python3.11/site-packages/urllib3/connection.py", line 213, in _new_conn
    raise NewConnectionError(
urllib3.exceptions.NewConnectionError: <urllib3.connection.HTTPSConnection object at 0xf7b9bd8d0910>: Failed to establish a new connection: [Errno 16] Device or resource busy

The above exception was the direct cause of the following exception:

Traceback (most recent call last):
  File "/usr/lib/python_udf/7572a8db11e712fed6beb756e6c14cdfd320d48237f422b7a5b1ae764f1db134/lib/python3.11/site-packages/requests/adapters.py", line 667, in send
    resp = conn.urlopen(
           ^^^^^^^^^^^^^
  File "/usr/lib/python_udf/7572a8db11e712fed6beb756e6c14cdfd320d48237f422b7a5b1ae764f1db134/lib/python3.11/site-packages/urllib3/connectionpool.py", line 841, in urlopen
    retries = retries.increment(
              ^^^^^^^^^^^^^^^^^^
  File "/usr/lib/python_udf/7572a8db11e712fed6beb756e6c14cdfd320d48237f422b7a5b1ae764f1db134/lib/python3.11/site-packages/urllib3/util/retry.py", line 519, in increment
    raise MaxRetryError(_pool, url, reason) from reason  # type: ignore[arg-type]
    ^^^^^^^^^^^^^^^^^^^^^^^^^^^^^^^^^^^^^^^^^^^^^^^^^^^
urllib3.exceptions.MaxRetryError: HTTPSConnectionPool(host='hub.getdbt.com', port=443): Max retries exceeded with url: /api/v1/index.json (Caused by NewConnectionError('<urllib3.connection.HTTPSConnection object at 0xf7b9bd8d0910>: Failed to establish a new connection: [Errno 16] Device or resource busy'))

During handling of the above exception, another exception occurred:

Traceback (most recent call last):
  File "/usr/lib/python_udf/7572a8db11e712fed6beb756e6c14cdfd320d48237f422b7a5b1ae764f1db134/lib/python3.11/site-packages/dbt_common/utils/connection.py", line 21, in connection_exception_retry
    return fn()
           ^^^^
  File "/usr/lib/python_udf/7572a8db11e712fed6beb756e6c14cdfd320d48237f422b7a5b1ae764f1db134/lib/python3.11/site-packages/dbt/clients/registry.py", line 168, in _get_index
    resp = requests.get(url, timeout=30)
           ^^^^^^^^^^^^^^^^^^^^^^^^^^^^^
  File "/usr/lib/python_udf/7572a8db11e712fed6beb756e6c14cdfd320d48237f422b7a5b1ae764f1db134/lib/python3.11/site-packages/requests/api.py", line 73, in get
    return request("get", url, params=params, **kwargs)
           ^^^^^^^^^^^^^^^^^^^^^^^^^^^^^^^^^^^^^^^^^^^^
  File "/usr/lib/python_udf/7572a8db11e712fed6beb756e6c14cdfd320d48237f422b7a5b1ae764f1db134/lib/python3.11/site-packages/requests/api.py", line 59, in request
    return session.request(method=method, url=url, **kwargs)
           ^^^^^^^^^^^^^^^^^^^^^^^^^^^^^^^^^^^^^^^^^^^^^^^^^
  File "/usr/lib/python_udf/7572a8db11e712fed6beb756e6c14cdfd320d48237f422b7a5b1ae764f1db134/lib/python3.11/site-packages/requests/sessions.py", line 589, in request
    resp = self.send(prep, **send_kwargs)
           ^^^^^^^^^^^^^^^^^^^^^^^^^^^^^^
  File "/usr/lib/python_udf/7572a8db11e712fed6beb756e6c14cdfd320d48237f422b7a5b1ae764f1db134/lib/python3.11/site-packages/requests/sessions.py", line 703, in send
    r = adapter.send(request, **kwargs)
        ^^^^^^^^^^^^^^^^^^^^^^^^^^^^^^^
  File "/usr/lib/python_udf/7572a8db11e712fed6beb756e6c14cdfd320d48237f422b7a5b1ae764f1db134/lib/python3.11/site-packages/requests/adapters.py", line 700, in send
    raise ConnectionError(e, request=request)
requests.exceptions.ConnectionError: HTTPSConnectionPool(host='hub.getdbt.com', port=443): Max retries exceeded with url: /api/v1/index.json (Caused by NewConnectionError('<urllib3.connection.HTTPSConnection object at 0xf7b9bd8d0910>: Failed to establish a new connection: [Errno 16] Device or resource busy'))

During handling of the above exception, another exception occurred:

Traceback (most recent call last):
  File "/usr/lib/python_udf/7572a8db11e712fed6beb756e6c14cdfd320d48237f422b7a5b1ae764f1db134/lib/python3.11/site-packages/dbt/cli/requires.py", line 153, in wrapper
    result, success = func(*args, **kwargs)
                      ^^^^^^^^^^^^^^^^^^^^^
  File "/usr/lib/python_udf/7572a8db11e712fed6beb756e6c14cdfd320d48237f422b7a5b1ae764f1db134/lib/python3.11/site-packages/dbt/cli/requires.py", line 103, in wrapper
    return func(*args, **kwargs)
           ^^^^^^^^^^^^^^^^^^^^^
  File "/usr/lib/python_udf/7572a8db11e712fed6beb756e6c14cdfd320d48237f422b7a5b1ae764f1db134/lib/python3.11/site-packages/dbt/cli/requires.py", line 218, in wrapper
    return func(*args, **kwargs)
           ^^^^^^^^^^^^^^^^^^^^^
  File "/usr/lib/python_udf/7572a8db11e712fed6beb756e6c14cdfd320d48237f422b7a5b1ae764f1db134/lib/python3.11/site-packages/dbt/cli/requires.py", line 264, in wrapper
    return func(*args, **kwargs)
           ^^^^^^^^^^^^^^^^^^^^^
  File "/usr/lib/python_udf/7572a8db11e712fed6beb756e6c14cdfd320d48237f422b7a5b1ae764f1db134/lib/python3.11/site-packages/dbt/cli/main.py", line 455, in deps
    results = task.run()
              ^^^^^^^^^^
  File "/usr/lib/python_udf/7572a8db11e712fed6beb756e6c14cdfd320d48237f422b7a5b1ae764f1db134/lib/python3.11/site-packages/dbt/task/deps.py", line 211, in run
    self.lock()
  File "/usr/lib/python_udf/7572a8db11e712fed6beb756e6c14cdfd320d48237f422b7a5b1ae764f1db134/lib/python3.11/site-packages/dbt/task/deps.py", line 187, in lock
    resolved_deps = resolve_packages(packages, self.project, self.cli_vars)
                    ^^^^^^^^^^^^^^^^^^^^^^^^^^^^^^^^^^^^^^^^^^^^^^^^^^^^^^^
  File "/usr/lib/python_udf/7572a8db11e712fed6beb756e6c14cdfd320d48237f422b7a5b1ae764f1db134/lib/python3.11/site-packages/dbt/deps/resolver.py", line 131, in resolve_packages
    target = final[package].resolved().fetch_metadata(project, renderer)
             ^^^^^^^^^^^^^^^^^^^^^^^^^
  File "/usr/lib/python_udf/7572a8db11e712fed6beb756e6c14cdfd320d48237f422b7a5b1ae764f1db134/lib/python3.11/site-packages/dbt/deps/registry.py", line 98, in resolved
    self._check_in_index()
  File "/usr/lib/python_udf/7572a8db11e712fed6beb756e6c14cdfd320d48237f422b7a5b1ae764f1db134/lib/python3.11/site-packages/dbt/deps/registry.py", line 75, in _check_in_index
    index = registry.index_cached()
            ^^^^^^^^^^^^^^^^^^^^^^^
  File "/usr/lib/python_udf/7572a8db11e712fed6beb756e6c14cdfd320d48237f422b7a5b1ae764f1db134/lib/python3.11/site-packages/dbt/utils.py", line 127, in __call__
    value = self.func(*args)
            ^^^^^^^^^^^^^^^^
  File "/usr/lib/python_udf/7572a8db11e712fed6beb756e6c14cdfd320d48237f422b7a5b1ae764f1db134/lib/python3.11/site-packages/dbt/clients/registry.py", line 189, in index
    return connection_exception_retry(get_index_fn, 5)
           ^^^^^^^^^^^^^^^^^^^^^^^^^^^^^^^^^^^^^^^^^^^
  File "/usr/lib/python_udf/7572a8db11e712fed6beb756e6c14cdfd320d48237f422b7a5b1ae764f1db134/lib/python3.11/site-packages/dbt_common/utils/connection.py", line 34, in connection_exception_retry
    return connection_exception_retry(fn, max_attempts, attempt + 1)
           ^^^^^^^^^^^^^^^^^^^^^^^^^^^^^^^^^^^^^^^^^^^^^^^^^^^^^^^^^
  File "/usr/lib/python_udf/7572a8db11e712fed6beb756e6c14cdfd320d48237f422b7a5b1ae764f1db134/lib/python3.11/site-packages/dbt_common/utils/connection.py", line 34, in connection_exception_retry
    return connection_exception_retry(fn, max_attempts, attempt + 1)
           ^^^^^^^^^^^^^^^^^^^^^^^^^^^^^^^^^^^^^^^^^^^^^^^^^^^^^^^^^
  File "/usr/lib/python_udf/7572a8db11e712fed6beb756e6c14cdfd320d48237f422b7a5b1ae764f1db134/lib/python3.11/site-packages/dbt_common/utils/connection.py", line 34, in connection_exception_retry
    return connection_exception_retry(fn, max_attempts, attempt + 1)
           ^^^^^^^^^^^^^^^^^^^^^^^^^^^^^^^^^^^^^^^^^^^^^^^^^^^^^^^^^
  [Previous line repeated 2 more times]
  File "/usr/lib/python_udf/7572a8db11e712fed6beb756e6c14cdfd320d48237f422b7a5b1ae764f1db134/lib/python3.11/site-packages/dbt_common/utils/connection.py", line 36, in connection_exception_retry
    raise ConnectionError("External connection exception occurred: " + str(exc))
dbt_common.exceptions.connection.ConnectionError: External connection exception occurred: HTTPSConnectionPool(host='hub.getdbt.com', port=443): Max retries exceeded with url: /api/v1/index.json (Caused by NewConnectionError('<urllib3.connection.HTTPSConnection object at 0xf7b9bd8d0910>: Failed to establish a new connection: [Errno 16] Device or resource busy'))

[0m20:54:19.769320 [debug] [Dummy-1   ]: Resource report: {"command_name": "deps", "command_success": false, "command_wall_clock_time": 5.318657, "process_in_blocks": "0", "process_kernel_time": 0.49, "process_mem_max_rss": "400388", "process_out_blocks": "0", "process_user_time": 3.89}
[0m20:54:19.770261 [debug] [Dummy-1   ]: Command `cli deps` failed at 20:54:19.769916 after 5.32 seconds
[0m20:54:19.771019 [debug] [Dummy-1   ]: Flushing usage events


============================== 20:55:05.849896 | e0069a8f-4bd5-4c15-a5c4-4fce96a28607 ==============================
[0m20:55:05.849896 [info ] [Dummy-1   ]: Running with dbt=1.9.4
[0m20:55:05.851059 [debug] [Dummy-1   ]: running dbt with arguments {'printer_width': '80', 'indirect_selection': 'eager', 'write_json': 'True', 'log_cache_events': 'False', 'partial_parse': 'True', 'cache_selected_only': 'False', 'warn_error': 'None', 'version_check': 'True', 'debug': 'False', 'log_path': '/tmp/dbt/logs', 'fail_fast': 'False', 'profiles_dir': '/tmp/dbt/', 'use_colors': 'True', 'use_experimental_parser': 'False', 'no_print': 'None', 'quiet': 'False', 'empty': 'False', 'log_format': 'default', 'static_parser': 'True', 'invocation_command': 'dbt ', 'introspect': 'True', 'target_path': '/tmp/dbt/target/', 'warn_error_options': 'WarnErrorOptions(include=[], exclude=[])', 'send_anonymous_usage_stats': 'False'}
[0m20:55:06.113407 [info ] [Dummy-1   ]: Registered adapter: snowflake=1.9.2
[0m20:55:06.947659 [debug] [Dummy-1   ]: checksum: 53ed91fada2233efb98368d1716b44ab532c83a9c293cf1890b7905d5b45fb25, vars: {}, profile: , target: dev, version: 1.9.4
[0m20:55:06.949790 [info ] [Dummy-1   ]: Unable to do partial parsing because saved manifest not found. Starting full parse.
[0m20:55:08.650493 [debug] [Dummy-1   ]: Wrote artifact WritableManifest to /tmp/dbt/target/manifest.json
[0m20:55:08.653463 [debug] [Dummy-1   ]: Wrote artifact SemanticManifest to /tmp/dbt/target/semantic_manifest.json
[0m20:55:08.695682 [info ] [Dummy-1   ]: Found 16 models, 37 data tests, 6 sources, 474 macros
[0m20:55:08.699867 [info ] [Dummy-1   ]: 
[0m20:55:08.700690 [info ] [Dummy-1   ]: Concurrency: 4 threads (target='dev')
[0m20:55:08.701554 [info ] [Dummy-1   ]: 
[0m20:55:08.702705 [debug] [Dummy-1   ]: Acquiring new snowflake connection 'master'
[0m20:55:08.709034 [debug] [ThreadPool]: Acquiring new snowflake connection 'list_DEMO_DEV_FRAUD_INTELLIGENCE'
[0m20:55:08.857782 [debug] [ThreadPool]: Using snowflake connection "list_DEMO_DEV_FRAUD_INTELLIGENCE"
[0m20:55:08.858601 [debug] [ThreadPool]: On list_DEMO_DEV_FRAUD_INTELLIGENCE: /* {"app": "dbt", "dbt_version": "1.9.4", "profile_name": "fraud_intelligence", "target_name": "dev", "connection_name": "list_DEMO_DEV_FRAUD_INTELLIGENCE"} */
alter session set quoted_identifiers_ignore_case = false;
[0m20:55:08.859263 [debug] [ThreadPool]: Opening a new connection, currently in state init
[0m20:55:09.251164 [debug] [ThreadPool]: SQL status: SUCCESS 1 in 0.392 seconds
[0m20:55:09.256321 [debug] [ThreadPool]: Using snowflake connection "list_DEMO_DEV_FRAUD_INTELLIGENCE"
[0m20:55:09.257100 [debug] [ThreadPool]: On list_DEMO_DEV_FRAUD_INTELLIGENCE: /* {"app": "dbt", "dbt_version": "1.9.4", "profile_name": "fraud_intelligence", "target_name": "dev", "connection_name": "list_DEMO_DEV_FRAUD_INTELLIGENCE"} */
show objects in DEMO_DEV.FRAUD_INTELLIGENCE
    limit 10000
    
;
[0m20:55:09.357799 [debug] [ThreadPool]: SQL status: SUCCESS 16 in 0.100 seconds
[0m20:55:09.360400 [debug] [ThreadPool]: Using snowflake connection "list_DEMO_DEV_FRAUD_INTELLIGENCE"
[0m20:55:09.361120 [debug] [ThreadPool]: On list_DEMO_DEV_FRAUD_INTELLIGENCE: /* {"app": "dbt", "dbt_version": "1.9.4", "profile_name": "fraud_intelligence", "target_name": "dev", "connection_name": "list_DEMO_DEV_FRAUD_INTELLIGENCE"} */
alter session unset quoted_identifiers_ignore_case;
[0m20:55:09.419073 [debug] [ThreadPool]: SQL status: SUCCESS 1 in 0.057 seconds
[0m20:55:09.438025 [debug] [Thread-2 (]: Began running node model.fraud_intelligence.int_fraud_model_metadata
[0m20:55:09.438830 [debug] [Thread-3 (]: Began running node model.fraud_intelligence.int_model_performance_log
[0m20:55:09.439693 [debug] [Thread-4 (]: Began running node model.fraud_intelligence.stg_raw_alerts
[0m20:55:09.440506 [debug] [Thread-5 (]: Began running node model.fraud_intelligence.stg_raw_customers
[0m20:55:09.441441 [debug] [Thread-2 (]: Re-using an available connection from the pool (formerly list_DEMO_DEV_FRAUD_INTELLIGENCE, now model.fraud_intelligence.int_fraud_model_metadata)
[0m20:55:09.442559 [debug] [Thread-3 (]: Acquiring new snowflake connection 'model.fraud_intelligence.int_model_performance_log'
[0m20:55:09.443540 [debug] [Thread-4 (]: Acquiring new snowflake connection 'model.fraud_intelligence.stg_raw_alerts'
[0m20:55:09.444578 [debug] [Thread-5 (]: Acquiring new snowflake connection 'model.fraud_intelligence.stg_raw_customers'
[0m20:55:09.445456 [debug] [Thread-2 (]: Began compiling node model.fraud_intelligence.int_fraud_model_metadata
[0m20:55:09.446298 [debug] [Thread-3 (]: Began compiling node model.fraud_intelligence.int_model_performance_log
[0m20:55:09.447163 [debug] [Thread-4 (]: Began compiling node model.fraud_intelligence.stg_raw_alerts
[0m20:55:09.448028 [debug] [Thread-5 (]: Began compiling node model.fraud_intelligence.stg_raw_customers
[0m20:55:09.456249 [debug] [Thread-2 (]: Writing injected SQL for node "model.fraud_intelligence.int_fraud_model_metadata"
[0m20:55:09.460649 [debug] [Thread-3 (]: Writing injected SQL for node "model.fraud_intelligence.int_model_performance_log"
[0m20:55:09.465221 [debug] [Thread-4 (]: Writing injected SQL for node "model.fraud_intelligence.stg_raw_alerts"
[0m20:55:09.469799 [debug] [Thread-5 (]: Writing injected SQL for node "model.fraud_intelligence.stg_raw_customers"
[0m20:55:09.474190 [debug] [Thread-2 (]: Began executing node model.fraud_intelligence.int_fraud_model_metadata
[0m20:55:09.475146 [debug] [Thread-3 (]: Began executing node model.fraud_intelligence.int_model_performance_log
[0m20:55:09.475728 [debug] [Thread-4 (]: Began executing node model.fraud_intelligence.stg_raw_alerts
[0m20:55:09.477250 [debug] [Thread-2 (]: Finished running node model.fraud_intelligence.int_fraud_model_metadata
[0m20:55:09.478006 [debug] [Thread-5 (]: Began executing node model.fraud_intelligence.stg_raw_customers
[0m20:55:09.479083 [debug] [Thread-3 (]: Finished running node model.fraud_intelligence.int_model_performance_log
[0m20:55:09.480169 [debug] [Thread-4 (]: Finished running node model.fraud_intelligence.stg_raw_alerts
[0m20:55:09.481162 [debug] [Thread-2 (]: Began running node model.fraud_intelligence.stg_raw_investigation_docs
[0m20:55:09.482390 [debug] [Thread-5 (]: Finished running node model.fraud_intelligence.stg_raw_customers
[0m20:55:09.483343 [debug] [Thread-3 (]: Began running node model.fraud_intelligence.stg_raw_rule_definitions
[0m20:55:09.484390 [debug] [Thread-4 (]: Began running node model.fraud_intelligence.stg_raw_transactions
[0m20:55:09.485744 [debug] [Thread-2 (]: Re-using an available connection from the pool (formerly model.fraud_intelligence.int_fraud_model_metadata, now model.fraud_intelligence.stg_raw_investigation_docs)
[0m20:55:09.486795 [debug] [Thread-5 (]: Began running node model.fraud_intelligence.stg_raw_velocity_events
[0m20:55:09.488197 [debug] [Thread-3 (]: Re-using an available connection from the pool (formerly model.fraud_intelligence.int_model_performance_log, now model.fraud_intelligence.stg_raw_rule_definitions)
[0m20:55:09.489163 [debug] [Thread-4 (]: Re-using an available connection from the pool (formerly model.fraud_intelligence.stg_raw_alerts, now model.fraud_intelligence.stg_raw_transactions)
[0m20:55:09.490075 [debug] [Thread-2 (]: Began compiling node model.fraud_intelligence.stg_raw_investigation_docs
[0m20:55:09.491099 [debug] [Thread-5 (]: Re-using an available connection from the pool (formerly model.fraud_intelligence.stg_raw_customers, now model.fraud_intelligence.stg_raw_velocity_events)
[0m20:55:09.491972 [debug] [Thread-3 (]: Began compiling node model.fraud_intelligence.stg_raw_rule_definitions
[0m20:55:09.492850 [debug] [Thread-4 (]: Began compiling node model.fraud_intelligence.stg_raw_transactions
[0m20:55:09.499315 [debug] [Thread-2 (]: Writing injected SQL for node "model.fraud_intelligence.stg_raw_investigation_docs"
[0m20:55:09.500227 [debug] [Thread-5 (]: Began compiling node model.fraud_intelligence.stg_raw_velocity_events
[0m20:55:09.504475 [debug] [Thread-3 (]: Writing injected SQL for node "model.fraud_intelligence.stg_raw_rule_definitions"
[0m20:55:09.508732 [debug] [Thread-4 (]: Writing injected SQL for node "model.fraud_intelligence.stg_raw_transactions"
[0m20:55:09.513366 [debug] [Thread-5 (]: Writing injected SQL for node "model.fraud_intelligence.stg_raw_velocity_events"
[0m20:55:09.514199 [debug] [Thread-2 (]: Began executing node model.fraud_intelligence.stg_raw_investigation_docs
[0m20:55:09.516217 [debug] [Thread-3 (]: Began executing node model.fraud_intelligence.stg_raw_rule_definitions
[0m20:55:09.517660 [debug] [Thread-4 (]: Began executing node model.fraud_intelligence.stg_raw_transactions
[0m20:55:09.519060 [debug] [Thread-2 (]: Finished running node model.fraud_intelligence.stg_raw_investigation_docs
[0m20:55:09.520034 [debug] [Thread-5 (]: Began executing node model.fraud_intelligence.stg_raw_velocity_events
[0m20:55:09.521107 [debug] [Thread-3 (]: Finished running node model.fraud_intelligence.stg_raw_rule_definitions
[0m20:55:09.522183 [debug] [Thread-4 (]: Finished running node model.fraud_intelligence.stg_raw_transactions
[0m20:55:09.523144 [debug] [Thread-2 (]: Began running node test.fraud_intelligence.source_not_null_fraud_intelligence_bronze_BRZ_RAW_ALERTS_ALERT_ID.ddac98f314
[0m20:55:09.524647 [debug] [Thread-5 (]: Finished running node model.fraud_intelligence.stg_raw_velocity_events
[0m20:55:09.525613 [debug] [Thread-3 (]: Began running node test.fraud_intelligence.source_not_null_fraud_intelligence_bronze_BRZ_RAW_ALERTS_CUSTOMER_ID.e524dfbea6
[0m20:55:09.526927 [debug] [Thread-4 (]: Began running node test.fraud_intelligence.source_not_null_fraud_intelligence_bronze_BRZ_RAW_CUSTOMERS_CUSTOMER_ID.f168006016
[0m20:55:09.527981 [debug] [Thread-2 (]: Re-using an available connection from the pool (formerly model.fraud_intelligence.stg_raw_investigation_docs, now test.fraud_intelligence.source_not_null_fraud_intelligence_bronze_BRZ_RAW_ALERTS_ALERT_ID.ddac98f314)
[0m20:55:09.528930 [debug] [Thread-5 (]: Began running node test.fraud_intelligence.source_not_null_fraud_intelligence_bronze_BRZ_RAW_INVESTIGATION_DOCS_DOC_ID.8ea7f8c754
[0m20:55:09.530322 [debug] [Thread-3 (]: Re-using an available connection from the pool (formerly model.fraud_intelligence.stg_raw_rule_definitions, now test.fraud_intelligence.source_not_null_fraud_intelligence_bronze_BRZ_RAW_ALERTS_CUSTOMER_ID.e524dfbea6)
[0m20:55:09.531288 [debug] [Thread-4 (]: Re-using an available connection from the pool (formerly model.fraud_intelligence.stg_raw_transactions, now test.fraud_intelligence.source_not_null_fraud_intelligence_bronze_BRZ_RAW_CUSTOMERS_CUSTOMER_ID.f168006016)
[0m20:55:09.532194 [debug] [Thread-2 (]: Began compiling node test.fraud_intelligence.source_not_null_fraud_intelligence_bronze_BRZ_RAW_ALERTS_ALERT_ID.ddac98f314
[0m20:55:09.533168 [debug] [Thread-5 (]: Re-using an available connection from the pool (formerly model.fraud_intelligence.stg_raw_velocity_events, now test.fraud_intelligence.source_not_null_fraud_intelligence_bronze_BRZ_RAW_INVESTIGATION_DOCS_DOC_ID.8ea7f8c754)
[0m20:55:09.534066 [debug] [Thread-3 (]: Began compiling node test.fraud_intelligence.source_not_null_fraud_intelligence_bronze_BRZ_RAW_ALERTS_CUSTOMER_ID.e524dfbea6
[0m20:55:09.534908 [debug] [Thread-4 (]: Began compiling node test.fraud_intelligence.source_not_null_fraud_intelligence_bronze_BRZ_RAW_CUSTOMERS_CUSTOMER_ID.f168006016
[0m20:55:09.544849 [debug] [Thread-2 (]: Writing injected SQL for node "test.fraud_intelligence.source_not_null_fraud_intelligence_bronze_BRZ_RAW_ALERTS_ALERT_ID.ddac98f314"
[0m20:55:09.545775 [debug] [Thread-5 (]: Began compiling node test.fraud_intelligence.source_not_null_fraud_intelligence_bronze_BRZ_RAW_INVESTIGATION_DOCS_DOC_ID.8ea7f8c754
[0m20:55:09.552962 [debug] [Thread-3 (]: Writing injected SQL for node "test.fraud_intelligence.source_not_null_fraud_intelligence_bronze_BRZ_RAW_ALERTS_CUSTOMER_ID.e524dfbea6"
[0m20:55:09.558374 [debug] [Thread-4 (]: Writing injected SQL for node "test.fraud_intelligence.source_not_null_fraud_intelligence_bronze_BRZ_RAW_CUSTOMERS_CUSTOMER_ID.f168006016"
[0m20:55:09.564296 [debug] [Thread-5 (]: Writing injected SQL for node "test.fraud_intelligence.source_not_null_fraud_intelligence_bronze_BRZ_RAW_INVESTIGATION_DOCS_DOC_ID.8ea7f8c754"
[0m20:55:09.565291 [debug] [Thread-2 (]: Began executing node test.fraud_intelligence.source_not_null_fraud_intelligence_bronze_BRZ_RAW_ALERTS_ALERT_ID.ddac98f314
[0m20:55:09.567116 [debug] [Thread-3 (]: Began executing node test.fraud_intelligence.source_not_null_fraud_intelligence_bronze_BRZ_RAW_ALERTS_CUSTOMER_ID.e524dfbea6
[0m20:55:09.568758 [debug] [Thread-4 (]: Began executing node test.fraud_intelligence.source_not_null_fraud_intelligence_bronze_BRZ_RAW_CUSTOMERS_CUSTOMER_ID.f168006016
[0m20:55:09.569998 [debug] [Thread-2 (]: Finished running node test.fraud_intelligence.source_not_null_fraud_intelligence_bronze_BRZ_RAW_ALERTS_ALERT_ID.ddac98f314
[0m20:55:09.570783 [debug] [Thread-5 (]: Began executing node test.fraud_intelligence.source_not_null_fraud_intelligence_bronze_BRZ_RAW_INVESTIGATION_DOCS_DOC_ID.8ea7f8c754
[0m20:55:09.571864 [debug] [Thread-3 (]: Finished running node test.fraud_intelligence.source_not_null_fraud_intelligence_bronze_BRZ_RAW_ALERTS_CUSTOMER_ID.e524dfbea6
[0m20:55:09.572992 [debug] [Thread-4 (]: Finished running node test.fraud_intelligence.source_not_null_fraud_intelligence_bronze_BRZ_RAW_CUSTOMERS_CUSTOMER_ID.f168006016
[0m20:55:09.573989 [debug] [Thread-2 (]: Began running node test.fraud_intelligence.source_not_null_fraud_intelligence_bronze_BRZ_RAW_RULE_DEFINITIONS_RULE_CODE.ec50b3ff2f
[0m20:55:09.575252 [debug] [Thread-5 (]: Finished running node test.fraud_intelligence.source_not_null_fraud_intelligence_bronze_BRZ_RAW_INVESTIGATION_DOCS_DOC_ID.8ea7f8c754
[0m20:55:09.576264 [debug] [Thread-3 (]: Began running node test.fraud_intelligence.source_not_null_fraud_intelligence_bronze_BRZ_RAW_TRANSACTIONS_CUSTOMER_ID.09920d23b0
[0m20:55:09.577371 [debug] [Thread-4 (]: Began running node test.fraud_intelligence.source_not_null_fraud_intelligence_bronze_BRZ_RAW_TRANSACTIONS_TRANSACTION_AMOUNT.9a738e20b5
[0m20:55:09.578473 [debug] [Thread-2 (]: Re-using an available connection from the pool (formerly test.fraud_intelligence.source_not_null_fraud_intelligence_bronze_BRZ_RAW_ALERTS_ALERT_ID.ddac98f314, now test.fraud_intelligence.source_not_null_fraud_intelligence_bronze_BRZ_RAW_RULE_DEFINITIONS_RULE_CODE.ec50b3ff2f)
[0m20:55:09.579461 [debug] [Thread-5 (]: Began running node test.fraud_intelligence.source_not_null_fraud_intelligence_bronze_BRZ_RAW_TRANSACTIONS_TRANSACTION_ID.13c5d65ab5
[0m20:55:09.580493 [debug] [Thread-3 (]: Re-using an available connection from the pool (formerly test.fraud_intelligence.source_not_null_fraud_intelligence_bronze_BRZ_RAW_ALERTS_CUSTOMER_ID.e524dfbea6, now test.fraud_intelligence.source_not_null_fraud_intelligence_bronze_BRZ_RAW_TRANSACTIONS_CUSTOMER_ID.09920d23b0)
[0m20:55:09.581563 [debug] [Thread-4 (]: Re-using an available connection from the pool (formerly test.fraud_intelligence.source_not_null_fraud_intelligence_bronze_BRZ_RAW_CUSTOMERS_CUSTOMER_ID.f168006016, now test.fraud_intelligence.source_not_null_fraud_intelligence_bronze_BRZ_RAW_TRANSACTIONS_TRANSACTION_AMOUNT.9a738e20b5)
[0m20:55:09.582488 [debug] [Thread-2 (]: Began compiling node test.fraud_intelligence.source_not_null_fraud_intelligence_bronze_BRZ_RAW_RULE_DEFINITIONS_RULE_CODE.ec50b3ff2f
[0m20:55:09.583706 [debug] [Thread-5 (]: Re-using an available connection from the pool (formerly test.fraud_intelligence.source_not_null_fraud_intelligence_bronze_BRZ_RAW_INVESTIGATION_DOCS_DOC_ID.8ea7f8c754, now test.fraud_intelligence.source_not_null_fraud_intelligence_bronze_BRZ_RAW_TRANSACTIONS_TRANSACTION_ID.13c5d65ab5)
[0m20:55:09.584656 [debug] [Thread-3 (]: Began compiling node test.fraud_intelligence.source_not_null_fraud_intelligence_bronze_BRZ_RAW_TRANSACTIONS_CUSTOMER_ID.09920d23b0
[0m20:55:09.585578 [debug] [Thread-4 (]: Began compiling node test.fraud_intelligence.source_not_null_fraud_intelligence_bronze_BRZ_RAW_TRANSACTIONS_TRANSACTION_AMOUNT.9a738e20b5
[0m20:55:09.590857 [debug] [Thread-2 (]: Writing injected SQL for node "test.fraud_intelligence.source_not_null_fraud_intelligence_bronze_BRZ_RAW_RULE_DEFINITIONS_RULE_CODE.ec50b3ff2f"
[0m20:55:09.591754 [debug] [Thread-5 (]: Began compiling node test.fraud_intelligence.source_not_null_fraud_intelligence_bronze_BRZ_RAW_TRANSACTIONS_TRANSACTION_ID.13c5d65ab5
[0m20:55:09.597133 [debug] [Thread-3 (]: Writing injected SQL for node "test.fraud_intelligence.source_not_null_fraud_intelligence_bronze_BRZ_RAW_TRANSACTIONS_CUSTOMER_ID.09920d23b0"
[0m20:55:09.604552 [debug] [Thread-4 (]: Writing injected SQL for node "test.fraud_intelligence.source_not_null_fraud_intelligence_bronze_BRZ_RAW_TRANSACTIONS_TRANSACTION_AMOUNT.9a738e20b5"
[0m20:55:09.610079 [debug] [Thread-5 (]: Writing injected SQL for node "test.fraud_intelligence.source_not_null_fraud_intelligence_bronze_BRZ_RAW_TRANSACTIONS_TRANSACTION_ID.13c5d65ab5"
[0m20:55:09.610937 [debug] [Thread-2 (]: Began executing node test.fraud_intelligence.source_not_null_fraud_intelligence_bronze_BRZ_RAW_RULE_DEFINITIONS_RULE_CODE.ec50b3ff2f
[0m20:55:09.612760 [debug] [Thread-3 (]: Began executing node test.fraud_intelligence.source_not_null_fraud_intelligence_bronze_BRZ_RAW_TRANSACTIONS_CUSTOMER_ID.09920d23b0
[0m20:55:09.614331 [debug] [Thread-4 (]: Began executing node test.fraud_intelligence.source_not_null_fraud_intelligence_bronze_BRZ_RAW_TRANSACTIONS_TRANSACTION_AMOUNT.9a738e20b5
[0m20:55:09.615800 [debug] [Thread-2 (]: Finished running node test.fraud_intelligence.source_not_null_fraud_intelligence_bronze_BRZ_RAW_RULE_DEFINITIONS_RULE_CODE.ec50b3ff2f
[0m20:55:09.616462 [debug] [Thread-5 (]: Began executing node test.fraud_intelligence.source_not_null_fraud_intelligence_bronze_BRZ_RAW_TRANSACTIONS_TRANSACTION_ID.13c5d65ab5
[0m20:55:09.617608 [debug] [Thread-3 (]: Finished running node test.fraud_intelligence.source_not_null_fraud_intelligence_bronze_BRZ_RAW_TRANSACTIONS_CUSTOMER_ID.09920d23b0
[0m20:55:09.618765 [debug] [Thread-4 (]: Finished running node test.fraud_intelligence.source_not_null_fraud_intelligence_bronze_BRZ_RAW_TRANSACTIONS_TRANSACTION_AMOUNT.9a738e20b5
[0m20:55:09.619709 [debug] [Thread-2 (]: Began running node test.fraud_intelligence.source_not_null_fraud_intelligence_bronze_BRZ_RAW_VELOCITY_EVENTS_CUSTOMER_ID.e384a501cf
[0m20:55:09.620990 [debug] [Thread-5 (]: Finished running node test.fraud_intelligence.source_not_null_fraud_intelligence_bronze_BRZ_RAW_TRANSACTIONS_TRANSACTION_ID.13c5d65ab5
[0m20:55:09.621981 [debug] [Thread-3 (]: Began running node test.fraud_intelligence.source_not_null_fraud_intelligence_bronze_BRZ_RAW_VELOCITY_EVENTS_EVENT_ID.ccbf58d9ec
[0m20:55:09.623061 [debug] [Thread-4 (]: Began running node test.fraud_intelligence.source_unique_fraud_intelligence_bronze_BRZ_RAW_ALERTS_ALERT_ID.0c13adb32c
[0m20:55:09.624202 [debug] [Thread-2 (]: Re-using an available connection from the pool (formerly test.fraud_intelligence.source_not_null_fraud_intelligence_bronze_BRZ_RAW_RULE_DEFINITIONS_RULE_CODE.ec50b3ff2f, now test.fraud_intelligence.source_not_null_fraud_intelligence_bronze_BRZ_RAW_VELOCITY_EVENTS_CUSTOMER_ID.e384a501cf)
[0m20:55:09.625222 [debug] [Thread-5 (]: Began running node test.fraud_intelligence.source_unique_fraud_intelligence_bronze_BRZ_RAW_CUSTOMERS_CUSTOMER_ID.e2034a241d
[0m20:55:09.626253 [debug] [Thread-3 (]: Re-using an available connection from the pool (formerly test.fraud_intelligence.source_not_null_fraud_intelligence_bronze_BRZ_RAW_TRANSACTIONS_CUSTOMER_ID.09920d23b0, now test.fraud_intelligence.source_not_null_fraud_intelligence_bronze_BRZ_RAW_VELOCITY_EVENTS_EVENT_ID.ccbf58d9ec)
[0m20:55:09.627151 [debug] [Thread-4 (]: Re-using an available connection from the pool (formerly test.fraud_intelligence.source_not_null_fraud_intelligence_bronze_BRZ_RAW_TRANSACTIONS_TRANSACTION_AMOUNT.9a738e20b5, now test.fraud_intelligence.source_unique_fraud_intelligence_bronze_BRZ_RAW_ALERTS_ALERT_ID.0c13adb32c)
[0m20:55:09.627974 [debug] [Thread-2 (]: Began compiling node test.fraud_intelligence.source_not_null_fraud_intelligence_bronze_BRZ_RAW_VELOCITY_EVENTS_CUSTOMER_ID.e384a501cf
[0m20:55:09.628949 [debug] [Thread-5 (]: Re-using an available connection from the pool (formerly test.fraud_intelligence.source_not_null_fraud_intelligence_bronze_BRZ_RAW_TRANSACTIONS_TRANSACTION_ID.13c5d65ab5, now test.fraud_intelligence.source_unique_fraud_intelligence_bronze_BRZ_RAW_CUSTOMERS_CUSTOMER_ID.e2034a241d)
[0m20:55:09.629852 [debug] [Thread-3 (]: Began compiling node test.fraud_intelligence.source_not_null_fraud_intelligence_bronze_BRZ_RAW_VELOCITY_EVENTS_EVENT_ID.ccbf58d9ec
[0m20:55:09.630822 [debug] [Thread-4 (]: Began compiling node test.fraud_intelligence.source_unique_fraud_intelligence_bronze_BRZ_RAW_ALERTS_ALERT_ID.0c13adb32c
[0m20:55:09.636310 [debug] [Thread-2 (]: Writing injected SQL for node "test.fraud_intelligence.source_not_null_fraud_intelligence_bronze_BRZ_RAW_VELOCITY_EVENTS_CUSTOMER_ID.e384a501cf"
[0m20:55:09.637284 [debug] [Thread-5 (]: Began compiling node test.fraud_intelligence.source_unique_fraud_intelligence_bronze_BRZ_RAW_CUSTOMERS_CUSTOMER_ID.e2034a241d
[0m20:55:09.642336 [debug] [Thread-3 (]: Writing injected SQL for node "test.fraud_intelligence.source_not_null_fraud_intelligence_bronze_BRZ_RAW_VELOCITY_EVENTS_EVENT_ID.ccbf58d9ec"
[0m20:55:09.651178 [debug] [Thread-4 (]: Writing injected SQL for node "test.fraud_intelligence.source_unique_fraud_intelligence_bronze_BRZ_RAW_ALERTS_ALERT_ID.0c13adb32c"
[0m20:55:09.656657 [debug] [Thread-5 (]: Writing injected SQL for node "test.fraud_intelligence.source_unique_fraud_intelligence_bronze_BRZ_RAW_CUSTOMERS_CUSTOMER_ID.e2034a241d"
[0m20:55:09.657573 [debug] [Thread-2 (]: Began executing node test.fraud_intelligence.source_not_null_fraud_intelligence_bronze_BRZ_RAW_VELOCITY_EVENTS_CUSTOMER_ID.e384a501cf
[0m20:55:09.659770 [debug] [Thread-3 (]: Began executing node test.fraud_intelligence.source_not_null_fraud_intelligence_bronze_BRZ_RAW_VELOCITY_EVENTS_EVENT_ID.ccbf58d9ec
[0m20:55:09.660945 [debug] [Thread-4 (]: Began executing node test.fraud_intelligence.source_unique_fraud_intelligence_bronze_BRZ_RAW_ALERTS_ALERT_ID.0c13adb32c
[0m20:55:09.662078 [debug] [Thread-2 (]: Finished running node test.fraud_intelligence.source_not_null_fraud_intelligence_bronze_BRZ_RAW_VELOCITY_EVENTS_CUSTOMER_ID.e384a501cf
[0m20:55:09.662823 [debug] [Thread-5 (]: Began executing node test.fraud_intelligence.source_unique_fraud_intelligence_bronze_BRZ_RAW_CUSTOMERS_CUSTOMER_ID.e2034a241d
[0m20:55:09.663827 [debug] [Thread-3 (]: Finished running node test.fraud_intelligence.source_not_null_fraud_intelligence_bronze_BRZ_RAW_VELOCITY_EVENTS_EVENT_ID.ccbf58d9ec
[0m20:55:09.664869 [debug] [Thread-4 (]: Finished running node test.fraud_intelligence.source_unique_fraud_intelligence_bronze_BRZ_RAW_ALERTS_ALERT_ID.0c13adb32c
[0m20:55:09.665903 [debug] [Thread-2 (]: Began running node test.fraud_intelligence.source_unique_fraud_intelligence_bronze_BRZ_RAW_INVESTIGATION_DOCS_DOC_ID.7e88e101b1
[0m20:55:09.667165 [debug] [Thread-5 (]: Finished running node test.fraud_intelligence.source_unique_fraud_intelligence_bronze_BRZ_RAW_CUSTOMERS_CUSTOMER_ID.e2034a241d
[0m20:55:09.668137 [debug] [Thread-3 (]: Began running node test.fraud_intelligence.source_unique_fraud_intelligence_bronze_BRZ_RAW_RULE_DEFINITIONS_RULE_CODE.19d5d754ab
[0m20:55:09.669247 [debug] [Thread-4 (]: Began running node model.fraud_intelligence.gld_alert_enriched
[0m20:55:09.670323 [debug] [Thread-2 (]: Re-using an available connection from the pool (formerly test.fraud_intelligence.source_not_null_fraud_intelligence_bronze_BRZ_RAW_VELOCITY_EVENTS_CUSTOMER_ID.e384a501cf, now test.fraud_intelligence.source_unique_fraud_intelligence_bronze_BRZ_RAW_INVESTIGATION_DOCS_DOC_ID.7e88e101b1)
[0m20:55:09.671312 [debug] [Thread-5 (]: Began running node model.fraud_intelligence.gld_customer_profile
[0m20:55:09.672367 [debug] [Thread-3 (]: Re-using an available connection from the pool (formerly test.fraud_intelligence.source_not_null_fraud_intelligence_bronze_BRZ_RAW_VELOCITY_EVENTS_EVENT_ID.ccbf58d9ec, now test.fraud_intelligence.source_unique_fraud_intelligence_bronze_BRZ_RAW_RULE_DEFINITIONS_RULE_CODE.19d5d754ab)
[0m20:55:09.673335 [debug] [Thread-4 (]: Re-using an available connection from the pool (formerly test.fraud_intelligence.source_unique_fraud_intelligence_bronze_BRZ_RAW_ALERTS_ALERT_ID.0c13adb32c, now model.fraud_intelligence.gld_alert_enriched)
[0m20:55:09.674257 [debug] [Thread-2 (]: Began compiling node test.fraud_intelligence.source_unique_fraud_intelligence_bronze_BRZ_RAW_INVESTIGATION_DOCS_DOC_ID.7e88e101b1
[0m20:55:09.675280 [debug] [Thread-5 (]: Re-using an available connection from the pool (formerly test.fraud_intelligence.source_unique_fraud_intelligence_bronze_BRZ_RAW_CUSTOMERS_CUSTOMER_ID.e2034a241d, now model.fraud_intelligence.gld_customer_profile)
[0m20:55:09.676286 [debug] [Thread-3 (]: Began compiling node test.fraud_intelligence.source_unique_fraud_intelligence_bronze_BRZ_RAW_RULE_DEFINITIONS_RULE_CODE.19d5d754ab
[0m20:55:09.677299 [debug] [Thread-4 (]: Began compiling node model.fraud_intelligence.gld_alert_enriched
[0m20:55:09.683076 [debug] [Thread-2 (]: Writing injected SQL for node "test.fraud_intelligence.source_unique_fraud_intelligence_bronze_BRZ_RAW_INVESTIGATION_DOCS_DOC_ID.7e88e101b1"
[0m20:55:09.684103 [debug] [Thread-5 (]: Began compiling node model.fraud_intelligence.gld_customer_profile
[0m20:55:09.689360 [debug] [Thread-3 (]: Writing injected SQL for node "test.fraud_intelligence.source_unique_fraud_intelligence_bronze_BRZ_RAW_RULE_DEFINITIONS_RULE_CODE.19d5d754ab"
[0m20:55:09.693707 [debug] [Thread-4 (]: Writing injected SQL for node "model.fraud_intelligence.gld_alert_enriched"
[0m20:55:09.700758 [debug] [Thread-5 (]: Writing injected SQL for node "model.fraud_intelligence.gld_customer_profile"
[0m20:55:09.701649 [debug] [Thread-2 (]: Began executing node test.fraud_intelligence.source_unique_fraud_intelligence_bronze_BRZ_RAW_INVESTIGATION_DOCS_DOC_ID.7e88e101b1
[0m20:55:09.703712 [debug] [Thread-3 (]: Began executing node test.fraud_intelligence.source_unique_fraud_intelligence_bronze_BRZ_RAW_RULE_DEFINITIONS_RULE_CODE.19d5d754ab
[0m20:55:09.705463 [debug] [Thread-4 (]: Began executing node model.fraud_intelligence.gld_alert_enriched
[0m20:55:09.706498 [debug] [Thread-2 (]: Finished running node test.fraud_intelligence.source_unique_fraud_intelligence_bronze_BRZ_RAW_INVESTIGATION_DOCS_DOC_ID.7e88e101b1
[0m20:55:09.707264 [debug] [Thread-5 (]: Began executing node model.fraud_intelligence.gld_customer_profile
[0m20:55:09.708333 [debug] [Thread-3 (]: Finished running node test.fraud_intelligence.source_unique_fraud_intelligence_bronze_BRZ_RAW_RULE_DEFINITIONS_RULE_CODE.19d5d754ab
[0m20:55:09.709397 [debug] [Thread-4 (]: Finished running node model.fraud_intelligence.gld_alert_enriched
[0m20:55:09.710289 [debug] [Thread-2 (]: Began running node model.fraud_intelligence.int_investigation_knowledge_base
[0m20:55:09.711443 [debug] [Thread-5 (]: Finished running node model.fraud_intelligence.gld_customer_profile
[0m20:55:09.712342 [debug] [Thread-3 (]: Began running node model.fraud_intelligence.int_rule_code_knowledge_map
[0m20:55:09.713310 [debug] [Thread-4 (]: Began running node model.fraud_intelligence.gld_velocity_counters
[0m20:55:09.714741 [debug] [Thread-2 (]: Re-using an available connection from the pool (formerly test.fraud_intelligence.source_unique_fraud_intelligence_bronze_BRZ_RAW_INVESTIGATION_DOCS_DOC_ID.7e88e101b1, now model.fraud_intelligence.int_investigation_knowledge_base)
[0m20:55:09.715712 [debug] [Thread-5 (]: Began running node model.fraud_intelligence.int_fraud_features
[0m20:55:09.717036 [debug] [Thread-3 (]: Re-using an available connection from the pool (formerly test.fraud_intelligence.source_unique_fraud_intelligence_bronze_BRZ_RAW_RULE_DEFINITIONS_RULE_CODE.19d5d754ab, now model.fraud_intelligence.int_rule_code_knowledge_map)
[0m20:55:09.717985 [debug] [Thread-4 (]: Re-using an available connection from the pool (formerly model.fraud_intelligence.gld_alert_enriched, now model.fraud_intelligence.gld_velocity_counters)
[0m20:55:09.718861 [debug] [Thread-2 (]: Began compiling node model.fraud_intelligence.int_investigation_knowledge_base
[0m20:55:09.719807 [debug] [Thread-5 (]: Re-using an available connection from the pool (formerly model.fraud_intelligence.gld_customer_profile, now model.fraud_intelligence.int_fraud_features)
[0m20:55:09.720705 [debug] [Thread-3 (]: Began compiling node model.fraud_intelligence.int_rule_code_knowledge_map
[0m20:55:09.721643 [debug] [Thread-4 (]: Began compiling node model.fraud_intelligence.gld_velocity_counters
[0m20:55:09.726266 [debug] [Thread-2 (]: Writing injected SQL for node "model.fraud_intelligence.int_investigation_knowledge_base"
[0m20:55:09.727216 [debug] [Thread-5 (]: Began compiling node model.fraud_intelligence.int_fraud_features
[0m20:55:09.731841 [debug] [Thread-3 (]: Writing injected SQL for node "model.fraud_intelligence.int_rule_code_knowledge_map"
[0m20:55:09.736057 [debug] [Thread-4 (]: Writing injected SQL for node "model.fraud_intelligence.gld_velocity_counters"
[0m20:55:09.741953 [debug] [Thread-5 (]: Writing injected SQL for node "model.fraud_intelligence.int_fraud_features"
[0m20:55:09.742911 [debug] [Thread-2 (]: Began executing node model.fraud_intelligence.int_investigation_knowledge_base
[0m20:55:09.744857 [debug] [Thread-3 (]: Began executing node model.fraud_intelligence.int_rule_code_knowledge_map
[0m20:55:09.746126 [debug] [Thread-4 (]: Began executing node model.fraud_intelligence.gld_velocity_counters
[0m20:55:09.747453 [debug] [Thread-2 (]: Finished running node model.fraud_intelligence.int_investigation_knowledge_base
[0m20:55:09.748261 [debug] [Thread-5 (]: Began executing node model.fraud_intelligence.int_fraud_features
[0m20:55:09.749302 [debug] [Thread-3 (]: Finished running node model.fraud_intelligence.int_rule_code_knowledge_map
[0m20:55:09.750398 [debug] [Thread-4 (]: Finished running node model.fraud_intelligence.gld_velocity_counters
[0m20:55:09.751387 [debug] [Thread-2 (]: Began running node test.fraud_intelligence.assert_no_duplicate_alert_id
[0m20:55:09.753022 [debug] [Thread-5 (]: Finished running node model.fraud_intelligence.int_fraud_features
[0m20:55:09.754040 [debug] [Thread-3 (]: Began running node test.fraud_intelligence.assert_no_null_customer_id
[0m20:55:09.755517 [debug] [Thread-4 (]: Began running node test.fraud_intelligence.not_null_gld_alert_enriched_ALERT_ID.f855930586
[0m20:55:09.756852 [debug] [Thread-2 (]: Re-using an available connection from the pool (formerly model.fraud_intelligence.int_investigation_knowledge_base, now test.fraud_intelligence.assert_no_duplicate_alert_id)
[0m20:55:09.757860 [debug] [Thread-5 (]: Began running node test.fraud_intelligence.not_null_gld_alert_enriched_ALERT_RISK_SCORE.b222de259c
[0m20:55:09.759641 [debug] [Thread-3 (]: Re-using an available connection from the pool (formerly model.fraud_intelligence.int_rule_code_knowledge_map, now test.fraud_intelligence.assert_no_null_customer_id)
[0m20:55:09.760657 [debug] [Thread-4 (]: Re-using an available connection from the pool (formerly model.fraud_intelligence.gld_velocity_counters, now test.fraud_intelligence.not_null_gld_alert_enriched_ALERT_ID.f855930586)
[0m20:55:09.761619 [debug] [Thread-2 (]: Began compiling node test.fraud_intelligence.assert_no_duplicate_alert_id
[0m20:55:09.763654 [debug] [Thread-5 (]: Re-using an available connection from the pool (formerly model.fraud_intelligence.int_fraud_features, now test.fraud_intelligence.not_null_gld_alert_enriched_ALERT_RISK_SCORE.b222de259c)
[0m20:55:09.764553 [debug] [Thread-3 (]: Began compiling node test.fraud_intelligence.assert_no_null_customer_id
[0m20:55:09.765461 [debug] [Thread-4 (]: Began compiling node test.fraud_intelligence.not_null_gld_alert_enriched_ALERT_ID.f855930586
[0m20:55:09.771551 [debug] [Thread-2 (]: Writing injected SQL for node "test.fraud_intelligence.assert_no_duplicate_alert_id"
[0m20:55:09.772566 [debug] [Thread-5 (]: Began compiling node test.fraud_intelligence.not_null_gld_alert_enriched_ALERT_RISK_SCORE.b222de259c
[0m20:55:09.776384 [debug] [Thread-3 (]: Writing injected SQL for node "test.fraud_intelligence.assert_no_null_customer_id"
[0m20:55:09.781553 [debug] [Thread-4 (]: Writing injected SQL for node "test.fraud_intelligence.not_null_gld_alert_enriched_ALERT_ID.f855930586"
[0m20:55:09.786905 [debug] [Thread-5 (]: Writing injected SQL for node "test.fraud_intelligence.not_null_gld_alert_enriched_ALERT_RISK_SCORE.b222de259c"
[0m20:55:09.788142 [debug] [Thread-2 (]: Began executing node test.fraud_intelligence.assert_no_duplicate_alert_id
[0m20:55:09.790099 [debug] [Thread-3 (]: Began executing node test.fraud_intelligence.assert_no_null_customer_id
[0m20:55:09.792241 [debug] [Thread-2 (]: Finished running node test.fraud_intelligence.assert_no_duplicate_alert_id
[0m20:55:09.792975 [debug] [Thread-4 (]: Began executing node test.fraud_intelligence.not_null_gld_alert_enriched_ALERT_ID.f855930586
[0m20:55:09.793734 [debug] [Thread-5 (]: Began executing node test.fraud_intelligence.not_null_gld_alert_enriched_ALERT_RISK_SCORE.b222de259c
[0m20:55:09.794932 [debug] [Thread-3 (]: Finished running node test.fraud_intelligence.assert_no_null_customer_id
[0m20:55:09.795917 [debug] [Thread-2 (]: Began running node test.fraud_intelligence.not_null_gld_alert_enriched_CUSTOMER_ID.40bb639039
[0m20:55:09.797147 [debug] [Thread-4 (]: Finished running node test.fraud_intelligence.not_null_gld_alert_enriched_ALERT_ID.f855930586
[0m20:55:09.798283 [debug] [Thread-5 (]: Finished running node test.fraud_intelligence.not_null_gld_alert_enriched_ALERT_RISK_SCORE.b222de259c
[0m20:55:09.799231 [debug] [Thread-3 (]: Began running node test.fraud_intelligence.unique_gld_alert_enriched_ALERT_ID.deb57c160c
[0m20:55:09.800279 [debug] [Thread-2 (]: Re-using an available connection from the pool (formerly test.fraud_intelligence.assert_no_duplicate_alert_id, now test.fraud_intelligence.not_null_gld_alert_enriched_CUSTOMER_ID.40bb639039)
[0m20:55:09.801276 [debug] [Thread-4 (]: Began running node test.fraud_intelligence.accepted_values_gld_customer_profile_RISK_SEGMENT__HIGH__MEDIUM__LOW__CRITICAL.befd8c236e
[0m20:55:09.802399 [debug] [Thread-5 (]: Began running node test.fraud_intelligence.not_null_gld_customer_profile_CUSTOMER_ID.3aa2452749
[0m20:55:09.803522 [debug] [Thread-3 (]: Re-using an available connection from the pool (formerly test.fraud_intelligence.assert_no_null_customer_id, now test.fraud_intelligence.unique_gld_alert_enriched_ALERT_ID.deb57c160c)
[0m20:55:09.804432 [debug] [Thread-2 (]: Began compiling node test.fraud_intelligence.not_null_gld_alert_enriched_CUSTOMER_ID.40bb639039
[0m20:55:09.805386 [debug] [Thread-4 (]: Re-using an available connection from the pool (formerly test.fraud_intelligence.not_null_gld_alert_enriched_ALERT_ID.f855930586, now test.fraud_intelligence.accepted_values_gld_customer_profile_RISK_SEGMENT__HIGH__MEDIUM__LOW__CRITICAL.befd8c236e)
[0m20:55:09.806331 [debug] [Thread-5 (]: Re-using an available connection from the pool (formerly test.fraud_intelligence.not_null_gld_alert_enriched_ALERT_RISK_SCORE.b222de259c, now test.fraud_intelligence.not_null_gld_customer_profile_CUSTOMER_ID.3aa2452749)
[0m20:55:09.807171 [debug] [Thread-3 (]: Began compiling node test.fraud_intelligence.unique_gld_alert_enriched_ALERT_ID.deb57c160c
[0m20:55:09.812607 [debug] [Thread-2 (]: Writing injected SQL for node "test.fraud_intelligence.not_null_gld_alert_enriched_CUSTOMER_ID.40bb639039"
[0m20:55:09.813572 [debug] [Thread-4 (]: Began compiling node test.fraud_intelligence.accepted_values_gld_customer_profile_RISK_SEGMENT__HIGH__MEDIUM__LOW__CRITICAL.befd8c236e
[0m20:55:09.814502 [debug] [Thread-5 (]: Began compiling node test.fraud_intelligence.not_null_gld_customer_profile_CUSTOMER_ID.3aa2452749
[0m20:55:09.821453 [debug] [Thread-3 (]: Writing injected SQL for node "test.fraud_intelligence.unique_gld_alert_enriched_ALERT_ID.deb57c160c"
[0m20:55:09.827371 [debug] [Thread-4 (]: Writing injected SQL for node "test.fraud_intelligence.accepted_values_gld_customer_profile_RISK_SEGMENT__HIGH__MEDIUM__LOW__CRITICAL.befd8c236e"
[0m20:55:09.828396 [debug] [Thread-2 (]: Began executing node test.fraud_intelligence.not_null_gld_alert_enriched_CUSTOMER_ID.40bb639039
[0m20:55:09.833091 [debug] [Thread-5 (]: Writing injected SQL for node "test.fraud_intelligence.not_null_gld_customer_profile_CUSTOMER_ID.3aa2452749"
[0m20:55:09.835067 [debug] [Thread-3 (]: Began executing node test.fraud_intelligence.unique_gld_alert_enriched_ALERT_ID.deb57c160c
[0m20:55:09.836394 [debug] [Thread-2 (]: Finished running node test.fraud_intelligence.not_null_gld_alert_enriched_CUSTOMER_ID.40bb639039
[0m20:55:09.837394 [debug] [Thread-4 (]: Began executing node test.fraud_intelligence.accepted_values_gld_customer_profile_RISK_SEGMENT__HIGH__MEDIUM__LOW__CRITICAL.befd8c236e
[0m20:55:09.838881 [debug] [Thread-3 (]: Finished running node test.fraud_intelligence.unique_gld_alert_enriched_ALERT_ID.deb57c160c
[0m20:55:09.839760 [debug] [Thread-5 (]: Began executing node test.fraud_intelligence.not_null_gld_customer_profile_CUSTOMER_ID.3aa2452749
[0m20:55:09.840685 [debug] [Thread-2 (]: Began running node test.fraud_intelligence.unique_gld_customer_profile_CUSTOMER_ID.3a8574bc97
[0m20:55:09.842009 [debug] [Thread-4 (]: Finished running node test.fraud_intelligence.accepted_values_gld_customer_profile_RISK_SEGMENT__HIGH__MEDIUM__LOW__CRITICAL.befd8c236e
[0m20:55:09.843075 [debug] [Thread-3 (]: Began running node test.fraud_intelligence.not_null_int_investigation_knowledge_base_DOC_ID.885f893210
[0m20:55:09.844442 [debug] [Thread-5 (]: Finished running node test.fraud_intelligence.not_null_gld_customer_profile_CUSTOMER_ID.3aa2452749
[0m20:55:09.845388 [debug] [Thread-2 (]: Re-using an available connection from the pool (formerly test.fraud_intelligence.not_null_gld_alert_enriched_CUSTOMER_ID.40bb639039, now test.fraud_intelligence.unique_gld_customer_profile_CUSTOMER_ID.3a8574bc97)
[0m20:55:09.846341 [debug] [Thread-4 (]: Began running node test.fraud_intelligence.unique_int_investigation_knowledge_base_DOC_ID.44e10c0c20
[0m20:55:09.847323 [debug] [Thread-3 (]: Re-using an available connection from the pool (formerly test.fraud_intelligence.unique_gld_alert_enriched_ALERT_ID.deb57c160c, now test.fraud_intelligence.not_null_int_investigation_knowledge_base_DOC_ID.885f893210)
[0m20:55:09.848276 [debug] [Thread-5 (]: Began running node test.fraud_intelligence.not_null_int_rule_code_knowledge_map_RULE_CODE.7f0f488cad
[0m20:55:09.849172 [debug] [Thread-2 (]: Began compiling node test.fraud_intelligence.unique_gld_customer_profile_CUSTOMER_ID.3a8574bc97
[0m20:55:09.850089 [debug] [Thread-4 (]: Re-using an available connection from the pool (formerly test.fraud_intelligence.accepted_values_gld_customer_profile_RISK_SEGMENT__HIGH__MEDIUM__LOW__CRITICAL.befd8c236e, now test.fraud_intelligence.unique_int_investigation_knowledge_base_DOC_ID.44e10c0c20)
[0m20:55:09.850954 [debug] [Thread-3 (]: Began compiling node test.fraud_intelligence.not_null_int_investigation_knowledge_base_DOC_ID.885f893210
[0m20:55:09.851849 [debug] [Thread-5 (]: Re-using an available connection from the pool (formerly test.fraud_intelligence.not_null_gld_customer_profile_CUSTOMER_ID.3aa2452749, now test.fraud_intelligence.not_null_int_rule_code_knowledge_map_RULE_CODE.7f0f488cad)
[0m20:55:09.857409 [debug] [Thread-2 (]: Writing injected SQL for node "test.fraud_intelligence.unique_gld_customer_profile_CUSTOMER_ID.3a8574bc97"
[0m20:55:09.858298 [debug] [Thread-4 (]: Began compiling node test.fraud_intelligence.unique_int_investigation_knowledge_base_DOC_ID.44e10c0c20
[0m20:55:09.863236 [debug] [Thread-3 (]: Writing injected SQL for node "test.fraud_intelligence.not_null_int_investigation_knowledge_base_DOC_ID.885f893210"
[0m20:55:09.864186 [debug] [Thread-5 (]: Began compiling node test.fraud_intelligence.not_null_int_rule_code_knowledge_map_RULE_CODE.7f0f488cad
[0m20:55:09.871961 [debug] [Thread-4 (]: Writing injected SQL for node "test.fraud_intelligence.unique_int_investigation_knowledge_base_DOC_ID.44e10c0c20"
[0m20:55:09.872768 [debug] [Thread-2 (]: Began executing node test.fraud_intelligence.unique_gld_customer_profile_CUSTOMER_ID.3a8574bc97
[0m20:55:09.878426 [debug] [Thread-5 (]: Writing injected SQL for node "test.fraud_intelligence.not_null_int_rule_code_knowledge_map_RULE_CODE.7f0f488cad"
[0m20:55:09.879444 [debug] [Thread-3 (]: Began executing node test.fraud_intelligence.not_null_int_investigation_knowledge_base_DOC_ID.885f893210
[0m20:55:09.881038 [debug] [Thread-2 (]: Finished running node test.fraud_intelligence.unique_gld_customer_profile_CUSTOMER_ID.3a8574bc97
[0m20:55:09.882060 [debug] [Thread-4 (]: Began executing node test.fraud_intelligence.unique_int_investigation_knowledge_base_DOC_ID.44e10c0c20
[0m20:55:09.883576 [debug] [Thread-3 (]: Finished running node test.fraud_intelligence.not_null_int_investigation_knowledge_base_DOC_ID.885f893210
[0m20:55:09.884479 [debug] [Thread-5 (]: Began executing node test.fraud_intelligence.not_null_int_rule_code_knowledge_map_RULE_CODE.7f0f488cad
[0m20:55:09.885404 [debug] [Thread-2 (]: Began running node test.fraud_intelligence.unique_int_rule_code_knowledge_map_RULE_CODE.52cf2dcc2f
[0m20:55:09.886838 [debug] [Thread-4 (]: Finished running node test.fraud_intelligence.unique_int_investigation_knowledge_base_DOC_ID.44e10c0c20
[0m20:55:09.887895 [debug] [Thread-3 (]: Began running node model.fraud_intelligence.gld_alert_enrichment_with_scoring
[0m20:55:09.889181 [debug] [Thread-5 (]: Finished running node test.fraud_intelligence.not_null_int_rule_code_knowledge_map_RULE_CODE.7f0f488cad
[0m20:55:09.890192 [debug] [Thread-2 (]: Re-using an available connection from the pool (formerly test.fraud_intelligence.unique_gld_customer_profile_CUSTOMER_ID.3a8574bc97, now test.fraud_intelligence.unique_int_rule_code_knowledge_map_RULE_CODE.52cf2dcc2f)
[0m20:55:09.891205 [debug] [Thread-4 (]: Began running node test.fraud_intelligence.not_null_gld_velocity_counters_CUSTOMER_ID.5e8cde9ac4
[0m20:55:09.892398 [debug] [Thread-3 (]: Re-using an available connection from the pool (formerly test.fraud_intelligence.not_null_int_investigation_knowledge_base_DOC_ID.885f893210, now model.fraud_intelligence.gld_alert_enrichment_with_scoring)
[0m20:55:09.893388 [debug] [Thread-5 (]: Began running node test.fraud_intelligence.unique_gld_velocity_counters_CUSTOMER_ID.c7cc1a1677
[0m20:55:09.894401 [debug] [Thread-2 (]: Began compiling node test.fraud_intelligence.unique_int_rule_code_knowledge_map_RULE_CODE.52cf2dcc2f
[0m20:55:09.895357 [debug] [Thread-4 (]: Re-using an available connection from the pool (formerly test.fraud_intelligence.unique_int_investigation_knowledge_base_DOC_ID.44e10c0c20, now test.fraud_intelligence.not_null_gld_velocity_counters_CUSTOMER_ID.5e8cde9ac4)
[0m20:55:09.896204 [debug] [Thread-3 (]: Began compiling node model.fraud_intelligence.gld_alert_enrichment_with_scoring
[0m20:55:09.897175 [debug] [Thread-5 (]: Re-using an available connection from the pool (formerly test.fraud_intelligence.not_null_int_rule_code_knowledge_map_RULE_CODE.7f0f488cad, now test.fraud_intelligence.unique_gld_velocity_counters_CUSTOMER_ID.c7cc1a1677)
[0m20:55:09.902536 [debug] [Thread-2 (]: Writing injected SQL for node "test.fraud_intelligence.unique_int_rule_code_knowledge_map_RULE_CODE.52cf2dcc2f"
[0m20:55:09.903470 [debug] [Thread-4 (]: Began compiling node test.fraud_intelligence.not_null_gld_velocity_counters_CUSTOMER_ID.5e8cde9ac4
[0m20:55:09.908472 [debug] [Thread-3 (]: Writing injected SQL for node "model.fraud_intelligence.gld_alert_enrichment_with_scoring"
[0m20:55:09.909422 [debug] [Thread-5 (]: Began compiling node test.fraud_intelligence.unique_gld_velocity_counters_CUSTOMER_ID.c7cc1a1677
[0m20:55:09.915123 [debug] [Thread-4 (]: Writing injected SQL for node "test.fraud_intelligence.not_null_gld_velocity_counters_CUSTOMER_ID.5e8cde9ac4"
[0m20:55:09.915982 [debug] [Thread-2 (]: Began executing node test.fraud_intelligence.unique_int_rule_code_knowledge_map_RULE_CODE.52cf2dcc2f
[0m20:55:09.924003 [debug] [Thread-5 (]: Writing injected SQL for node "test.fraud_intelligence.unique_gld_velocity_counters_CUSTOMER_ID.c7cc1a1677"
[0m20:55:09.924867 [debug] [Thread-3 (]: Began executing node model.fraud_intelligence.gld_alert_enrichment_with_scoring
[0m20:55:09.926587 [debug] [Thread-2 (]: Finished running node test.fraud_intelligence.unique_int_rule_code_knowledge_map_RULE_CODE.52cf2dcc2f
[0m20:55:09.927299 [debug] [Thread-4 (]: Began executing node test.fraud_intelligence.not_null_gld_velocity_counters_CUSTOMER_ID.5e8cde9ac4
[0m20:55:09.928878 [debug] [Thread-3 (]: Finished running node model.fraud_intelligence.gld_alert_enrichment_with_scoring
[0m20:55:09.929831 [debug] [Thread-5 (]: Began executing node test.fraud_intelligence.unique_gld_velocity_counters_CUSTOMER_ID.c7cc1a1677
[0m20:55:09.930742 [debug] [Thread-2 (]: Began running node model.fraud_intelligence.gld_ml_training_set
[0m20:55:09.932006 [debug] [Thread-4 (]: Finished running node test.fraud_intelligence.not_null_gld_velocity_counters_CUSTOMER_ID.5e8cde9ac4
[0m20:55:09.932978 [debug] [Thread-3 (]: Began running node test.fraud_intelligence.assert_positive_transaction_amount
[0m20:55:09.934568 [debug] [Thread-5 (]: Finished running node test.fraud_intelligence.unique_gld_velocity_counters_CUSTOMER_ID.c7cc1a1677
[0m20:55:09.935598 [debug] [Thread-2 (]: Re-using an available connection from the pool (formerly test.fraud_intelligence.unique_int_rule_code_knowledge_map_RULE_CODE.52cf2dcc2f, now model.fraud_intelligence.gld_ml_training_set)
[0m20:55:09.936534 [debug] [Thread-4 (]: Began running node test.fraud_intelligence.not_null_int_fraud_features_CUSTOMER_ID.bdb69b5b71
[0m20:55:09.937623 [debug] [Thread-3 (]: Re-using an available connection from the pool (formerly model.fraud_intelligence.gld_alert_enrichment_with_scoring, now test.fraud_intelligence.assert_positive_transaction_amount)
[0m20:55:09.938563 [debug] [Thread-5 (]: Began running node test.fraud_intelligence.not_null_int_fraud_features_TRANSACTION_AMOUNT.7e901d5801
[0m20:55:09.939499 [debug] [Thread-2 (]: Began compiling node model.fraud_intelligence.gld_ml_training_set
[0m20:55:09.940405 [debug] [Thread-4 (]: Re-using an available connection from the pool (formerly test.fraud_intelligence.not_null_gld_velocity_counters_CUSTOMER_ID.5e8cde9ac4, now test.fraud_intelligence.not_null_int_fraud_features_CUSTOMER_ID.bdb69b5b71)
[0m20:55:09.941247 [debug] [Thread-3 (]: Began compiling node test.fraud_intelligence.assert_positive_transaction_amount
[0m20:55:09.942223 [debug] [Thread-5 (]: Re-using an available connection from the pool (formerly test.fraud_intelligence.unique_gld_velocity_counters_CUSTOMER_ID.c7cc1a1677, now test.fraud_intelligence.not_null_int_fraud_features_TRANSACTION_AMOUNT.7e901d5801)
[0m20:55:09.946820 [debug] [Thread-2 (]: Writing injected SQL for node "model.fraud_intelligence.gld_ml_training_set"
[0m20:55:09.947732 [debug] [Thread-4 (]: Began compiling node test.fraud_intelligence.not_null_int_fraud_features_CUSTOMER_ID.bdb69b5b71
[0m20:55:09.951784 [debug] [Thread-3 (]: Writing injected SQL for node "test.fraud_intelligence.assert_positive_transaction_amount"
[0m20:55:09.952707 [debug] [Thread-5 (]: Began compiling node test.fraud_intelligence.not_null_int_fraud_features_TRANSACTION_AMOUNT.7e901d5801
[0m20:55:09.958441 [debug] [Thread-4 (]: Writing injected SQL for node "test.fraud_intelligence.not_null_int_fraud_features_CUSTOMER_ID.bdb69b5b71"
[0m20:55:09.959345 [debug] [Thread-2 (]: Began executing node model.fraud_intelligence.gld_ml_training_set
[0m20:55:09.965278 [debug] [Thread-5 (]: Writing injected SQL for node "test.fraud_intelligence.not_null_int_fraud_features_TRANSACTION_AMOUNT.7e901d5801"
[0m20:55:09.966232 [debug] [Thread-3 (]: Began executing node test.fraud_intelligence.assert_positive_transaction_amount
[0m20:55:09.967918 [debug] [Thread-2 (]: Finished running node model.fraud_intelligence.gld_ml_training_set
[0m20:55:09.968813 [debug] [Thread-4 (]: Began executing node test.fraud_intelligence.not_null_int_fraud_features_CUSTOMER_ID.bdb69b5b71
[0m20:55:09.970418 [debug] [Thread-3 (]: Finished running node test.fraud_intelligence.assert_positive_transaction_amount
[0m20:55:09.971287 [debug] [Thread-5 (]: Began executing node test.fraud_intelligence.not_null_int_fraud_features_TRANSACTION_AMOUNT.7e901d5801
[0m20:55:09.972208 [debug] [Thread-2 (]: Began running node test.fraud_intelligence.not_null_int_fraud_features_TRANSACTION_ID.ebfbe09c8b
[0m20:55:09.973940 [debug] [Thread-4 (]: Finished running node test.fraud_intelligence.not_null_int_fraud_features_CUSTOMER_ID.bdb69b5b71
[0m20:55:09.974922 [debug] [Thread-3 (]: Began running node test.fraud_intelligence.not_null_gld_alert_enrichment_with_scoring_ALERT_ID.ded410bb89
[0m20:55:09.976195 [debug] [Thread-5 (]: Finished running node test.fraud_intelligence.not_null_int_fraud_features_TRANSACTION_AMOUNT.7e901d5801
[0m20:55:09.977398 [debug] [Thread-2 (]: Re-using an available connection from the pool (formerly model.fraud_intelligence.gld_ml_training_set, now test.fraud_intelligence.not_null_int_fraud_features_TRANSACTION_ID.ebfbe09c8b)
[0m20:55:09.978383 [debug] [Thread-4 (]: Began running node test.fraud_intelligence.not_null_gld_alert_enrichment_with_scoring_COMPOSITE_RISK_SCORE.e8760dd0b3
[0m20:55:09.979463 [debug] [Thread-3 (]: Re-using an available connection from the pool (formerly test.fraud_intelligence.assert_positive_transaction_amount, now test.fraud_intelligence.not_null_gld_alert_enrichment_with_scoring_ALERT_ID.ded410bb89)
[0m20:55:09.980422 [debug] [Thread-5 (]: Began running node test.fraud_intelligence.not_null_gld_ml_training_set_TARGET_LABEL.c8b4047f2e
[0m20:55:09.981427 [debug] [Thread-2 (]: Began compiling node test.fraud_intelligence.not_null_int_fraud_features_TRANSACTION_ID.ebfbe09c8b
[0m20:55:09.982379 [debug] [Thread-4 (]: Re-using an available connection from the pool (formerly test.fraud_intelligence.not_null_int_fraud_features_CUSTOMER_ID.bdb69b5b71, now test.fraud_intelligence.not_null_gld_alert_enrichment_with_scoring_COMPOSITE_RISK_SCORE.e8760dd0b3)
[0m20:55:09.983195 [debug] [Thread-3 (]: Began compiling node test.fraud_intelligence.not_null_gld_alert_enrichment_with_scoring_ALERT_ID.ded410bb89
[0m20:55:09.984155 [debug] [Thread-5 (]: Re-using an available connection from the pool (formerly test.fraud_intelligence.not_null_int_fraud_features_TRANSACTION_AMOUNT.7e901d5801, now test.fraud_intelligence.not_null_gld_ml_training_set_TARGET_LABEL.c8b4047f2e)
[0m20:55:09.991857 [debug] [Thread-2 (]: Writing injected SQL for node "test.fraud_intelligence.not_null_int_fraud_features_TRANSACTION_ID.ebfbe09c8b"
[0m20:55:09.992751 [debug] [Thread-4 (]: Began compiling node test.fraud_intelligence.not_null_gld_alert_enrichment_with_scoring_COMPOSITE_RISK_SCORE.e8760dd0b3
[0m20:55:09.997973 [debug] [Thread-3 (]: Writing injected SQL for node "test.fraud_intelligence.not_null_gld_alert_enrichment_with_scoring_ALERT_ID.ded410bb89"
[0m20:55:09.998808 [debug] [Thread-5 (]: Began compiling node test.fraud_intelligence.not_null_gld_ml_training_set_TARGET_LABEL.c8b4047f2e
[0m20:55:10.004233 [debug] [Thread-4 (]: Writing injected SQL for node "test.fraud_intelligence.not_null_gld_alert_enrichment_with_scoring_COMPOSITE_RISK_SCORE.e8760dd0b3"
[0m20:55:10.005029 [debug] [Thread-2 (]: Began executing node test.fraud_intelligence.not_null_int_fraud_features_TRANSACTION_ID.ebfbe09c8b
[0m20:55:10.010241 [debug] [Thread-5 (]: Writing injected SQL for node "test.fraud_intelligence.not_null_gld_ml_training_set_TARGET_LABEL.c8b4047f2e"
[0m20:55:10.011239 [debug] [Thread-3 (]: Began executing node test.fraud_intelligence.not_null_gld_alert_enrichment_with_scoring_ALERT_ID.ded410bb89
[0m20:55:10.012654 [debug] [Thread-2 (]: Finished running node test.fraud_intelligence.not_null_int_fraud_features_TRANSACTION_ID.ebfbe09c8b
[0m20:55:10.013464 [debug] [Thread-4 (]: Began executing node test.fraud_intelligence.not_null_gld_alert_enrichment_with_scoring_COMPOSITE_RISK_SCORE.e8760dd0b3
[0m20:55:10.015076 [debug] [Thread-3 (]: Finished running node test.fraud_intelligence.not_null_gld_alert_enrichment_with_scoring_ALERT_ID.ded410bb89
[0m20:55:10.016326 [debug] [Thread-5 (]: Began executing node test.fraud_intelligence.not_null_gld_ml_training_set_TARGET_LABEL.c8b4047f2e
[0m20:55:10.017300 [debug] [Thread-2 (]: Began running node test.fraud_intelligence.not_null_gld_ml_training_set_TRANSACTION_ID.15daf58ed8
[0m20:55:10.018680 [debug] [Thread-4 (]: Finished running node test.fraud_intelligence.not_null_gld_alert_enrichment_with_scoring_COMPOSITE_RISK_SCORE.e8760dd0b3
[0m20:55:10.020462 [debug] [Thread-5 (]: Finished running node test.fraud_intelligence.not_null_gld_ml_training_set_TARGET_LABEL.c8b4047f2e
[0m20:55:10.021507 [debug] [Thread-2 (]: Re-using an available connection from the pool (formerly test.fraud_intelligence.not_null_int_fraud_features_TRANSACTION_ID.ebfbe09c8b, now test.fraud_intelligence.not_null_gld_ml_training_set_TRANSACTION_ID.15daf58ed8)
[0m20:55:10.023174 [debug] [Thread-2 (]: Began compiling node test.fraud_intelligence.not_null_gld_ml_training_set_TRANSACTION_ID.15daf58ed8
[0m20:55:10.028599 [debug] [Thread-2 (]: Writing injected SQL for node "test.fraud_intelligence.not_null_gld_ml_training_set_TRANSACTION_ID.15daf58ed8"
[0m20:55:10.029799 [debug] [Thread-2 (]: Began executing node test.fraud_intelligence.not_null_gld_ml_training_set_TRANSACTION_ID.15daf58ed8
[0m20:55:10.030865 [debug] [Thread-2 (]: Finished running node test.fraud_intelligence.not_null_gld_ml_training_set_TRANSACTION_ID.15daf58ed8
[0m20:55:10.035052 [debug] [Dummy-1   ]: Connection 'master' was properly closed.
[0m20:55:10.035851 [debug] [Dummy-1   ]: Connection 'test.fraud_intelligence.not_null_gld_ml_training_set_TRANSACTION_ID.15daf58ed8' was properly closed.
[0m20:55:10.036476 [debug] [Dummy-1   ]: Connection 'test.fraud_intelligence.not_null_gld_alert_enrichment_with_scoring_ALERT_ID.ded410bb89' was properly closed.
[0m20:55:10.037060 [debug] [Dummy-1   ]: Connection 'test.fraud_intelligence.not_null_gld_alert_enrichment_with_scoring_COMPOSITE_RISK_SCORE.e8760dd0b3' was properly closed.
[0m20:55:10.037638 [debug] [Dummy-1   ]: Connection 'test.fraud_intelligence.not_null_gld_ml_training_set_TARGET_LABEL.c8b4047f2e' was properly closed.
[0m20:55:10.042868 [debug] [Dummy-1   ]: Command end result
[0m20:55:10.075116 [debug] [Dummy-1   ]: Wrote artifact WritableManifest to /tmp/dbt/target/manifest.json
[0m20:55:10.078060 [debug] [Dummy-1   ]: Wrote artifact SemanticManifest to /tmp/dbt/target/semantic_manifest.json
[0m20:55:10.086502 [debug] [Dummy-1   ]: Wrote artifact RunExecutionResult to /tmp/dbt/target/run_results.json
[0m20:55:10.089137 [debug] [Dummy-1   ]: Resource report: {"command_name": "compile", "command_success": true, "command_wall_clock_time": 4.3095384, "process_in_blocks": "0", "process_kernel_time": 0.95, "process_mem_max_rss": "510904", "process_out_blocks": "0", "process_user_time": 6.94}
[0m20:55:10.089951 [debug] [Dummy-1   ]: Command `cli compile` succeeded at 20:55:10.089641 after 4.31 seconds
[0m20:55:10.090647 [debug] [Dummy-1   ]: Flushing usage events


============================== 20:55:29.905930 | fcd81702-a8d9-4e00-803b-047b45d83c3f ==============================
[0m20:55:29.905930 [info ] [Dummy-1   ]: Running with dbt=1.9.4
[0m20:55:29.907130 [debug] [Dummy-1   ]: running dbt with arguments {'printer_width': '80', 'indirect_selection': 'eager', 'write_json': 'True', 'log_cache_events': 'False', 'partial_parse': 'True', 'cache_selected_only': 'False', 'profiles_dir': '/tmp/dbt/', 'fail_fast': 'False', 'debug': 'False', 'log_path': '/tmp/dbt/logs', 'warn_error': 'None', 'version_check': 'True', 'use_colors': 'True', 'use_experimental_parser': 'False', 'empty': 'False', 'quiet': 'False', 'no_print': 'None', 'log_format': 'default', 'static_parser': 'True', 'invocation_command': 'dbt ', 'introspect': 'True', 'target_path': '/tmp/dbt/target/', 'warn_error_options': 'WarnErrorOptions(include=[], exclude=[])', 'send_anonymous_usage_stats': 'False'}
[0m20:55:30.168953 [info ] [Dummy-1   ]: Registered adapter: snowflake=1.9.2
[0m20:55:30.985183 [debug] [Dummy-1   ]: checksum: 53ed91fada2233efb98368d1716b44ab532c83a9c293cf1890b7905d5b45fb25, vars: {}, profile: , target: dev, version: 1.9.4
[0m20:55:31.284579 [debug] [Dummy-1   ]: Partial parsing enabled: 0 files deleted, 0 files added, 0 files changed.
[0m20:55:31.285442 [debug] [Dummy-1   ]: Partial parsing enabled, no changes found, skipping parsing
[0m20:55:31.435569 [debug] [Dummy-1   ]: Wrote artifact WritableManifest to /tmp/dbt/target/manifest.json
[0m20:55:31.438407 [debug] [Dummy-1   ]: Wrote artifact SemanticManifest to /tmp/dbt/target/semantic_manifest.json
[0m20:55:31.486881 [info ] [Dummy-1   ]: Found 16 models, 37 data tests, 6 sources, 474 macros
[0m20:55:31.490287 [info ] [Dummy-1   ]: 
[0m20:55:31.491160 [info ] [Dummy-1   ]: Concurrency: 4 threads (target='dev')
[0m20:55:31.491864 [info ] [Dummy-1   ]: 
[0m20:55:31.492987 [debug] [Dummy-1   ]: Acquiring new snowflake connection 'master'
[0m20:55:31.499219 [debug] [ThreadPool]: Acquiring new snowflake connection 'list_DEMO_DEV'
[0m20:55:31.644129 [debug] [ThreadPool]: Using snowflake connection "list_DEMO_DEV"
[0m20:55:31.645011 [debug] [ThreadPool]: On list_DEMO_DEV: /* {"app": "dbt", "dbt_version": "1.9.4", "profile_name": "fraud_intelligence", "target_name": "dev", "connection_name": "list_DEMO_DEV"} */
show terse schemas in database DEMO_DEV
    limit 10000
[0m20:55:31.645691 [debug] [ThreadPool]: Opening a new connection, currently in state init
[0m20:55:32.171500 [debug] [ThreadPool]: SQL status: SUCCESS 12 in 0.526 seconds
[0m20:55:32.176989 [debug] [ThreadPool]: Acquiring new snowflake connection 'list_DEMO_DEV_FRAUD_INTELLIGENCE'
[0m20:55:32.188543 [debug] [ThreadPool]: Using snowflake connection "list_DEMO_DEV_FRAUD_INTELLIGENCE"
[0m20:55:32.189341 [debug] [ThreadPool]: On list_DEMO_DEV_FRAUD_INTELLIGENCE: /* {"app": "dbt", "dbt_version": "1.9.4", "profile_name": "fraud_intelligence", "target_name": "dev", "connection_name": "list_DEMO_DEV_FRAUD_INTELLIGENCE"} */
alter session set quoted_identifiers_ignore_case = false;
[0m20:55:32.189993 [debug] [ThreadPool]: Opening a new connection, currently in state init
[0m20:55:32.643515 [debug] [ThreadPool]: SQL status: SUCCESS 1 in 0.453 seconds
[0m20:55:32.647777 [debug] [ThreadPool]: Using snowflake connection "list_DEMO_DEV_FRAUD_INTELLIGENCE"
[0m20:55:32.648492 [debug] [ThreadPool]: On list_DEMO_DEV_FRAUD_INTELLIGENCE: /* {"app": "dbt", "dbt_version": "1.9.4", "profile_name": "fraud_intelligence", "target_name": "dev", "connection_name": "list_DEMO_DEV_FRAUD_INTELLIGENCE"} */
show objects in DEMO_DEV.FRAUD_INTELLIGENCE
    limit 10000
    
;
[0m20:55:32.755287 [debug] [ThreadPool]: SQL status: SUCCESS 16 in 0.106 seconds
[0m20:55:32.757785 [debug] [ThreadPool]: Using snowflake connection "list_DEMO_DEV_FRAUD_INTELLIGENCE"
[0m20:55:32.758438 [debug] [ThreadPool]: On list_DEMO_DEV_FRAUD_INTELLIGENCE: /* {"app": "dbt", "dbt_version": "1.9.4", "profile_name": "fraud_intelligence", "target_name": "dev", "connection_name": "list_DEMO_DEV_FRAUD_INTELLIGENCE"} */
alter session unset quoted_identifiers_ignore_case;
[0m20:55:32.828907 [debug] [ThreadPool]: SQL status: SUCCESS 1 in 0.070 seconds
[0m20:55:32.847374 [debug] [Thread-2 (]: Began running node model.fraud_intelligence.int_fraud_model_metadata
[0m20:55:32.848121 [debug] [Thread-3 (]: Began running node model.fraud_intelligence.int_model_performance_log
[0m20:55:32.848957 [debug] [Thread-4 (]: Began running node model.fraud_intelligence.stg_raw_alerts
[0m20:55:32.849707 [debug] [Thread-5 (]: Began running node model.fraud_intelligence.stg_raw_customers
[0m20:55:32.850596 [info ] [Thread-2 (]: 1 of 16 START sql table model FRAUD_INTELLIGENCE.SLV_FRAUD_MODEL_METADATA ...... [RUN]
[0m20:55:32.851654 [info ] [Thread-3 (]: 2 of 16 START sql table model FRAUD_INTELLIGENCE.SLV_MODEL_PERFORMANCE_LOG ..... [RUN]
[0m20:55:32.852664 [info ] [Thread-4 (]: 3 of 16 START sql view model FRAUD_INTELLIGENCE.stg_raw_alerts ................. [RUN]
[0m20:55:32.853680 [info ] [Thread-5 (]: 4 of 16 START sql view model FRAUD_INTELLIGENCE.stg_raw_customers .............. [RUN]
[0m20:55:32.854759 [debug] [Thread-2 (]: Re-using an available connection from the pool (formerly list_DEMO_DEV_FRAUD_INTELLIGENCE, now model.fraud_intelligence.int_fraud_model_metadata)
[0m20:55:32.855604 [debug] [Thread-3 (]: Re-using an available connection from the pool (formerly list_DEMO_DEV, now model.fraud_intelligence.int_model_performance_log)
[0m20:55:32.856524 [debug] [Thread-4 (]: Acquiring new snowflake connection 'model.fraud_intelligence.stg_raw_alerts'
[0m20:55:32.857420 [debug] [Thread-5 (]: Acquiring new snowflake connection 'model.fraud_intelligence.stg_raw_customers'
[0m20:55:32.858208 [debug] [Thread-2 (]: Began compiling node model.fraud_intelligence.int_fraud_model_metadata
[0m20:55:32.858997 [debug] [Thread-3 (]: Began compiling node model.fraud_intelligence.int_model_performance_log
[0m20:55:32.859836 [debug] [Thread-4 (]: Began compiling node model.fraud_intelligence.stg_raw_alerts
[0m20:55:32.860590 [debug] [Thread-5 (]: Began compiling node model.fraud_intelligence.stg_raw_customers
[0m20:55:32.868589 [debug] [Thread-2 (]: Writing injected SQL for node "model.fraud_intelligence.int_fraud_model_metadata"
[0m20:55:32.872564 [debug] [Thread-3 (]: Writing injected SQL for node "model.fraud_intelligence.int_model_performance_log"
[0m20:55:32.876813 [debug] [Thread-4 (]: Writing injected SQL for node "model.fraud_intelligence.stg_raw_alerts"
[0m20:55:32.882097 [debug] [Thread-5 (]: Writing injected SQL for node "model.fraud_intelligence.stg_raw_customers"
[0m20:55:32.884155 [debug] [Thread-2 (]: Began executing node model.fraud_intelligence.int_fraud_model_metadata
[0m20:55:32.885553 [debug] [Thread-3 (]: Began executing node model.fraud_intelligence.int_model_performance_log
[0m20:55:32.887062 [debug] [Thread-4 (]: Began executing node model.fraud_intelligence.stg_raw_alerts
[0m20:55:32.911165 [debug] [Thread-5 (]: Began executing node model.fraud_intelligence.stg_raw_customers
[0m20:55:32.917234 [debug] [Thread-2 (]: Writing runtime sql for node "model.fraud_intelligence.int_fraud_model_metadata"
[0m20:55:32.921254 [debug] [Thread-3 (]: Writing runtime sql for node "model.fraud_intelligence.int_model_performance_log"
[0m20:55:32.981530 [debug] [Thread-4 (]: Writing runtime sql for node "model.fraud_intelligence.stg_raw_alerts"
[0m20:55:32.998326 [debug] [Thread-5 (]: Writing runtime sql for node "model.fraud_intelligence.stg_raw_customers"
[0m20:55:33.003105 [debug] [Thread-2 (]: Using snowflake connection "model.fraud_intelligence.int_fraud_model_metadata"
[0m20:55:33.004551 [debug] [Thread-3 (]: Using snowflake connection "model.fraud_intelligence.int_model_performance_log"
[0m20:55:33.006656 [debug] [Thread-4 (]: Using snowflake connection "model.fraud_intelligence.stg_raw_alerts"
[0m20:55:33.007554 [debug] [Thread-2 (]: On model.fraud_intelligence.int_fraud_model_metadata: /* {"app": "dbt", "dbt_version": "1.9.4", "profile_name": "fraud_intelligence", "target_name": "dev", "node_id": "model.fraud_intelligence.int_fraud_model_metadata"} */
create or replace transient table DEMO_DEV.FRAUD_INTELLIGENCE.SLV_FRAUD_MODEL_METADATA
         as
        (

SELECT
    'FRAUD_DETECTION_MODEL' AS MODEL_NAME,
    'v1' AS MODEL_VERSION,
    'XGBClassifier' AS MODEL_TYPE,
    'ACTIVE' AS MODEL_STATUS,
    CURRENT_TIMESTAMP() AS LAST_TRAINED_AT,
    CURRENT_TIMESTAMP() AS CREATED_AT
        );
[0m20:55:33.008989 [debug] [Thread-5 (]: Using snowflake connection "model.fraud_intelligence.stg_raw_customers"
[0m20:55:33.009822 [debug] [Thread-3 (]: On model.fraud_intelligence.int_model_performance_log: /* {"app": "dbt", "dbt_version": "1.9.4", "profile_name": "fraud_intelligence", "target_name": "dev", "node_id": "model.fraud_intelligence.int_model_performance_log"} */
create or replace transient table DEMO_DEV.FRAUD_INTELLIGENCE.SLV_MODEL_PERFORMANCE_LOG
         as
        (

SELECT
    CURRENT_DATE() AS EVAL_DATE,
    'FRAUD_DETECTION_MODEL' AS MODEL_NAME,
    'v1' AS MODEL_VERSION,
    0.92 AS PRECISION_SCORE,
    0.87 AS RECALL_SCORE,
    0.89 AS F1_SCORE,
    0.95 AS AUC_ROC,
    CURRENT_TIMESTAMP() AS LOGGED_AT
        );
[0m20:55:33.010791 [debug] [Thread-4 (]: On model.fraud_intelligence.stg_raw_alerts: /* {"app": "dbt", "dbt_version": "1.9.4", "profile_name": "fraud_intelligence", "target_name": "dev", "node_id": "model.fraud_intelligence.stg_raw_alerts"} */
create or replace   view DEMO_DEV.FRAUD_INTELLIGENCE.stg_raw_alerts
  
   as (
    

SELECT
    ALERT_ID,
    CUSTOMER_ID,
    ALERT_DATE,
    RULE_CODE,
    RULE_DESCRIPTION,
    ALERT_RISK_SCORE,
    ALERT_STATUS,
    ANALYST_ID,
    DISPOSITION,
    SAR_FILED,
    INGESTED_AT
FROM DEMO_DEV.FRAUD_INTELLIGENCE.BRZ_RAW_ALERTS
WHERE ALERT_ID IS NOT NULL
  );
[0m20:55:33.011675 [debug] [Thread-2 (]: Opening a new connection, currently in state init
[0m20:55:33.012495 [debug] [Thread-5 (]: On model.fraud_intelligence.stg_raw_customers: /* {"app": "dbt", "dbt_version": "1.9.4", "profile_name": "fraud_intelligence", "target_name": "dev", "node_id": "model.fraud_intelligence.stg_raw_customers"} */
create or replace   view DEMO_DEV.FRAUD_INTELLIGENCE.stg_raw_customers
  
   as (
    

SELECT
    CUSTOMER_ID,
    FULL_NAME,
    DATE_OF_BIRTH,
    EMAIL,
    PHONE,
    RISK_SEGMENT,
    KYC_COMPLETE,
    IS_SYNTHETIC_FLAG,
    IS_MERGER_DUP_FLAG,
    CUSTOMER_SINCE,
    ACCOUNT_COUNT,
    DATEDIFF(DAY, CUSTOMER_SINCE, CURRENT_DATE()) AS CUSTOMER_TENURE_DAYS,
    INGESTED_AT
FROM DEMO_DEV.FRAUD_INTELLIGENCE.BRZ_RAW_CUSTOMERS
WHERE CUSTOMER_ID IS NOT NULL
  );
[0m20:55:33.013378 [debug] [Thread-3 (]: Opening a new connection, currently in state init
[0m20:55:33.014264 [debug] [Thread-4 (]: Opening a new connection, currently in state init
[0m20:55:33.015453 [debug] [Thread-5 (]: Opening a new connection, currently in state init
[0m20:55:33.648993 [debug] [Thread-4 (]: SQL status: SUCCESS 1 in 0.635 seconds
[0m20:55:33.669866 [info ] [Thread-4 (]: 3 of 16 OK created sql view model FRAUD_INTELLIGENCE.stg_raw_alerts ............ [[32mSUCCESS 1[0m in 0.81s]
[0m20:55:33.670903 [debug] [Thread-4 (]: Finished running node model.fraud_intelligence.stg_raw_alerts
[0m20:55:33.671811 [debug] [Thread-4 (]: Began running node model.fraud_intelligence.stg_raw_investigation_docs
[0m20:55:33.673126 [info ] [Thread-4 (]: 5 of 16 START sql view model FRAUD_INTELLIGENCE.stg_raw_investigation_docs ..... [RUN]
[0m20:55:33.674017 [debug] [Thread-4 (]: Re-using an available connection from the pool (formerly model.fraud_intelligence.stg_raw_alerts, now model.fraud_intelligence.stg_raw_investigation_docs)
[0m20:55:33.674757 [debug] [Thread-4 (]: Began compiling node model.fraud_intelligence.stg_raw_investigation_docs
[0m20:55:33.678975 [debug] [Thread-4 (]: Writing injected SQL for node "model.fraud_intelligence.stg_raw_investigation_docs"
[0m20:55:33.680124 [debug] [Thread-4 (]: Began executing node model.fraud_intelligence.stg_raw_investigation_docs
[0m20:55:33.684060 [debug] [Thread-4 (]: Writing runtime sql for node "model.fraud_intelligence.stg_raw_investigation_docs"
[0m20:55:33.685575 [debug] [Thread-4 (]: Using snowflake connection "model.fraud_intelligence.stg_raw_investigation_docs"
[0m20:55:33.686346 [debug] [Thread-4 (]: On model.fraud_intelligence.stg_raw_investigation_docs: /* {"app": "dbt", "dbt_version": "1.9.4", "profile_name": "fraud_intelligence", "target_name": "dev", "node_id": "model.fraud_intelligence.stg_raw_investigation_docs"} */
create or replace   view DEMO_DEV.FRAUD_INTELLIGENCE.stg_raw_investigation_docs
  
   as (
    

SELECT
    DOC_ID,
    DOC_TITLE,
    DOC_CONTENT,
    DOC_CATEGORY,
    EFFECTIVE_DATE,
    INGESTED_AT
FROM DEMO_DEV.FRAUD_INTELLIGENCE.BRZ_RAW_INVESTIGATION_DOCS
WHERE DOC_ID IS NOT NULL
  );
[0m20:55:33.687044 [debug] [Thread-4 (]: Opening a new connection, currently in state init
[0m20:55:33.723160 [debug] [Thread-5 (]: SQL status: SUCCESS 1 in 0.708 seconds
[0m20:55:33.726795 [info ] [Thread-5 (]: 4 of 16 OK created sql view model FRAUD_INTELLIGENCE.stg_raw_customers ......... [[32mSUCCESS 1[0m in 0.87s]
[0m20:55:33.728289 [debug] [Thread-5 (]: Finished running node model.fraud_intelligence.stg_raw_customers
[0m20:55:33.729320 [debug] [Thread-5 (]: Began running node model.fraud_intelligence.stg_raw_rule_definitions
[0m20:55:33.730792 [info ] [Thread-5 (]: 6 of 16 START sql view model FRAUD_INTELLIGENCE.stg_raw_rule_definitions ....... [RUN]
[0m20:55:33.731738 [debug] [Thread-5 (]: Re-using an available connection from the pool (formerly model.fraud_intelligence.stg_raw_customers, now model.fraud_intelligence.stg_raw_rule_definitions)
[0m20:55:33.732479 [debug] [Thread-5 (]: Began compiling node model.fraud_intelligence.stg_raw_rule_definitions
[0m20:55:33.737817 [debug] [Thread-5 (]: Writing injected SQL for node "model.fraud_intelligence.stg_raw_rule_definitions"
[0m20:55:33.738903 [debug] [Thread-5 (]: Began executing node model.fraud_intelligence.stg_raw_rule_definitions
[0m20:55:33.742743 [debug] [Thread-5 (]: Writing runtime sql for node "model.fraud_intelligence.stg_raw_rule_definitions"
[0m20:55:33.744373 [debug] [Thread-5 (]: Using snowflake connection "model.fraud_intelligence.stg_raw_rule_definitions"
[0m20:55:33.745038 [debug] [Thread-5 (]: On model.fraud_intelligence.stg_raw_rule_definitions: /* {"app": "dbt", "dbt_version": "1.9.4", "profile_name": "fraud_intelligence", "target_name": "dev", "node_id": "model.fraud_intelligence.stg_raw_rule_definitions"} */
create or replace   view DEMO_DEV.FRAUD_INTELLIGENCE.stg_raw_rule_definitions
  
   as (
    

SELECT
    RULE_CODE,
    RULE_NAME,
    RULE_DESCRIPTION,
    RULE_CATEGORY,
    RISK_WEIGHT,
    IS_ACTIVE,
    CREATED_DATE,
    INGESTED_AT
FROM DEMO_DEV.FRAUD_INTELLIGENCE.BRZ_RAW_RULE_DEFINITIONS
WHERE RULE_CODE IS NOT NULL
  );
[0m20:55:33.745717 [debug] [Thread-5 (]: Opening a new connection, currently in state init
[0m20:55:34.112154 [debug] [Thread-3 (]: SQL status: SUCCESS 1 in 1.099 seconds
[0m20:55:34.117972 [info ] [Thread-3 (]: 2 of 16 OK created sql table model FRAUD_INTELLIGENCE.SLV_MODEL_PERFORMANCE_LOG  [[32mSUCCESS 1[0m in 1.26s]
[0m20:55:34.119106 [debug] [Thread-3 (]: Finished running node model.fraud_intelligence.int_model_performance_log
[0m20:55:34.120014 [debug] [Thread-3 (]: Began running node model.fraud_intelligence.stg_raw_transactions
[0m20:55:34.121071 [info ] [Thread-3 (]: 7 of 16 START sql view model FRAUD_INTELLIGENCE.stg_raw_transactions ........... [RUN]
[0m20:55:34.122216 [debug] [Thread-3 (]: Re-using an available connection from the pool (formerly model.fraud_intelligence.int_model_performance_log, now model.fraud_intelligence.stg_raw_transactions)
[0m20:55:34.122992 [debug] [Thread-3 (]: Began compiling node model.fraud_intelligence.stg_raw_transactions
[0m20:55:34.127227 [debug] [Thread-3 (]: Writing injected SQL for node "model.fraud_intelligence.stg_raw_transactions"
[0m20:55:34.128397 [debug] [Thread-3 (]: Began executing node model.fraud_intelligence.stg_raw_transactions
[0m20:55:34.132303 [debug] [Thread-3 (]: Writing runtime sql for node "model.fraud_intelligence.stg_raw_transactions"
[0m20:55:34.133838 [debug] [Thread-3 (]: Using snowflake connection "model.fraud_intelligence.stg_raw_transactions"
[0m20:55:34.134642 [debug] [Thread-3 (]: On model.fraud_intelligence.stg_raw_transactions: /* {"app": "dbt", "dbt_version": "1.9.4", "profile_name": "fraud_intelligence", "target_name": "dev", "node_id": "model.fraud_intelligence.stg_raw_transactions"} */
create or replace   view DEMO_DEV.FRAUD_INTELLIGENCE.stg_raw_transactions
  
   as (
    

SELECT
    TRANSACTION_ID,
    CUSTOMER_ID,
    ACCOUNT_ID,
    TRANSACTION_DATE,
    TRANSACTION_AMOUNT,
    TRANSACTION_TYPE,
    MERCHANT_CATEGORY,
    CHANNEL,
    MERCHANT_NAME,
    MERCHANT_COUNTRY,
    INGESTED_AT
FROM DEMO_DEV.FRAUD_INTELLIGENCE.BRZ_RAW_TRANSACTIONS
WHERE TRANSACTION_ID IS NOT NULL
  );
[0m20:55:34.135341 [debug] [Thread-3 (]: Opening a new connection, currently in state init
[0m20:55:34.239905 [debug] [Thread-2 (]: SQL status: SUCCESS 1 in 1.228 seconds
[0m20:55:34.243083 [info ] [Thread-2 (]: 1 of 16 OK created sql table model FRAUD_INTELLIGENCE.SLV_FRAUD_MODEL_METADATA . [[32mSUCCESS 1[0m in 1.39s]
[0m20:55:34.244223 [debug] [Thread-2 (]: Finished running node model.fraud_intelligence.int_fraud_model_metadata
[0m20:55:34.245082 [debug] [Thread-2 (]: Began running node model.fraud_intelligence.stg_raw_velocity_events
[0m20:55:34.246230 [info ] [Thread-2 (]: 8 of 16 START sql view model FRAUD_INTELLIGENCE.stg_raw_velocity_events ........ [RUN]
[0m20:55:34.247163 [debug] [Thread-2 (]: Re-using an available connection from the pool (formerly model.fraud_intelligence.int_fraud_model_metadata, now model.fraud_intelligence.stg_raw_velocity_events)
[0m20:55:34.247932 [debug] [Thread-2 (]: Began compiling node model.fraud_intelligence.stg_raw_velocity_events
[0m20:55:34.253601 [debug] [Thread-2 (]: Writing injected SQL for node "model.fraud_intelligence.stg_raw_velocity_events"
[0m20:55:34.254860 [debug] [Thread-2 (]: Began executing node model.fraud_intelligence.stg_raw_velocity_events
[0m20:55:34.258588 [debug] [Thread-2 (]: Writing runtime sql for node "model.fraud_intelligence.stg_raw_velocity_events"
[0m20:55:34.260165 [debug] [Thread-2 (]: Using snowflake connection "model.fraud_intelligence.stg_raw_velocity_events"
[0m20:55:34.260970 [debug] [Thread-2 (]: On model.fraud_intelligence.stg_raw_velocity_events: /* {"app": "dbt", "dbt_version": "1.9.4", "profile_name": "fraud_intelligence", "target_name": "dev", "node_id": "model.fraud_intelligence.stg_raw_velocity_events"} */
create or replace   view DEMO_DEV.FRAUD_INTELLIGENCE.stg_raw_velocity_events
  
   as (
    

SELECT
    EVENT_ID,
    CUSTOMER_ID,
    EVENT_TIMESTAMP,
    TXN_COUNT_1H,
    TXN_COUNT_24H,
    TXN_AMOUNT_1H,
    TXN_AMOUNT_24H,
    DISTINCT_MERCHANTS_24H,
    RECENT_TXN_COUNT,
    RECENT_TXN_AMOUNT,
    FRAUD_RATE_7D,
    INGESTED_AT
FROM DEMO_DEV.FRAUD_INTELLIGENCE.BRZ_RAW_VELOCITY_EVENTS
WHERE CUSTOMER_ID IS NOT NULL
  );
[0m20:55:34.261710 [debug] [Thread-2 (]: Opening a new connection, currently in state init
[0m20:55:34.316503 [debug] [Thread-4 (]: SQL status: SUCCESS 1 in 0.629 seconds
[0m20:55:34.319785 [info ] [Thread-4 (]: 5 of 16 OK created sql view model FRAUD_INTELLIGENCE.stg_raw_investigation_docs  [[32mSUCCESS 1[0m in 0.65s]
[0m20:55:34.320834 [debug] [Thread-4 (]: Finished running node model.fraud_intelligence.stg_raw_investigation_docs
[0m20:55:34.321708 [debug] [Thread-4 (]: Began running node model.fraud_intelligence.gld_alert_enriched
[0m20:55:34.323146 [info ] [Thread-4 (]: 9 of 16 START sql table model FRAUD_INTELLIGENCE.GLD_ALERT_ENRICHED ............ [RUN]
[0m20:55:34.324109 [debug] [Thread-4 (]: Re-using an available connection from the pool (formerly model.fraud_intelligence.stg_raw_investigation_docs, now model.fraud_intelligence.gld_alert_enriched)
[0m20:55:34.324818 [debug] [Thread-4 (]: Began compiling node model.fraud_intelligence.gld_alert_enriched
[0m20:55:34.329443 [debug] [Thread-4 (]: Writing injected SQL for node "model.fraud_intelligence.gld_alert_enriched"
[0m20:55:34.337013 [debug] [Thread-4 (]: Began executing node model.fraud_intelligence.gld_alert_enriched
[0m20:55:34.341065 [debug] [Thread-4 (]: Writing runtime sql for node "model.fraud_intelligence.gld_alert_enriched"
[0m20:55:34.342724 [debug] [Thread-4 (]: Using snowflake connection "model.fraud_intelligence.gld_alert_enriched"
[0m20:55:34.343537 [debug] [Thread-4 (]: On model.fraud_intelligence.gld_alert_enriched: /* {"app": "dbt", "dbt_version": "1.9.4", "profile_name": "fraud_intelligence", "target_name": "dev", "node_id": "model.fraud_intelligence.gld_alert_enriched"} */
create or replace transient table DEMO_DEV.FRAUD_INTELLIGENCE.GLD_ALERT_ENRICHED
         as
        (

SELECT
    a.ALERT_ID,
    a.CUSTOMER_ID,
    a.ALERT_DATE,
    a.RULE_CODE,
    a.RULE_DESCRIPTION,
    a.ALERT_RISK_SCORE,
    a.ALERT_STATUS,
    a.ANALYST_ID,
    a.DISPOSITION,
    a.SAR_FILED,
    CASE
        WHEN a.DISPOSITION IN ('FRAUD_CONFIRMED', 'SAR_FILED') THEN TRUE
        ELSE FALSE
    END AS IS_FRAUD_DERIVED,
    a.INGESTED_AT AS DBT_LOADED_AT
FROM DEMO_DEV.FRAUD_INTELLIGENCE.stg_raw_alerts a
        );
[0m20:55:34.344308 [debug] [Thread-4 (]: Opening a new connection, currently in state init
[0m20:55:34.376958 [debug] [Thread-5 (]: SQL status: SUCCESS 1 in 0.631 seconds
[0m20:55:34.380052 [info ] [Thread-5 (]: 6 of 16 OK created sql view model FRAUD_INTELLIGENCE.stg_raw_rule_definitions .. [[32mSUCCESS 1[0m in 0.65s]
[0m20:55:34.381142 [debug] [Thread-5 (]: Finished running node model.fraud_intelligence.stg_raw_rule_definitions
[0m20:55:34.382093 [debug] [Thread-5 (]: Began running node model.fraud_intelligence.gld_customer_profile
[0m20:55:34.384191 [info ] [Thread-5 (]: 10 of 16 START sql table model FRAUD_INTELLIGENCE.GLD_CUSTOMER_PROFILE ......... [RUN]
[0m20:55:34.385821 [debug] [Thread-5 (]: Re-using an available connection from the pool (formerly model.fraud_intelligence.stg_raw_rule_definitions, now model.fraud_intelligence.gld_customer_profile)
[0m20:55:34.386611 [debug] [Thread-5 (]: Began compiling node model.fraud_intelligence.gld_customer_profile
[0m20:55:34.391058 [debug] [Thread-5 (]: Writing injected SQL for node "model.fraud_intelligence.gld_customer_profile"
[0m20:55:34.392125 [debug] [Thread-5 (]: Began executing node model.fraud_intelligence.gld_customer_profile
[0m20:55:34.397096 [debug] [Thread-5 (]: Writing runtime sql for node "model.fraud_intelligence.gld_customer_profile"
[0m20:55:34.398902 [debug] [Thread-5 (]: Using snowflake connection "model.fraud_intelligence.gld_customer_profile"
[0m20:55:34.399755 [debug] [Thread-5 (]: On model.fraud_intelligence.gld_customer_profile: /* {"app": "dbt", "dbt_version": "1.9.4", "profile_name": "fraud_intelligence", "target_name": "dev", "node_id": "model.fraud_intelligence.gld_customer_profile"} */
create or replace transient table DEMO_DEV.FRAUD_INTELLIGENCE.GLD_CUSTOMER_PROFILE
         as
        (

SELECT
    c.CUSTOMER_ID,
    c.FULL_NAME,
    c.RISK_SEGMENT,
    c.KYC_COMPLETE,
    c.IS_SYNTHETIC_FLAG,
    c.IS_MERGER_DUP_FLAG,
    c.ACCOUNT_COUNT,
    c.CUSTOMER_TENURE_DAYS,
    DATEDIFF(DAY, c.CUSTOMER_SINCE, CURRENT_DATE()) AS MIN_ACCOUNT_AGE_DAYS,
    DATEDIFF(DAY, c.CUSTOMER_SINCE, CURRENT_DATE()) AS MAX_ACCOUNT_AGE_DAYS,
    COALESCE(alert_counts.PRIOR_ALERT_COUNT, 0) AS PRIOR_ALERT_COUNT,
    c.INGESTED_AT AS DBT_LOADED_AT
FROM DEMO_DEV.FRAUD_INTELLIGENCE.stg_raw_customers c
LEFT JOIN (
    SELECT CUSTOMER_ID, COUNT(*) AS PRIOR_ALERT_COUNT
    FROM DEMO_DEV.FRAUD_INTELLIGENCE.stg_raw_alerts
    GROUP BY CUSTOMER_ID
) alert_counts ON c.CUSTOMER_ID = alert_counts.CUSTOMER_ID
        );
[0m20:55:34.400479 [debug] [Thread-5 (]: Opening a new connection, currently in state init
[0m20:55:34.773774 [debug] [Thread-3 (]: SQL status: SUCCESS 1 in 0.638 seconds
[0m20:55:34.776850 [info ] [Thread-3 (]: 7 of 16 OK created sql view model FRAUD_INTELLIGENCE.stg_raw_transactions ...... [[32mSUCCESS 1[0m in 0.65s]
[0m20:55:34.777899 [debug] [Thread-3 (]: Finished running node model.fraud_intelligence.stg_raw_transactions
[0m20:55:34.778718 [debug] [Thread-3 (]: Began running node model.fraud_intelligence.int_investigation_knowledge_base
[0m20:55:34.779704 [info ] [Thread-3 (]: 11 of 16 START sql table model FRAUD_INTELLIGENCE.SLV_INVESTIGATION_KNOWLEDGE_BASE  [RUN]
[0m20:55:34.780587 [debug] [Thread-3 (]: Re-using an available connection from the pool (formerly model.fraud_intelligence.stg_raw_transactions, now model.fraud_intelligence.int_investigation_knowledge_base)
[0m20:55:34.781291 [debug] [Thread-3 (]: Began compiling node model.fraud_intelligence.int_investigation_knowledge_base
[0m20:55:34.785608 [debug] [Thread-3 (]: Writing injected SQL for node "model.fraud_intelligence.int_investigation_knowledge_base"
[0m20:55:34.786647 [debug] [Thread-3 (]: Began executing node model.fraud_intelligence.int_investigation_knowledge_base
[0m20:55:34.790444 [debug] [Thread-3 (]: Writing runtime sql for node "model.fraud_intelligence.int_investigation_knowledge_base"
[0m20:55:34.791838 [debug] [Thread-3 (]: Using snowflake connection "model.fraud_intelligence.int_investigation_knowledge_base"
[0m20:55:34.792557 [debug] [Thread-3 (]: On model.fraud_intelligence.int_investigation_knowledge_base: /* {"app": "dbt", "dbt_version": "1.9.4", "profile_name": "fraud_intelligence", "target_name": "dev", "node_id": "model.fraud_intelligence.int_investigation_knowledge_base"} */
create or replace transient table DEMO_DEV.FRAUD_INTELLIGENCE.SLV_INVESTIGATION_KNOWLEDGE_BASE
         as
        (

SELECT
    DOC_ID,
    DOC_TITLE AS TITLE,
    DOC_CONTENT AS CONTENT,
    DOC_CATEGORY AS CATEGORY,
    EFFECTIVE_DATE,
    INGESTED_AT AS LOADED_AT
FROM DEMO_DEV.FRAUD_INTELLIGENCE.stg_raw_investigation_docs
        );
[0m20:55:34.793219 [debug] [Thread-3 (]: Opening a new connection, currently in state init
[0m20:55:34.933292 [debug] [Thread-2 (]: SQL status: SUCCESS 1 in 0.671 seconds
[0m20:55:34.936436 [info ] [Thread-2 (]: 8 of 16 OK created sql view model FRAUD_INTELLIGENCE.stg_raw_velocity_events ... [[32mSUCCESS 1[0m in 0.69s]
[0m20:55:34.937373 [debug] [Thread-2 (]: Finished running node model.fraud_intelligence.stg_raw_velocity_events
[0m20:55:34.938197 [debug] [Thread-2 (]: Began running node model.fraud_intelligence.int_rule_code_knowledge_map
[0m20:55:34.939660 [info ] [Thread-2 (]: 12 of 16 START sql table model FRAUD_INTELLIGENCE.SLV_RULE_CODE_KNOWLEDGE_MAP .. [RUN]
[0m20:55:34.940609 [debug] [Thread-2 (]: Re-using an available connection from the pool (formerly model.fraud_intelligence.stg_raw_velocity_events, now model.fraud_intelligence.int_rule_code_knowledge_map)
[0m20:55:34.941334 [debug] [Thread-2 (]: Began compiling node model.fraud_intelligence.int_rule_code_knowledge_map
[0m20:55:34.945943 [debug] [Thread-2 (]: Writing injected SQL for node "model.fraud_intelligence.int_rule_code_knowledge_map"
[0m20:55:34.947064 [debug] [Thread-2 (]: Began executing node model.fraud_intelligence.int_rule_code_knowledge_map
[0m20:55:34.952250 [debug] [Thread-2 (]: Writing runtime sql for node "model.fraud_intelligence.int_rule_code_knowledge_map"
[0m20:55:34.953808 [debug] [Thread-2 (]: Using snowflake connection "model.fraud_intelligence.int_rule_code_knowledge_map"
[0m20:55:34.954657 [debug] [Thread-2 (]: On model.fraud_intelligence.int_rule_code_knowledge_map: /* {"app": "dbt", "dbt_version": "1.9.4", "profile_name": "fraud_intelligence", "target_name": "dev", "node_id": "model.fraud_intelligence.int_rule_code_knowledge_map"} */
create or replace transient table DEMO_DEV.FRAUD_INTELLIGENCE.SLV_RULE_CODE_KNOWLEDGE_MAP
         as
        (

SELECT
    RULE_CODE,
    RULE_NAME,
    RULE_DESCRIPTION AS DESCRIPTION,
    RULE_CATEGORY AS CATEGORY,
    RISK_WEIGHT,
    IS_ACTIVE,
    CREATED_DATE,
    INGESTED_AT AS LOADED_AT
FROM DEMO_DEV.FRAUD_INTELLIGENCE.stg_raw_rule_definitions
        );
[0m20:55:34.955421 [debug] [Thread-2 (]: Opening a new connection, currently in state init
[0m20:55:35.560743 [debug] [Thread-4 (]: SQL status: SUCCESS 1 in 1.216 seconds
[0m20:55:35.564293 [info ] [Thread-4 (]: 9 of 16 OK created sql table model FRAUD_INTELLIGENCE.GLD_ALERT_ENRICHED ....... [[32mSUCCESS 1[0m in 1.24s]
[0m20:55:35.565340 [debug] [Thread-4 (]: Finished running node model.fraud_intelligence.gld_alert_enriched
[0m20:55:35.566179 [debug] [Thread-4 (]: Began running node model.fraud_intelligence.gld_velocity_counters
[0m20:55:35.567260 [info ] [Thread-4 (]: 13 of 16 START sql table model FRAUD_INTELLIGENCE.GLD_VELOCITY_COUNTERS ........ [RUN]
[0m20:55:35.568153 [debug] [Thread-4 (]: Re-using an available connection from the pool (formerly model.fraud_intelligence.gld_alert_enriched, now model.fraud_intelligence.gld_velocity_counters)
[0m20:55:35.568859 [debug] [Thread-4 (]: Began compiling node model.fraud_intelligence.gld_velocity_counters
[0m20:55:35.573189 [debug] [Thread-4 (]: Writing injected SQL for node "model.fraud_intelligence.gld_velocity_counters"
[0m20:55:35.574299 [debug] [Thread-4 (]: Began executing node model.fraud_intelligence.gld_velocity_counters
[0m20:55:35.578067 [debug] [Thread-4 (]: Writing runtime sql for node "model.fraud_intelligence.gld_velocity_counters"
[0m20:55:35.579698 [debug] [Thread-4 (]: Using snowflake connection "model.fraud_intelligence.gld_velocity_counters"
[0m20:55:35.580454 [debug] [Thread-4 (]: On model.fraud_intelligence.gld_velocity_counters: /* {"app": "dbt", "dbt_version": "1.9.4", "profile_name": "fraud_intelligence", "target_name": "dev", "node_id": "model.fraud_intelligence.gld_velocity_counters"} */
create or replace transient table DEMO_DEV.FRAUD_INTELLIGENCE.GLD_VELOCITY_COUNTERS
         as
        (

SELECT
    v.CUSTOMER_ID,
    MAX(v.EVENT_TIMESTAMP) AS LAST_UPDATED,
    MAX(v.TXN_COUNT_1H) AS TXN_COUNT_1H,
    MAX(v.TXN_COUNT_24H) AS TXN_COUNT_24H,
    MAX(v.TXN_AMOUNT_1H) AS TXN_AMOUNT_1H,
    MAX(v.TXN_AMOUNT_24H) AS TXN_AMOUNT_24H,
    MAX(v.DISTINCT_MERCHANTS_24H) AS DISTINCT_MERCHANTS_24H,
    MAX(v.RECENT_TXN_COUNT) AS RECENT_TXN_COUNT,
    MAX(v.RECENT_TXN_AMOUNT) AS RECENT_TXN_AMOUNT,
    MAX(v.FRAUD_RATE_7D) AS FRAUD_RATE_7D
FROM DEMO_DEV.FRAUD_INTELLIGENCE.stg_raw_velocity_events v
GROUP BY v.CUSTOMER_ID
        );
[0m20:55:35.581118 [debug] [Thread-4 (]: Opening a new connection, currently in state init
[0m20:55:35.692333 [debug] [Thread-5 (]: SQL status: SUCCESS 1 in 1.292 seconds
[0m20:55:35.695416 [info ] [Thread-5 (]: 10 of 16 OK created sql table model FRAUD_INTELLIGENCE.GLD_CUSTOMER_PROFILE .... [[32mSUCCESS 1[0m in 1.31s]
[0m20:55:35.696431 [debug] [Thread-5 (]: Finished running node model.fraud_intelligence.gld_customer_profile
[0m20:55:35.697282 [debug] [Thread-5 (]: Began running node model.fraud_intelligence.int_fraud_features
[0m20:55:35.698220 [info ] [Thread-5 (]: 14 of 16 START sql table model FRAUD_INTELLIGENCE.SLV_FRAUD_FEATURES ........... [RUN]
[0m20:55:35.699177 [debug] [Thread-5 (]: Re-using an available connection from the pool (formerly model.fraud_intelligence.gld_customer_profile, now model.fraud_intelligence.int_fraud_features)
[0m20:55:35.699898 [debug] [Thread-5 (]: Began compiling node model.fraud_intelligence.int_fraud_features
[0m20:55:35.705056 [debug] [Thread-5 (]: Writing injected SQL for node "model.fraud_intelligence.int_fraud_features"
[0m20:55:35.706172 [debug] [Thread-5 (]: Began executing node model.fraud_intelligence.int_fraud_features
[0m20:55:35.709817 [debug] [Thread-5 (]: Writing runtime sql for node "model.fraud_intelligence.int_fraud_features"
[0m20:55:35.712653 [debug] [Thread-5 (]: Using snowflake connection "model.fraud_intelligence.int_fraud_features"
[0m20:55:35.713519 [debug] [Thread-5 (]: On model.fraud_intelligence.int_fraud_features: /* {"app": "dbt", "dbt_version": "1.9.4", "profile_name": "fraud_intelligence", "target_name": "dev", "node_id": "model.fraud_intelligence.int_fraud_features"} */
create or replace transient table DEMO_DEV.FRAUD_INTELLIGENCE.SLV_FRAUD_FEATURES
         as
        (

SELECT
    t.TRANSACTION_ID,
    t.CUSTOMER_ID,
    t.TRANSACTION_AMOUNT,
    t.TRANSACTION_TYPE,
    t.MERCHANT_CATEGORY,
    t.CHANNEL,
    DATEDIFF(DAY, c.CUSTOMER_SINCE, t.TRANSACTION_DATE) AS ACCOUNT_AGE_DAYS,
    t.TRANSACTION_AMOUNT * 10 AS CREDIT_LIMIT,
    t.TRANSACTION_AMOUNT * 3 AS CURRENT_BALANCE,
    COALESCE(t.ACCOUNT_ID, 'UNKNOWN') AS ACCOUNT_TYPE,
    CASE
        WHEN t.TRANSACTION_AMOUNT * 10 > 0
            THEN ROUND((t.TRANSACTION_AMOUNT * 3) / (t.TRANSACTION_AMOUNT * 10), 4)
        ELSE 0
    END AS UTILIZATION_RATIO,
    c.RISK_SEGMENT,
    c.KYC_COMPLETE,
    0 AS ADDRESS_CHANGE_COUNT,
    c.IS_SYNTHETIC_FLAG,
    c.IS_MERGER_DUP_FLAG,
    c.CUSTOMER_TENURE_DAYS,
    COALESCE(alert_counts.PRIOR_ALERT_COUNT, 0) AS PRIOR_ALERT_COUNT_CUSTOMER,
    COALESCE(alert_7d.ALERT_WITHIN_7D, 0) AS ALERT_WITHIN_7D,
    COALESCE(v.TXN_COUNT_1H, 0) AS TXN_COUNT_1H,
    COALESCE(v.TXN_COUNT_24H, 0) AS TXN_COUNT_24H,
    COALESCE(v.TXN_AMOUNT_1H, 0) AS TXN_AMOUNT_1H,
    COALESCE(v.TXN_AMOUNT_24H, 0) AS TXN_AMOUNT_24H,
    COALESCE(v.DISTINCT_MERCHANTS_24H, 0) AS DISTINCT_MERCHANTS_24H
FROM DEMO_DEV.FRAUD_INTELLIGENCE.stg_raw_transactions t
LEFT JOIN DEMO_DEV.FRAUD_INTELLIGENCE.stg_raw_customers c
    ON t.CUSTOMER_ID = c.CUSTOMER_ID
LEFT JOIN (
    SELECT CUSTOMER_ID, MAX(TXN_COUNT_1H) AS TXN_COUNT_1H, MAX(TXN_COUNT_24H) AS TXN_COUNT_24H,
           MAX(TXN_AMOUNT_1H) AS TXN_AMOUNT_1H, MAX(TXN_AMOUNT_24H) AS TXN_AMOUNT_24H,
           MAX(DISTINCT_MERCHANTS_24H) AS DISTINCT_MERCHANTS_24H
    FROM DEMO_DEV.FRAUD_INTELLIGENCE.stg_raw_velocity_events
    GROUP BY CUSTOMER_ID
) v ON t.CUSTOMER_ID = v.CUSTOMER_ID
LEFT JOIN (
    SELECT CUSTOMER_ID, COUNT(*) AS PRIOR_ALERT_COUNT
    FROM DEMO_DEV.FRAUD_INTELLIGENCE.stg_raw_alerts
    GROUP BY CUSTOMER_ID
) alert_counts ON t.CUSTOMER_ID = alert_counts.CUSTOMER_ID
LEFT JOIN (
    SELECT CUSTOMER_ID, COUNT(*) AS ALERT_WITHIN_7D
    FROM DEMO_DEV.FRAUD_INTELLIGENCE.stg_raw_alerts
    WHERE ALERT_DATE >= DATEADD(DAY, -7, CURRENT_TIMESTAMP())
    GROUP BY CUSTOMER_ID
) alert_7d ON t.CUSTOMER_ID = alert_7d.CUSTOMER_ID
        );
[0m20:55:35.714294 [debug] [Thread-5 (]: Opening a new connection, currently in state init
[0m20:55:36.182217 [debug] [Thread-3 (]: SQL status: SUCCESS 1 in 1.389 seconds
[0m20:55:36.185356 [info ] [Thread-3 (]: 11 of 16 OK created sql table model FRAUD_INTELLIGENCE.SLV_INVESTIGATION_KNOWLEDGE_BASE  [[32mSUCCESS 1[0m in 1.40s]
[0m20:55:36.186354 [debug] [Thread-3 (]: Finished running node model.fraud_intelligence.int_investigation_knowledge_base
[0m20:55:36.292519 [debug] [Thread-2 (]: SQL status: SUCCESS 1 in 1.337 seconds
[0m20:55:36.295604 [info ] [Thread-2 (]: 12 of 16 OK created sql table model FRAUD_INTELLIGENCE.SLV_RULE_CODE_KNOWLEDGE_MAP  [[32mSUCCESS 1[0m in 1.35s]
[0m20:55:36.296644 [debug] [Thread-2 (]: Finished running node model.fraud_intelligence.int_rule_code_knowledge_map
[0m20:55:36.824286 [debug] [Thread-4 (]: SQL status: SUCCESS 1 in 1.243 seconds
[0m20:55:36.827421 [info ] [Thread-4 (]: 13 of 16 OK created sql table model FRAUD_INTELLIGENCE.GLD_VELOCITY_COUNTERS ... [[32mSUCCESS 1[0m in 1.26s]
[0m20:55:36.828429 [debug] [Thread-4 (]: Finished running node model.fraud_intelligence.gld_velocity_counters
[0m20:55:36.829606 [debug] [Thread-3 (]: Began running node model.fraud_intelligence.gld_alert_enrichment_with_scoring
[0m20:55:36.830550 [info ] [Thread-3 (]: 15 of 16 START sql view model FRAUD_INTELLIGENCE.GLD_ALERT_ENRICHMENT_WITH_SCORING  [RUN]
[0m20:55:36.831432 [debug] [Thread-3 (]: Re-using an available connection from the pool (formerly model.fraud_intelligence.int_investigation_knowledge_base, now model.fraud_intelligence.gld_alert_enrichment_with_scoring)
[0m20:55:36.832110 [debug] [Thread-3 (]: Began compiling node model.fraud_intelligence.gld_alert_enrichment_with_scoring
[0m20:55:36.837296 [debug] [Thread-3 (]: Writing injected SQL for node "model.fraud_intelligence.gld_alert_enrichment_with_scoring"
[0m20:55:36.838382 [debug] [Thread-3 (]: Began executing node model.fraud_intelligence.gld_alert_enrichment_with_scoring
[0m20:55:36.842312 [debug] [Thread-3 (]: Writing runtime sql for node "model.fraud_intelligence.gld_alert_enrichment_with_scoring"
[0m20:55:36.845796 [debug] [Thread-3 (]: Using snowflake connection "model.fraud_intelligence.gld_alert_enrichment_with_scoring"
[0m20:55:36.846766 [debug] [Thread-3 (]: On model.fraud_intelligence.gld_alert_enrichment_with_scoring: /* {"app": "dbt", "dbt_version": "1.9.4", "profile_name": "fraud_intelligence", "target_name": "dev", "node_id": "model.fraud_intelligence.gld_alert_enrichment_with_scoring"} */
create or replace   view DEMO_DEV.FRAUD_INTELLIGENCE.GLD_ALERT_ENRICHMENT_WITH_SCORING
  
   as (
    

SELECT
    ae.ALERT_ID,
    ae.CUSTOMER_ID,
    ae.ALERT_DATE,
    ae.RULE_CODE,
    ae.RULE_DESCRIPTION,
    ae.ALERT_RISK_SCORE,
    ae.ALERT_STATUS,
    ae.ANALYST_ID,
    ae.DISPOSITION,
    ae.SAR_FILED,
    ae.IS_FRAUD_DERIVED,
    cp.FULL_NAME,
    cp.RISK_SEGMENT,
    cp.KYC_COMPLETE,
    cp.IS_SYNTHETIC_FLAG,
    cp.ACCOUNT_COUNT,
    cp.MIN_ACCOUNT_AGE_DAYS,
    cp.MAX_ACCOUNT_AGE_DAYS,
    cp.PRIOR_ALERT_COUNT,
    CASE
        WHEN cp.CUSTOMER_TENURE_DAYS < 90 THEN 'HIGH'
        WHEN cp.CUSTOMER_TENURE_DAYS < 365 THEN 'MEDIUM'
        ELSE 'LOW'
    END AS TENURE_RISK_TIER,
    CASE
        WHEN cp.PRIOR_ALERT_COUNT >= 5 THEN 'HIGH'
        WHEN cp.PRIOR_ALERT_COUNT >= 2 THEN 'MEDIUM'
        ELSE 'LOW'
    END AS ALERT_HISTORY_RISK_TIER,
    vc.TXN_COUNT_1H,
    vc.TXN_COUNT_24H,
    vc.TXN_AMOUNT_1H,
    vc.TXN_AMOUNT_24H,
    vc.DISTINCT_MERCHANTS_24H,
    vc.RECENT_TXN_COUNT,
    vc.RECENT_TXN_AMOUNT,
    vc.FRAUD_RATE_7D,
    ROUND(
        (ae.ALERT_RISK_SCORE * 0.30) +
        (CASE WHEN cp.CUSTOMER_TENURE_DAYS < 90 THEN 80 WHEN cp.CUSTOMER_TENURE_DAYS < 365 THEN 50 ELSE 20 END * 0.25) +
        (CASE WHEN cp.PRIOR_ALERT_COUNT >= 5 THEN 90 WHEN cp.PRIOR_ALERT_COUNT >= 2 THEN 60 ELSE 20 END * 0.20) +
        (CASE WHEN cp.IS_SYNTHETIC_FLAG THEN 95 ELSE 10 END * 0.15) +
        (COALESCE(vc.FRAUD_RATE_7D, 0) * 100 * 0.10),
        2
    ) AS COMPOSITE_RISK_SCORE,
    CASE
        WHEN ROUND(
            (ae.ALERT_RISK_SCORE * 0.30) +
            (CASE WHEN cp.CUSTOMER_TENURE_DAYS < 90 THEN 80 WHEN cp.CUSTOMER_TENURE_DAYS < 365 THEN 50 ELSE 20 END * 0.25) +
            (CASE WHEN cp.PRIOR_ALERT_COUNT >= 5 THEN 90 WHEN cp.PRIOR_ALERT_COUNT >= 2 THEN 60 ELSE 20 END * 0.20) +
            (CASE WHEN cp.IS_SYNTHETIC_FLAG THEN 95 ELSE 10 END * 0.15) +
            (COALESCE(vc.FRAUD_RATE_7D, 0) * 100 * 0.10), 2) >= 70 THEN 'CRITICAL'
        WHEN ROUND(
            (ae.ALERT_RISK_SCORE * 0.30) +
            (CASE WHEN cp.CUSTOMER_TENURE_DAYS < 90 THEN 80 WHEN cp.CUSTOMER_TENURE_DAYS < 365 THEN 50 ELSE 20 END * 0.25) +
            (CASE WHEN cp.PRIOR_ALERT_COUNT >= 5 THEN 90 WHEN cp.PRIOR_ALERT_COUNT >= 2 THEN 60 ELSE 20 END * 0.20) +
            (CASE WHEN cp.IS_SYNTHETIC_FLAG THEN 95 ELSE 10 END * 0.15) +
            (COALESCE(vc.FRAUD_RATE_7D, 0) * 100 * 0.10), 2) >= 45 THEN 'HIGH'
        ELSE 'STANDARD'
    END AS ENRICHMENT_PRIORITY,
    CURRENT_TIMESTAMP() AS ENRICHMENT_TIMESTAMP,
    TIMESTAMPDIFF(HOUR, ae.ALERT_DATE, CURRENT_TIMESTAMP()) AS HOURS_SINCE_ALERT
FROM DEMO_DEV.FRAUD_INTELLIGENCE.GLD_ALERT_ENRICHED ae
LEFT JOIN DEMO_DEV.FRAUD_INTELLIGENCE.GLD_CUSTOMER_PROFILE cp
    ON ae.CUSTOMER_ID = cp.CUSTOMER_ID
LEFT JOIN DEMO_DEV.FRAUD_INTELLIGENCE.GLD_VELOCITY_COUNTERS vc
    ON ae.CUSTOMER_ID = vc.CUSTOMER_ID
  );
[0m20:55:36.847592 [debug] [Thread-3 (]: Opening a new connection, currently in state init
[0m20:55:37.444748 [debug] [Thread-5 (]: SQL status: SUCCESS 1 in 1.730 seconds
[0m20:55:37.447748 [info ] [Thread-5 (]: 14 of 16 OK created sql table model FRAUD_INTELLIGENCE.SLV_FRAUD_FEATURES ...... [[32mSUCCESS 1[0m in 1.75s]
[0m20:55:37.448741 [debug] [Thread-5 (]: Finished running node model.fraud_intelligence.int_fraud_features
[0m20:55:37.449971 [debug] [Thread-4 (]: Began running node model.fraud_intelligence.gld_ml_training_set
[0m20:55:37.450849 [info ] [Thread-4 (]: 16 of 16 START sql table model FRAUD_INTELLIGENCE.GLD_ML_TRAINING_SET .......... [RUN]
[0m20:55:37.451795 [debug] [Thread-4 (]: Re-using an available connection from the pool (formerly model.fraud_intelligence.gld_velocity_counters, now model.fraud_intelligence.gld_ml_training_set)
[0m20:55:37.452525 [debug] [Thread-4 (]: Began compiling node model.fraud_intelligence.gld_ml_training_set
[0m20:55:37.457060 [debug] [Thread-4 (]: Writing injected SQL for node "model.fraud_intelligence.gld_ml_training_set"
[0m20:55:37.458137 [debug] [Thread-4 (]: Began executing node model.fraud_intelligence.gld_ml_training_set
[0m20:55:37.461822 [debug] [Thread-4 (]: Writing runtime sql for node "model.fraud_intelligence.gld_ml_training_set"
[0m20:55:37.463710 [debug] [Thread-4 (]: Using snowflake connection "model.fraud_intelligence.gld_ml_training_set"
[0m20:55:37.464510 [debug] [Thread-4 (]: On model.fraud_intelligence.gld_ml_training_set: /* {"app": "dbt", "dbt_version": "1.9.4", "profile_name": "fraud_intelligence", "target_name": "dev", "node_id": "model.fraud_intelligence.gld_ml_training_set"} */
create or replace transient table DEMO_DEV.FRAUD_INTELLIGENCE.GLD_ML_TRAINING_SET
         as
        (

SELECT
    f.TRANSACTION_ID,
    f.CUSTOMER_ID,
    f.ACCOUNT_TYPE AS ACCOUNT_ID,
    CURRENT_TIMESTAMP() AS TRANSACTION_DATE,
    f.TRANSACTION_AMOUNT,
    f.TRANSACTION_TYPE,
    f.MERCHANT_CATEGORY,
    f.CHANNEL,
    f.ACCOUNT_AGE_DAYS,
    f.CREDIT_LIMIT,
    f.CURRENT_BALANCE,
    f.ACCOUNT_TYPE,
    f.UTILIZATION_RATIO,
    f.RISK_SEGMENT,
    f.KYC_COMPLETE,
    f.ADDRESS_CHANGE_COUNT,
    f.IS_SYNTHETIC_FLAG,
    f.IS_MERGER_DUP_FLAG,
    f.CUSTOMER_TENURE_DAYS,
    f.PRIOR_ALERT_COUNT_CUSTOMER,
    f.ALERT_WITHIN_7D,
    f.TXN_COUNT_1H,
    f.TXN_COUNT_24H,
    f.TXN_AMOUNT_1H,
    f.TXN_AMOUNT_24H,
    f.DISTINCT_MERCHANTS_24H,
    FALSE AS TARGET_LABEL,
    'NON_FRAUD' AS CLASS_LABEL,
    'FOLD_1' AS STRATIFIED_FOLD,
    'BALANCED' AS CLASS_WEIGHT_STRATEGY,
    CURRENT_TIMESTAMP() AS DBT_LOADED_AT
FROM DEMO_DEV.FRAUD_INTELLIGENCE.SLV_FRAUD_FEATURES f
        );
[0m20:55:37.465180 [debug] [Thread-4 (]: Opening a new connection, currently in state init
[0m20:55:37.775571 [debug] [Thread-3 (]: SQL status: SUCCESS 1 in 0.928 seconds
[0m20:55:37.778626 [info ] [Thread-3 (]: 15 of 16 OK created sql view model FRAUD_INTELLIGENCE.GLD_ALERT_ENRICHMENT_WITH_SCORING  [[32mSUCCESS 1[0m in 0.95s]
[0m20:55:37.779607 [debug] [Thread-3 (]: Finished running node model.fraud_intelligence.gld_alert_enrichment_with_scoring
[0m20:55:38.824500 [debug] [Thread-4 (]: SQL status: SUCCESS 1 in 1.359 seconds
[0m20:55:38.827590 [info ] [Thread-4 (]: 16 of 16 OK created sql table model FRAUD_INTELLIGENCE.GLD_ML_TRAINING_SET ..... [[32mSUCCESS 1[0m in 1.38s]
[0m20:55:38.828610 [debug] [Thread-4 (]: Finished running node model.fraud_intelligence.gld_ml_training_set
[0m20:55:38.833132 [debug] [Dummy-1   ]: Connection 'master' was properly closed.
[0m20:55:38.834053 [debug] [Dummy-1   ]: Connection 'model.fraud_intelligence.gld_alert_enrichment_with_scoring' was properly closed.
[0m20:55:38.834838 [debug] [Dummy-1   ]: Connection 'model.fraud_intelligence.int_rule_code_knowledge_map' was properly closed.
[0m20:55:38.835451 [debug] [Dummy-1   ]: Connection 'model.fraud_intelligence.gld_ml_training_set' was properly closed.
[0m20:55:38.836006 [debug] [Dummy-1   ]: Connection 'model.fraud_intelligence.int_fraud_features' was properly closed.
[0m20:55:38.836735 [info ] [Dummy-1   ]: 
[0m20:55:38.837419 [info ] [Dummy-1   ]: Finished running 9 table models, 7 view models in 0 hours 0 minutes and 7.34 seconds (7.34s).
[0m20:55:38.839786 [debug] [Dummy-1   ]: Command end result
[0m20:55:38.942812 [debug] [Dummy-1   ]: Wrote artifact WritableManifest to /tmp/dbt/target/manifest.json
[0m20:55:38.945627 [debug] [Dummy-1   ]: Wrote artifact SemanticManifest to /tmp/dbt/target/semantic_manifest.json
[0m20:55:38.952192 [debug] [Dummy-1   ]: Wrote artifact RunExecutionResult to /tmp/dbt/target/run_results.json
[0m20:55:38.952938 [info ] [Dummy-1   ]: 
[0m20:55:38.953820 [info ] [Dummy-1   ]: [32mCompleted successfully[0m
[0m20:55:38.954659 [info ] [Dummy-1   ]: 
[0m20:55:38.955473 [info ] [Dummy-1   ]: Done. PASS=16 WARN=0 ERROR=0 SKIP=0 TOTAL=16
[0m20:55:38.958255 [debug] [Dummy-1   ]: Resource report: {"command_name": "run", "command_success": true, "command_wall_clock_time": 9.12246, "process_in_blocks": "0", "process_kernel_time": 0.84, "process_mem_max_rss": "463812", "process_out_blocks": "0", "process_user_time": 6.09}
[0m20:55:38.959159 [debug] [Dummy-1   ]: Command `cli run` succeeded at 20:55:38.958832 after 9.12 seconds
[0m20:55:38.959888 [debug] [Dummy-1   ]: Flushing usage events


============================== 20:55:58.683277 | 67194e61-5b98-4881-8174-79604672b363 ==============================
[0m20:55:58.683277 [info ] [Dummy-1   ]: Running with dbt=1.9.4
[0m20:55:58.684433 [debug] [Dummy-1   ]: running dbt with arguments {'printer_width': '80', 'indirect_selection': 'eager', 'log_cache_events': 'False', 'write_json': 'True', 'partial_parse': 'True', 'cache_selected_only': 'False', 'warn_error': 'None', 'version_check': 'True', 'debug': 'False', 'log_path': '/tmp/dbt/logs', 'fail_fast': 'False', 'profiles_dir': '/tmp/dbt/', 'use_colors': 'True', 'use_experimental_parser': 'False', 'empty': 'None', 'quiet': 'False', 'no_print': 'None', 'log_format': 'default', 'introspect': 'True', 'warn_error_options': 'WarnErrorOptions(include=[], exclude=[])', 'invocation_command': 'dbt ', 'target_path': '/tmp/dbt/target/', 'static_parser': 'True', 'send_anonymous_usage_stats': 'False'}
[0m20:55:58.945271 [info ] [Dummy-1   ]: Registered adapter: snowflake=1.9.2
[0m20:55:59.783464 [debug] [Dummy-1   ]: checksum: 53ed91fada2233efb98368d1716b44ab532c83a9c293cf1890b7905d5b45fb25, vars: {}, profile: , target: dev, version: 1.9.4
[0m20:56:00.082000 [debug] [Dummy-1   ]: Partial parsing enabled: 0 files deleted, 0 files added, 0 files changed.
[0m20:56:00.082784 [debug] [Dummy-1   ]: Partial parsing enabled, no changes found, skipping parsing
[0m20:56:00.229299 [debug] [Dummy-1   ]: Wrote artifact WritableManifest to /tmp/dbt/target/manifest.json
[0m20:56:00.232002 [debug] [Dummy-1   ]: Wrote artifact SemanticManifest to /tmp/dbt/target/semantic_manifest.json
[0m20:56:00.294233 [info ] [Dummy-1   ]: Found 16 models, 37 data tests, 6 sources, 474 macros
[0m20:56:00.298128 [info ] [Dummy-1   ]: 
[0m20:56:00.298849 [info ] [Dummy-1   ]: Concurrency: 4 threads (target='dev')
[0m20:56:00.299485 [info ] [Dummy-1   ]: 
[0m20:56:00.300553 [debug] [Dummy-1   ]: Acquiring new snowflake connection 'master'
[0m20:56:00.306789 [debug] [ThreadPool]: Acquiring new snowflake connection 'list_DEMO_DEV_FRAUD_INTELLIGENCE'
[0m20:56:00.451238 [debug] [ThreadPool]: Using snowflake connection "list_DEMO_DEV_FRAUD_INTELLIGENCE"
[0m20:56:00.451982 [debug] [ThreadPool]: On list_DEMO_DEV_FRAUD_INTELLIGENCE: /* {"app": "dbt", "dbt_version": "1.9.4", "profile_name": "fraud_intelligence", "target_name": "dev", "connection_name": "list_DEMO_DEV_FRAUD_INTELLIGENCE"} */
alter session set quoted_identifiers_ignore_case = false;
[0m20:56:00.452614 [debug] [ThreadPool]: Opening a new connection, currently in state init
[0m20:56:00.963121 [debug] [ThreadPool]: SQL status: SUCCESS 1 in 0.510 seconds
[0m20:56:00.967550 [debug] [ThreadPool]: Using snowflake connection "list_DEMO_DEV_FRAUD_INTELLIGENCE"
[0m20:56:00.968302 [debug] [ThreadPool]: On list_DEMO_DEV_FRAUD_INTELLIGENCE: /* {"app": "dbt", "dbt_version": "1.9.4", "profile_name": "fraud_intelligence", "target_name": "dev", "connection_name": "list_DEMO_DEV_FRAUD_INTELLIGENCE"} */
show objects in DEMO_DEV.FRAUD_INTELLIGENCE
    limit 10000
    
;
[0m20:56:01.095443 [debug] [ThreadPool]: SQL status: SUCCESS 23 in 0.126 seconds
[0m20:56:01.098155 [debug] [ThreadPool]: Using snowflake connection "list_DEMO_DEV_FRAUD_INTELLIGENCE"
[0m20:56:01.098928 [debug] [ThreadPool]: On list_DEMO_DEV_FRAUD_INTELLIGENCE: /* {"app": "dbt", "dbt_version": "1.9.4", "profile_name": "fraud_intelligence", "target_name": "dev", "connection_name": "list_DEMO_DEV_FRAUD_INTELLIGENCE"} */
alter session unset quoted_identifiers_ignore_case;
[0m20:56:01.204331 [debug] [ThreadPool]: SQL status: SUCCESS 1 in 0.105 seconds
[0m20:56:01.227052 [debug] [Thread-2 (]: Began running node test.fraud_intelligence.accepted_values_gld_customer_profile_RISK_SEGMENT__HIGH__MEDIUM__LOW__CRITICAL.befd8c236e
[0m20:56:01.227906 [debug] [Thread-3 (]: Began running node test.fraud_intelligence.assert_no_duplicate_alert_id
[0m20:56:01.228788 [debug] [Thread-4 (]: Began running node test.fraud_intelligence.assert_no_null_customer_id
[0m20:56:01.229627 [debug] [Thread-5 (]: Began running node test.fraud_intelligence.assert_positive_transaction_amount
[0m20:56:01.230514 [info ] [Thread-2 (]: 1 of 37 START test accepted_values_gld_customer_profile_RISK_SEGMENT__HIGH__MEDIUM__LOW__CRITICAL  [RUN]
[0m20:56:01.231556 [info ] [Thread-3 (]: 2 of 37 START test assert_no_duplicate_alert_id ................................ [RUN]
[0m20:56:01.232594 [info ] [Thread-4 (]: 3 of 37 START test assert_no_null_customer_id .................................. [RUN]
[0m20:56:01.233654 [info ] [Thread-5 (]: 4 of 37 START test assert_positive_transaction_amount .......................... [RUN]
[0m20:56:01.234681 [debug] [Thread-2 (]: Re-using an available connection from the pool (formerly list_DEMO_DEV_FRAUD_INTELLIGENCE, now test.fraud_intelligence.accepted_values_gld_customer_profile_RISK_SEGMENT__HIGH__MEDIUM__LOW__CRITICAL.befd8c236e)
[0m20:56:01.235934 [debug] [Thread-3 (]: Acquiring new snowflake connection 'test.fraud_intelligence.assert_no_duplicate_alert_id'
[0m20:56:01.237014 [debug] [Thread-4 (]: Acquiring new snowflake connection 'test.fraud_intelligence.assert_no_null_customer_id'
[0m20:56:01.238037 [debug] [Thread-5 (]: Acquiring new snowflake connection 'test.fraud_intelligence.assert_positive_transaction_amount'
[0m20:56:01.238941 [debug] [Thread-2 (]: Began compiling node test.fraud_intelligence.accepted_values_gld_customer_profile_RISK_SEGMENT__HIGH__MEDIUM__LOW__CRITICAL.befd8c236e
[0m20:56:01.239801 [debug] [Thread-3 (]: Began compiling node test.fraud_intelligence.assert_no_duplicate_alert_id
[0m20:56:01.240665 [debug] [Thread-4 (]: Began compiling node test.fraud_intelligence.assert_no_null_customer_id
[0m20:56:01.241520 [debug] [Thread-5 (]: Began compiling node test.fraud_intelligence.assert_positive_transaction_amount
[0m20:56:01.259612 [debug] [Thread-2 (]: Writing injected SQL for node "test.fraud_intelligence.accepted_values_gld_customer_profile_RISK_SEGMENT__HIGH__MEDIUM__LOW__CRITICAL.befd8c236e"
[0m20:56:01.264944 [debug] [Thread-3 (]: Writing injected SQL for node "test.fraud_intelligence.assert_no_duplicate_alert_id"
[0m20:56:01.269117 [debug] [Thread-4 (]: Writing injected SQL for node "test.fraud_intelligence.assert_no_null_customer_id"
[0m20:56:01.273413 [debug] [Thread-5 (]: Writing injected SQL for node "test.fraud_intelligence.assert_positive_transaction_amount"
[0m20:56:01.275635 [debug] [Thread-2 (]: Began executing node test.fraud_intelligence.accepted_values_gld_customer_profile_RISK_SEGMENT__HIGH__MEDIUM__LOW__CRITICAL.befd8c236e
[0m20:56:01.276726 [debug] [Thread-3 (]: Began executing node test.fraud_intelligence.assert_no_duplicate_alert_id
[0m20:56:01.278145 [debug] [Thread-4 (]: Began executing node test.fraud_intelligence.assert_no_null_customer_id
[0m20:56:01.299622 [debug] [Thread-2 (]: Writing runtime sql for node "test.fraud_intelligence.accepted_values_gld_customer_profile_RISK_SEGMENT__HIGH__MEDIUM__LOW__CRITICAL.befd8c236e"
[0m20:56:01.300420 [debug] [Thread-5 (]: Began executing node test.fraud_intelligence.assert_positive_transaction_amount
[0m20:56:01.304255 [debug] [Thread-3 (]: Writing runtime sql for node "test.fraud_intelligence.assert_no_duplicate_alert_id"
[0m20:56:01.309640 [debug] [Thread-4 (]: Writing runtime sql for node "test.fraud_intelligence.assert_no_null_customer_id"
[0m20:56:01.314085 [debug] [Thread-5 (]: Writing runtime sql for node "test.fraud_intelligence.assert_positive_transaction_amount"
[0m20:56:01.315633 [debug] [Thread-2 (]: Using snowflake connection "test.fraud_intelligence.accepted_values_gld_customer_profile_RISK_SEGMENT__HIGH__MEDIUM__LOW__CRITICAL.befd8c236e"
[0m20:56:01.318299 [debug] [Thread-3 (]: Using snowflake connection "test.fraud_intelligence.assert_no_duplicate_alert_id"
[0m20:56:01.319978 [debug] [Thread-4 (]: Using snowflake connection "test.fraud_intelligence.assert_no_null_customer_id"
[0m20:56:01.321052 [debug] [Thread-2 (]: On test.fraud_intelligence.accepted_values_gld_customer_profile_RISK_SEGMENT__HIGH__MEDIUM__LOW__CRITICAL.befd8c236e: /* {"app": "dbt", "dbt_version": "1.9.4", "profile_name": "fraud_intelligence", "target_name": "dev", "node_id": "test.fraud_intelligence.accepted_values_gld_customer_profile_RISK_SEGMENT__HIGH__MEDIUM__LOW__CRITICAL.befd8c236e"} */
select
      count(*) as failures,
      count(*) != 0 as should_warn,
      count(*) != 0 as should_error
    from (
      
    
    

with all_values as (

    select
        RISK_SEGMENT as value_field,
        count(*) as n_records

    from DEMO_DEV.FRAUD_INTELLIGENCE.GLD_CUSTOMER_PROFILE
    group by RISK_SEGMENT

)

select *
from all_values
where value_field not in (
    'HIGH','MEDIUM','LOW','CRITICAL'
)



      
    ) dbt_internal_test
[0m20:56:01.322299 [debug] [Thread-5 (]: Using snowflake connection "test.fraud_intelligence.assert_positive_transaction_amount"
[0m20:56:01.323157 [debug] [Thread-3 (]: On test.fraud_intelligence.assert_no_duplicate_alert_id: /* {"app": "dbt", "dbt_version": "1.9.4", "profile_name": "fraud_intelligence", "target_name": "dev", "node_id": "test.fraud_intelligence.assert_no_duplicate_alert_id"} */
select
      count(*) as failures,
      count(*) != 0 as should_warn,
      count(*) != 0 as should_error
    from (
      SELECT ALERT_ID, COUNT(*) AS CNT
FROM DEMO_DEV.FRAUD_INTELLIGENCE.GLD_ALERT_ENRICHED
GROUP BY ALERT_ID
HAVING COUNT(*) > 1
      
    ) dbt_internal_test
[0m20:56:01.324148 [debug] [Thread-4 (]: On test.fraud_intelligence.assert_no_null_customer_id: /* {"app": "dbt", "dbt_version": "1.9.4", "profile_name": "fraud_intelligence", "target_name": "dev", "node_id": "test.fraud_intelligence.assert_no_null_customer_id"} */
select
      count(*) as failures,
      count(*) != 0 as should_warn,
      count(*) != 0 as should_error
    from (
      SELECT CUSTOMER_ID
FROM DEMO_DEV.FRAUD_INTELLIGENCE.GLD_ALERT_ENRICHED
WHERE CUSTOMER_ID IS NULL
      
    ) dbt_internal_test
[0m20:56:01.325036 [debug] [Thread-2 (]: Opening a new connection, currently in state init
[0m20:56:01.325904 [debug] [Thread-5 (]: On test.fraud_intelligence.assert_positive_transaction_amount: /* {"app": "dbt", "dbt_version": "1.9.4", "profile_name": "fraud_intelligence", "target_name": "dev", "node_id": "test.fraud_intelligence.assert_positive_transaction_amount"} */
select
      count(*) as failures,
      count(*) != 0 as should_warn,
      count(*) != 0 as should_error
    from (
      SELECT TRANSACTION_ID, TRANSACTION_AMOUNT
FROM DEMO_DEV.FRAUD_INTELLIGENCE.SLV_FRAUD_FEATURES
WHERE TRANSACTION_AMOUNT <= 0
      
    ) dbt_internal_test
[0m20:56:01.326749 [debug] [Thread-3 (]: Opening a new connection, currently in state init
[0m20:56:01.327541 [debug] [Thread-4 (]: Opening a new connection, currently in state init
[0m20:56:01.328668 [debug] [Thread-5 (]: Opening a new connection, currently in state init
[0m20:56:01.885130 [debug] [Thread-5 (]: SQL status: SUCCESS 1 in 0.556 seconds
[0m20:56:01.896646 [info ] [Thread-5 (]: 4 of 37 PASS assert_positive_transaction_amount ................................ [[32mPASS[0m in 0.66s]
[0m20:56:01.897681 [debug] [Thread-3 (]: SQL status: SUCCESS 1 in 0.571 seconds
[0m20:56:01.898624 [debug] [Thread-2 (]: SQL status: SUCCESS 1 in 0.574 seconds
[0m20:56:01.899711 [debug] [Thread-5 (]: Finished running node test.fraud_intelligence.assert_positive_transaction_amount
[0m20:56:01.902164 [info ] [Thread-3 (]: 2 of 37 PASS assert_no_duplicate_alert_id ...................................... [[32mPASS[0m in 0.67s]
[0m20:56:01.904610 [info ] [Thread-2 (]: 1 of 37 PASS accepted_values_gld_customer_profile_RISK_SEGMENT__HIGH__MEDIUM__LOW__CRITICAL  [[32mPASS[0m in 0.67s]
[0m20:56:01.905727 [debug] [Thread-4 (]: SQL status: SUCCESS 1 in 0.578 seconds
[0m20:56:01.906734 [debug] [Thread-5 (]: Began running node test.fraud_intelligence.not_null_gld_alert_enriched_ALERT_ID.f855930586
[0m20:56:01.908030 [debug] [Thread-3 (]: Finished running node test.fraud_intelligence.assert_no_duplicate_alert_id
[0m20:56:01.909098 [debug] [Thread-2 (]: Finished running node test.fraud_intelligence.accepted_values_gld_customer_profile_RISK_SEGMENT__HIGH__MEDIUM__LOW__CRITICAL.befd8c236e
[0m20:56:01.911526 [info ] [Thread-4 (]: 3 of 37 PASS assert_no_null_customer_id ........................................ [[32mPASS[0m in 0.67s]
[0m20:56:01.912678 [info ] [Thread-5 (]: 5 of 37 START test not_null_gld_alert_enriched_ALERT_ID ........................ [RUN]
[0m20:56:01.913928 [debug] [Thread-3 (]: Began running node test.fraud_intelligence.not_null_gld_alert_enriched_ALERT_RISK_SCORE.b222de259c
[0m20:56:01.915159 [debug] [Thread-2 (]: Began running node test.fraud_intelligence.not_null_gld_alert_enriched_CUSTOMER_ID.40bb639039
[0m20:56:01.916511 [debug] [Thread-4 (]: Finished running node test.fraud_intelligence.assert_no_null_customer_id
[0m20:56:01.918021 [debug] [Thread-5 (]: Re-using an available connection from the pool (formerly test.fraud_intelligence.assert_positive_transaction_amount, now test.fraud_intelligence.not_null_gld_alert_enriched_ALERT_ID.f855930586)
[0m20:56:01.919770 [info ] [Thread-3 (]: 6 of 37 START test not_null_gld_alert_enriched_ALERT_RISK_SCORE ................ [RUN]
[0m20:56:01.920770 [info ] [Thread-2 (]: 7 of 37 START test not_null_gld_alert_enriched_CUSTOMER_ID ..................... [RUN]
[0m20:56:01.921750 [debug] [Thread-4 (]: Began running node test.fraud_intelligence.not_null_gld_alert_enrichment_with_scoring_ALERT_ID.ded410bb89
[0m20:56:01.922725 [debug] [Thread-5 (]: Began compiling node test.fraud_intelligence.not_null_gld_alert_enriched_ALERT_ID.f855930586
[0m20:56:01.923776 [debug] [Thread-3 (]: Re-using an available connection from the pool (formerly test.fraud_intelligence.assert_no_duplicate_alert_id, now test.fraud_intelligence.not_null_gld_alert_enriched_ALERT_RISK_SCORE.b222de259c)
[0m20:56:01.924888 [debug] [Thread-2 (]: Re-using an available connection from the pool (formerly test.fraud_intelligence.accepted_values_gld_customer_profile_RISK_SEGMENT__HIGH__MEDIUM__LOW__CRITICAL.befd8c236e, now test.fraud_intelligence.not_null_gld_alert_enriched_CUSTOMER_ID.40bb639039)
[0m20:56:01.925820 [info ] [Thread-4 (]: 8 of 37 START test not_null_gld_alert_enrichment_with_scoring_ALERT_ID ......... [RUN]
[0m20:56:01.934755 [debug] [Thread-5 (]: Writing injected SQL for node "test.fraud_intelligence.not_null_gld_alert_enriched_ALERT_ID.f855930586"
[0m20:56:01.935803 [debug] [Thread-3 (]: Began compiling node test.fraud_intelligence.not_null_gld_alert_enriched_ALERT_RISK_SCORE.b222de259c
[0m20:56:01.936672 [debug] [Thread-2 (]: Began compiling node test.fraud_intelligence.not_null_gld_alert_enriched_CUSTOMER_ID.40bb639039
[0m20:56:01.937691 [debug] [Thread-4 (]: Re-using an available connection from the pool (formerly test.fraud_intelligence.assert_no_null_customer_id, now test.fraud_intelligence.not_null_gld_alert_enrichment_with_scoring_ALERT_ID.ded410bb89)
[0m20:56:01.943905 [debug] [Thread-3 (]: Writing injected SQL for node "test.fraud_intelligence.not_null_gld_alert_enriched_ALERT_RISK_SCORE.b222de259c"
[0m20:56:01.944997 [debug] [Thread-5 (]: Began executing node test.fraud_intelligence.not_null_gld_alert_enriched_ALERT_ID.f855930586
[0m20:56:01.952709 [debug] [Thread-2 (]: Writing injected SQL for node "test.fraud_intelligence.not_null_gld_alert_enriched_CUSTOMER_ID.40bb639039"
[0m20:56:01.953652 [debug] [Thread-4 (]: Began compiling node test.fraud_intelligence.not_null_gld_alert_enrichment_with_scoring_ALERT_ID.ded410bb89
[0m20:56:01.958493 [debug] [Thread-5 (]: Writing runtime sql for node "test.fraud_intelligence.not_null_gld_alert_enriched_ALERT_ID.f855930586"
[0m20:56:01.959546 [debug] [Thread-3 (]: Began executing node test.fraud_intelligence.not_null_gld_alert_enriched_ALERT_RISK_SCORE.b222de259c
[0m20:56:01.965204 [debug] [Thread-4 (]: Writing injected SQL for node "test.fraud_intelligence.not_null_gld_alert_enrichment_with_scoring_ALERT_ID.ded410bb89"
[0m20:56:01.966547 [debug] [Thread-2 (]: Began executing node test.fraud_intelligence.not_null_gld_alert_enriched_CUSTOMER_ID.40bb639039
[0m20:56:01.970720 [debug] [Thread-3 (]: Writing runtime sql for node "test.fraud_intelligence.not_null_gld_alert_enriched_ALERT_RISK_SCORE.b222de259c"
[0m20:56:01.972192 [debug] [Thread-5 (]: Using snowflake connection "test.fraud_intelligence.not_null_gld_alert_enriched_ALERT_ID.f855930586"
[0m20:56:01.976333 [debug] [Thread-2 (]: Writing runtime sql for node "test.fraud_intelligence.not_null_gld_alert_enriched_CUSTOMER_ID.40bb639039"
[0m20:56:01.977145 [debug] [Thread-4 (]: Began executing node test.fraud_intelligence.not_null_gld_alert_enrichment_with_scoring_ALERT_ID.ded410bb89
[0m20:56:01.979101 [debug] [Thread-5 (]: On test.fraud_intelligence.not_null_gld_alert_enriched_ALERT_ID.f855930586: /* {"app": "dbt", "dbt_version": "1.9.4", "profile_name": "fraud_intelligence", "target_name": "dev", "node_id": "test.fraud_intelligence.not_null_gld_alert_enriched_ALERT_ID.f855930586"} */
select
      count(*) as failures,
      count(*) != 0 as should_warn,
      count(*) != 0 as should_error
    from (
      
    
    



select ALERT_ID
from DEMO_DEV.FRAUD_INTELLIGENCE.GLD_ALERT_ENRICHED
where ALERT_ID is null



      
    ) dbt_internal_test
[0m20:56:01.980347 [debug] [Thread-3 (]: Using snowflake connection "test.fraud_intelligence.not_null_gld_alert_enriched_ALERT_RISK_SCORE.b222de259c"
[0m20:56:01.986307 [debug] [Thread-4 (]: Writing runtime sql for node "test.fraud_intelligence.not_null_gld_alert_enrichment_with_scoring_ALERT_ID.ded410bb89"
[0m20:56:01.987952 [debug] [Thread-2 (]: Using snowflake connection "test.fraud_intelligence.not_null_gld_alert_enriched_CUSTOMER_ID.40bb639039"
[0m20:56:01.988980 [debug] [Thread-5 (]: Opening a new connection, currently in state init
[0m20:56:01.990004 [debug] [Thread-3 (]: On test.fraud_intelligence.not_null_gld_alert_enriched_ALERT_RISK_SCORE.b222de259c: /* {"app": "dbt", "dbt_version": "1.9.4", "profile_name": "fraud_intelligence", "target_name": "dev", "node_id": "test.fraud_intelligence.not_null_gld_alert_enriched_ALERT_RISK_SCORE.b222de259c"} */
select
      count(*) as failures,
      count(*) != 0 as should_warn,
      count(*) != 0 as should_error
    from (
      
    
    



select ALERT_RISK_SCORE
from DEMO_DEV.FRAUD_INTELLIGENCE.GLD_ALERT_ENRICHED
where ALERT_RISK_SCORE is null



      
    ) dbt_internal_test
[0m20:56:01.991509 [debug] [Thread-2 (]: On test.fraud_intelligence.not_null_gld_alert_enriched_CUSTOMER_ID.40bb639039: /* {"app": "dbt", "dbt_version": "1.9.4", "profile_name": "fraud_intelligence", "target_name": "dev", "node_id": "test.fraud_intelligence.not_null_gld_alert_enriched_CUSTOMER_ID.40bb639039"} */
select
      count(*) as failures,
      count(*) != 0 as should_warn,
      count(*) != 0 as should_error
    from (
      
    
    



select CUSTOMER_ID
from DEMO_DEV.FRAUD_INTELLIGENCE.GLD_ALERT_ENRICHED
where CUSTOMER_ID is null



      
    ) dbt_internal_test
[0m20:56:01.993329 [debug] [Thread-4 (]: Using snowflake connection "test.fraud_intelligence.not_null_gld_alert_enrichment_with_scoring_ALERT_ID.ded410bb89"
[0m20:56:01.994663 [debug] [Thread-3 (]: Opening a new connection, currently in state init
[0m20:56:01.995576 [debug] [Thread-2 (]: Opening a new connection, currently in state init
[0m20:56:01.996646 [debug] [Thread-4 (]: On test.fraud_intelligence.not_null_gld_alert_enrichment_with_scoring_ALERT_ID.ded410bb89: /* {"app": "dbt", "dbt_version": "1.9.4", "profile_name": "fraud_intelligence", "target_name": "dev", "node_id": "test.fraud_intelligence.not_null_gld_alert_enrichment_with_scoring_ALERT_ID.ded410bb89"} */
select
      count(*) as failures,
      count(*) != 0 as should_warn,
      count(*) != 0 as should_error
    from (
      
    
    



select ALERT_ID
from DEMO_DEV.FRAUD_INTELLIGENCE.GLD_ALERT_ENRICHMENT_WITH_SCORING
where ALERT_ID is null



      
    ) dbt_internal_test
[0m20:56:01.998561 [debug] [Thread-4 (]: Opening a new connection, currently in state init
[0m20:56:02.437562 [debug] [Thread-2 (]: SQL status: SUCCESS 1 in 0.442 seconds
[0m20:56:02.440595 [info ] [Thread-2 (]: 7 of 37 PASS not_null_gld_alert_enriched_CUSTOMER_ID ........................... [[32mPASS[0m in 0.52s]
[0m20:56:02.441668 [debug] [Thread-3 (]: SQL status: SUCCESS 1 in 0.447 seconds
[0m20:56:02.442631 [debug] [Thread-5 (]: SQL status: SUCCESS 1 in 0.454 seconds
[0m20:56:02.443798 [debug] [Thread-2 (]: Finished running node test.fraud_intelligence.not_null_gld_alert_enriched_CUSTOMER_ID.40bb639039
[0m20:56:02.446156 [info ] [Thread-3 (]: 6 of 37 PASS not_null_gld_alert_enriched_ALERT_RISK_SCORE ...................... [[32mPASS[0m in 0.52s]
[0m20:56:02.448572 [info ] [Thread-5 (]: 5 of 37 PASS not_null_gld_alert_enriched_ALERT_ID .............................. [[32mPASS[0m in 0.53s]
[0m20:56:02.449873 [debug] [Thread-2 (]: Began running node test.fraud_intelligence.not_null_gld_alert_enrichment_with_scoring_COMPOSITE_RISK_SCORE.e8760dd0b3
[0m20:56:02.451041 [debug] [Thread-3 (]: Finished running node test.fraud_intelligence.not_null_gld_alert_enriched_ALERT_RISK_SCORE.b222de259c
[0m20:56:02.452203 [debug] [Thread-5 (]: Finished running node test.fraud_intelligence.not_null_gld_alert_enriched_ALERT_ID.f855930586
[0m20:56:02.453225 [info ] [Thread-2 (]: 9 of 37 START test not_null_gld_alert_enrichment_with_scoring_COMPOSITE_RISK_SCORE  [RUN]
[0m20:56:02.454528 [debug] [Thread-3 (]: Began running node test.fraud_intelligence.not_null_gld_customer_profile_CUSTOMER_ID.3aa2452749
[0m20:56:02.455827 [debug] [Thread-5 (]: Began running node test.fraud_intelligence.not_null_gld_ml_training_set_TARGET_LABEL.c8b4047f2e
[0m20:56:02.456999 [debug] [Thread-2 (]: Re-using an available connection from the pool (formerly test.fraud_intelligence.not_null_gld_alert_enriched_CUSTOMER_ID.40bb639039, now test.fraud_intelligence.not_null_gld_alert_enrichment_with_scoring_COMPOSITE_RISK_SCORE.e8760dd0b3)
[0m20:56:02.457901 [info ] [Thread-3 (]: 10 of 37 START test not_null_gld_customer_profile_CUSTOMER_ID .................. [RUN]
[0m20:56:02.458835 [info ] [Thread-5 (]: 11 of 37 START test not_null_gld_ml_training_set_TARGET_LABEL .................. [RUN]
[0m20:56:02.459812 [debug] [Thread-2 (]: Began compiling node test.fraud_intelligence.not_null_gld_alert_enrichment_with_scoring_COMPOSITE_RISK_SCORE.e8760dd0b3
[0m20:56:02.460823 [debug] [Thread-3 (]: Re-using an available connection from the pool (formerly test.fraud_intelligence.not_null_gld_alert_enriched_ALERT_RISK_SCORE.b222de259c, now test.fraud_intelligence.not_null_gld_customer_profile_CUSTOMER_ID.3aa2452749)
[0m20:56:02.461816 [debug] [Thread-5 (]: Re-using an available connection from the pool (formerly test.fraud_intelligence.not_null_gld_alert_enriched_ALERT_ID.f855930586, now test.fraud_intelligence.not_null_gld_ml_training_set_TARGET_LABEL.c8b4047f2e)
[0m20:56:02.467450 [debug] [Thread-2 (]: Writing injected SQL for node "test.fraud_intelligence.not_null_gld_alert_enrichment_with_scoring_COMPOSITE_RISK_SCORE.e8760dd0b3"
[0m20:56:02.468467 [debug] [Thread-3 (]: Began compiling node test.fraud_intelligence.not_null_gld_customer_profile_CUSTOMER_ID.3aa2452749
[0m20:56:02.469288 [debug] [Thread-5 (]: Began compiling node test.fraud_intelligence.not_null_gld_ml_training_set_TARGET_LABEL.c8b4047f2e
[0m20:56:02.474964 [debug] [Thread-3 (]: Writing injected SQL for node "test.fraud_intelligence.not_null_gld_customer_profile_CUSTOMER_ID.3aa2452749"
[0m20:56:02.475794 [debug] [Thread-2 (]: Began executing node test.fraud_intelligence.not_null_gld_alert_enrichment_with_scoring_COMPOSITE_RISK_SCORE.e8760dd0b3
[0m20:56:02.480660 [debug] [Thread-5 (]: Writing injected SQL for node "test.fraud_intelligence.not_null_gld_ml_training_set_TARGET_LABEL.c8b4047f2e"
[0m20:56:02.486335 [debug] [Thread-2 (]: Writing runtime sql for node "test.fraud_intelligence.not_null_gld_alert_enrichment_with_scoring_COMPOSITE_RISK_SCORE.e8760dd0b3"
[0m20:56:02.487394 [debug] [Thread-3 (]: Began executing node test.fraud_intelligence.not_null_gld_customer_profile_CUSTOMER_ID.3aa2452749
[0m20:56:02.489469 [debug] [Thread-5 (]: Began executing node test.fraud_intelligence.not_null_gld_ml_training_set_TARGET_LABEL.c8b4047f2e
[0m20:56:02.493563 [debug] [Thread-3 (]: Writing runtime sql for node "test.fraud_intelligence.not_null_gld_customer_profile_CUSTOMER_ID.3aa2452749"
[0m20:56:02.495026 [debug] [Thread-2 (]: Using snowflake connection "test.fraud_intelligence.not_null_gld_alert_enrichment_with_scoring_COMPOSITE_RISK_SCORE.e8760dd0b3"
[0m20:56:02.498623 [debug] [Thread-5 (]: Writing runtime sql for node "test.fraud_intelligence.not_null_gld_ml_training_set_TARGET_LABEL.c8b4047f2e"
[0m20:56:02.499965 [debug] [Thread-2 (]: On test.fraud_intelligence.not_null_gld_alert_enrichment_with_scoring_COMPOSITE_RISK_SCORE.e8760dd0b3: /* {"app": "dbt", "dbt_version": "1.9.4", "profile_name": "fraud_intelligence", "target_name": "dev", "node_id": "test.fraud_intelligence.not_null_gld_alert_enrichment_with_scoring_COMPOSITE_RISK_SCORE.e8760dd0b3"} */
select
      count(*) as failures,
      count(*) != 0 as should_warn,
      count(*) != 0 as should_error
    from (
      
    
    



select COMPOSITE_RISK_SCORE
from DEMO_DEV.FRAUD_INTELLIGENCE.GLD_ALERT_ENRICHMENT_WITH_SCORING
where COMPOSITE_RISK_SCORE is null



      
    ) dbt_internal_test
[0m20:56:02.501176 [debug] [Thread-3 (]: Using snowflake connection "test.fraud_intelligence.not_null_gld_customer_profile_CUSTOMER_ID.3aa2452749"
[0m20:56:02.502536 [debug] [Thread-2 (]: Opening a new connection, currently in state init
[0m20:56:02.503814 [debug] [Thread-5 (]: Using snowflake connection "test.fraud_intelligence.not_null_gld_ml_training_set_TARGET_LABEL.c8b4047f2e"
[0m20:56:02.504804 [debug] [Thread-3 (]: On test.fraud_intelligence.not_null_gld_customer_profile_CUSTOMER_ID.3aa2452749: /* {"app": "dbt", "dbt_version": "1.9.4", "profile_name": "fraud_intelligence", "target_name": "dev", "node_id": "test.fraud_intelligence.not_null_gld_customer_profile_CUSTOMER_ID.3aa2452749"} */
select
      count(*) as failures,
      count(*) != 0 as should_warn,
      count(*) != 0 as should_error
    from (
      
    
    



select CUSTOMER_ID
from DEMO_DEV.FRAUD_INTELLIGENCE.GLD_CUSTOMER_PROFILE
where CUSTOMER_ID is null



      
    ) dbt_internal_test
[0m20:56:02.506222 [debug] [Thread-5 (]: On test.fraud_intelligence.not_null_gld_ml_training_set_TARGET_LABEL.c8b4047f2e: /* {"app": "dbt", "dbt_version": "1.9.4", "profile_name": "fraud_intelligence", "target_name": "dev", "node_id": "test.fraud_intelligence.not_null_gld_ml_training_set_TARGET_LABEL.c8b4047f2e"} */
select
      count(*) as failures,
      count(*) != 0 as should_warn,
      count(*) != 0 as should_error
    from (
      
    
    



select TARGET_LABEL
from DEMO_DEV.FRAUD_INTELLIGENCE.GLD_ML_TRAINING_SET
where TARGET_LABEL is null



      
    ) dbt_internal_test
[0m20:56:02.507224 [debug] [Thread-3 (]: Opening a new connection, currently in state init
[0m20:56:02.508177 [debug] [Thread-5 (]: Opening a new connection, currently in state init
[0m20:56:02.545391 [debug] [Thread-4 (]: SQL status: SUCCESS 1 in 0.547 seconds
[0m20:56:02.548467 [info ] [Thread-4 (]: 8 of 37 PASS not_null_gld_alert_enrichment_with_scoring_ALERT_ID ............... [[32mPASS[0m in 0.61s]
[0m20:56:02.550052 [debug] [Thread-4 (]: Finished running node test.fraud_intelligence.not_null_gld_alert_enrichment_with_scoring_ALERT_ID.ded410bb89
[0m20:56:02.551080 [debug] [Thread-4 (]: Began running node test.fraud_intelligence.not_null_gld_ml_training_set_TRANSACTION_ID.15daf58ed8
[0m20:56:02.552139 [info ] [Thread-4 (]: 12 of 37 START test not_null_gld_ml_training_set_TRANSACTION_ID ................ [RUN]
[0m20:56:02.553107 [debug] [Thread-4 (]: Re-using an available connection from the pool (formerly test.fraud_intelligence.not_null_gld_alert_enrichment_with_scoring_ALERT_ID.ded410bb89, now test.fraud_intelligence.not_null_gld_ml_training_set_TRANSACTION_ID.15daf58ed8)
[0m20:56:02.553846 [debug] [Thread-4 (]: Began compiling node test.fraud_intelligence.not_null_gld_ml_training_set_TRANSACTION_ID.15daf58ed8
[0m20:56:02.559353 [debug] [Thread-4 (]: Writing injected SQL for node "test.fraud_intelligence.not_null_gld_ml_training_set_TRANSACTION_ID.15daf58ed8"
[0m20:56:02.560556 [debug] [Thread-4 (]: Began executing node test.fraud_intelligence.not_null_gld_ml_training_set_TRANSACTION_ID.15daf58ed8
[0m20:56:02.565368 [debug] [Thread-4 (]: Writing runtime sql for node "test.fraud_intelligence.not_null_gld_ml_training_set_TRANSACTION_ID.15daf58ed8"
[0m20:56:02.566904 [debug] [Thread-4 (]: Using snowflake connection "test.fraud_intelligence.not_null_gld_ml_training_set_TRANSACTION_ID.15daf58ed8"
[0m20:56:02.567742 [debug] [Thread-4 (]: On test.fraud_intelligence.not_null_gld_ml_training_set_TRANSACTION_ID.15daf58ed8: /* {"app": "dbt", "dbt_version": "1.9.4", "profile_name": "fraud_intelligence", "target_name": "dev", "node_id": "test.fraud_intelligence.not_null_gld_ml_training_set_TRANSACTION_ID.15daf58ed8"} */
select
      count(*) as failures,
      count(*) != 0 as should_warn,
      count(*) != 0 as should_error
    from (
      
    
    



select TRANSACTION_ID
from DEMO_DEV.FRAUD_INTELLIGENCE.GLD_ML_TRAINING_SET
where TRANSACTION_ID is null



      
    ) dbt_internal_test
[0m20:56:02.568501 [debug] [Thread-4 (]: Opening a new connection, currently in state init
[0m20:56:02.964531 [debug] [Thread-3 (]: SQL status: SUCCESS 1 in 0.457 seconds
[0m20:56:02.967090 [info ] [Thread-3 (]: 10 of 37 PASS not_null_gld_customer_profile_CUSTOMER_ID ........................ [[32mPASS[0m in 0.51s]
[0m20:56:02.968172 [debug] [Thread-3 (]: Finished running node test.fraud_intelligence.not_null_gld_customer_profile_CUSTOMER_ID.3aa2452749
[0m20:56:02.969077 [debug] [Thread-3 (]: Began running node test.fraud_intelligence.not_null_gld_velocity_counters_CUSTOMER_ID.5e8cde9ac4
[0m20:56:02.969999 [info ] [Thread-3 (]: 13 of 37 START test not_null_gld_velocity_counters_CUSTOMER_ID ................. [RUN]
[0m20:56:02.970882 [debug] [Thread-3 (]: Re-using an available connection from the pool (formerly test.fraud_intelligence.not_null_gld_customer_profile_CUSTOMER_ID.3aa2452749, now test.fraud_intelligence.not_null_gld_velocity_counters_CUSTOMER_ID.5e8cde9ac4)
[0m20:56:02.971691 [debug] [Thread-3 (]: Began compiling node test.fraud_intelligence.not_null_gld_velocity_counters_CUSTOMER_ID.5e8cde9ac4
[0m20:56:02.972639 [debug] [Thread-5 (]: SQL status: SUCCESS 1 in 0.464 seconds
[0m20:56:02.978273 [debug] [Thread-3 (]: Writing injected SQL for node "test.fraud_intelligence.not_null_gld_velocity_counters_CUSTOMER_ID.5e8cde9ac4"
[0m20:56:02.980681 [info ] [Thread-5 (]: 11 of 37 PASS not_null_gld_ml_training_set_TARGET_LABEL ........................ [[32mPASS[0m in 0.52s]
[0m20:56:02.982599 [debug] [Thread-5 (]: Finished running node test.fraud_intelligence.not_null_gld_ml_training_set_TARGET_LABEL.c8b4047f2e
[0m20:56:02.983467 [debug] [Thread-3 (]: Began executing node test.fraud_intelligence.not_null_gld_velocity_counters_CUSTOMER_ID.5e8cde9ac4
[0m20:56:02.984360 [debug] [Thread-5 (]: Began running node test.fraud_intelligence.not_null_int_fraud_features_CUSTOMER_ID.bdb69b5b71
[0m20:56:02.988120 [debug] [Thread-3 (]: Writing runtime sql for node "test.fraud_intelligence.not_null_gld_velocity_counters_CUSTOMER_ID.5e8cde9ac4"
[0m20:56:02.989179 [info ] [Thread-5 (]: 14 of 37 START test not_null_int_fraud_features_CUSTOMER_ID .................... [RUN]
[0m20:56:02.990940 [debug] [Thread-5 (]: Re-using an available connection from the pool (formerly test.fraud_intelligence.not_null_gld_ml_training_set_TARGET_LABEL.c8b4047f2e, now test.fraud_intelligence.not_null_int_fraud_features_CUSTOMER_ID.bdb69b5b71)
[0m20:56:02.992289 [debug] [Thread-3 (]: Using snowflake connection "test.fraud_intelligence.not_null_gld_velocity_counters_CUSTOMER_ID.5e8cde9ac4"
[0m20:56:02.993034 [debug] [Thread-5 (]: Began compiling node test.fraud_intelligence.not_null_int_fraud_features_CUSTOMER_ID.bdb69b5b71
[0m20:56:02.993985 [debug] [Thread-3 (]: On test.fraud_intelligence.not_null_gld_velocity_counters_CUSTOMER_ID.5e8cde9ac4: /* {"app": "dbt", "dbt_version": "1.9.4", "profile_name": "fraud_intelligence", "target_name": "dev", "node_id": "test.fraud_intelligence.not_null_gld_velocity_counters_CUSTOMER_ID.5e8cde9ac4"} */
select
      count(*) as failures,
      count(*) != 0 as should_warn,
      count(*) != 0 as should_error
    from (
      
    
    



select CUSTOMER_ID
from DEMO_DEV.FRAUD_INTELLIGENCE.GLD_VELOCITY_COUNTERS
where CUSTOMER_ID is null



      
    ) dbt_internal_test
[0m20:56:02.999586 [debug] [Thread-5 (]: Writing injected SQL for node "test.fraud_intelligence.not_null_int_fraud_features_CUSTOMER_ID.bdb69b5b71"
[0m20:56:03.000834 [debug] [Thread-3 (]: Opening a new connection, currently in state init
[0m20:56:03.002255 [debug] [Thread-5 (]: Began executing node test.fraud_intelligence.not_null_int_fraud_features_CUSTOMER_ID.bdb69b5b71
[0m20:56:03.006110 [debug] [Thread-5 (]: Writing runtime sql for node "test.fraud_intelligence.not_null_int_fraud_features_CUSTOMER_ID.bdb69b5b71"
[0m20:56:03.007849 [debug] [Thread-5 (]: Using snowflake connection "test.fraud_intelligence.not_null_int_fraud_features_CUSTOMER_ID.bdb69b5b71"
[0m20:56:03.008673 [debug] [Thread-5 (]: On test.fraud_intelligence.not_null_int_fraud_features_CUSTOMER_ID.bdb69b5b71: /* {"app": "dbt", "dbt_version": "1.9.4", "profile_name": "fraud_intelligence", "target_name": "dev", "node_id": "test.fraud_intelligence.not_null_int_fraud_features_CUSTOMER_ID.bdb69b5b71"} */
select
      count(*) as failures,
      count(*) != 0 as should_warn,
      count(*) != 0 as should_error
    from (
      
    
    



select CUSTOMER_ID
from DEMO_DEV.FRAUD_INTELLIGENCE.SLV_FRAUD_FEATURES
where CUSTOMER_ID is null



      
    ) dbt_internal_test
[0m20:56:03.010118 [debug] [Thread-5 (]: Opening a new connection, currently in state init
[0m20:56:03.014768 [debug] [Thread-4 (]: SQL status: SUCCESS 1 in 0.446 seconds
[0m20:56:03.017120 [info ] [Thread-4 (]: 12 of 37 PASS not_null_gld_ml_training_set_TRANSACTION_ID ...................... [[32mPASS[0m in 0.46s]
[0m20:56:03.018052 [debug] [Thread-4 (]: Finished running node test.fraud_intelligence.not_null_gld_ml_training_set_TRANSACTION_ID.15daf58ed8
[0m20:56:03.018821 [debug] [Thread-4 (]: Began running node test.fraud_intelligence.not_null_int_fraud_features_TRANSACTION_AMOUNT.7e901d5801
[0m20:56:03.019767 [info ] [Thread-4 (]: 15 of 37 START test not_null_int_fraud_features_TRANSACTION_AMOUNT ............. [RUN]
[0m20:56:03.020981 [debug] [Thread-4 (]: Re-using an available connection from the pool (formerly test.fraud_intelligence.not_null_gld_ml_training_set_TRANSACTION_ID.15daf58ed8, now test.fraud_intelligence.not_null_int_fraud_features_TRANSACTION_AMOUNT.7e901d5801)
[0m20:56:03.021832 [debug] [Thread-4 (]: Began compiling node test.fraud_intelligence.not_null_int_fraud_features_TRANSACTION_AMOUNT.7e901d5801
[0m20:56:03.028501 [debug] [Thread-4 (]: Writing injected SQL for node "test.fraud_intelligence.not_null_int_fraud_features_TRANSACTION_AMOUNT.7e901d5801"
[0m20:56:03.029751 [debug] [Thread-4 (]: Began executing node test.fraud_intelligence.not_null_int_fraud_features_TRANSACTION_AMOUNT.7e901d5801
[0m20:56:03.033167 [debug] [Thread-4 (]: Writing runtime sql for node "test.fraud_intelligence.not_null_int_fraud_features_TRANSACTION_AMOUNT.7e901d5801"
[0m20:56:03.036246 [debug] [Thread-4 (]: Using snowflake connection "test.fraud_intelligence.not_null_int_fraud_features_TRANSACTION_AMOUNT.7e901d5801"
[0m20:56:03.037974 [debug] [Thread-4 (]: On test.fraud_intelligence.not_null_int_fraud_features_TRANSACTION_AMOUNT.7e901d5801: /* {"app": "dbt", "dbt_version": "1.9.4", "profile_name": "fraud_intelligence", "target_name": "dev", "node_id": "test.fraud_intelligence.not_null_int_fraud_features_TRANSACTION_AMOUNT.7e901d5801"} */
select
      count(*) as failures,
      count(*) != 0 as should_warn,
      count(*) != 0 as should_error
    from (
      
    
    



select TRANSACTION_AMOUNT
from DEMO_DEV.FRAUD_INTELLIGENCE.SLV_FRAUD_FEATURES
where TRANSACTION_AMOUNT is null



      
    ) dbt_internal_test
[0m20:56:03.039207 [debug] [Thread-4 (]: Opening a new connection, currently in state init
[0m20:56:03.045865 [debug] [Thread-2 (]: SQL status: SUCCESS 1 in 0.543 seconds
[0m20:56:03.048314 [info ] [Thread-2 (]: 9 of 37 PASS not_null_gld_alert_enrichment_with_scoring_COMPOSITE_RISK_SCORE ... [[32mPASS[0m in 0.59s]
[0m20:56:03.049520 [debug] [Thread-2 (]: Finished running node test.fraud_intelligence.not_null_gld_alert_enrichment_with_scoring_COMPOSITE_RISK_SCORE.e8760dd0b3
[0m20:56:03.050569 [debug] [Thread-2 (]: Began running node test.fraud_intelligence.not_null_int_fraud_features_TRANSACTION_ID.ebfbe09c8b
[0m20:56:03.051628 [info ] [Thread-2 (]: 16 of 37 START test not_null_int_fraud_features_TRANSACTION_ID ................. [RUN]
[0m20:56:03.052710 [debug] [Thread-2 (]: Re-using an available connection from the pool (formerly test.fraud_intelligence.not_null_gld_alert_enrichment_with_scoring_COMPOSITE_RISK_SCORE.e8760dd0b3, now test.fraud_intelligence.not_null_int_fraud_features_TRANSACTION_ID.ebfbe09c8b)
[0m20:56:03.053485 [debug] [Thread-2 (]: Began compiling node test.fraud_intelligence.not_null_int_fraud_features_TRANSACTION_ID.ebfbe09c8b
[0m20:56:03.058999 [debug] [Thread-2 (]: Writing injected SQL for node "test.fraud_intelligence.not_null_int_fraud_features_TRANSACTION_ID.ebfbe09c8b"
[0m20:56:03.060338 [debug] [Thread-2 (]: Began executing node test.fraud_intelligence.not_null_int_fraud_features_TRANSACTION_ID.ebfbe09c8b
[0m20:56:03.063843 [debug] [Thread-2 (]: Writing runtime sql for node "test.fraud_intelligence.not_null_int_fraud_features_TRANSACTION_ID.ebfbe09c8b"
[0m20:56:03.065394 [debug] [Thread-2 (]: Using snowflake connection "test.fraud_intelligence.not_null_int_fraud_features_TRANSACTION_ID.ebfbe09c8b"
[0m20:56:03.066183 [debug] [Thread-2 (]: On test.fraud_intelligence.not_null_int_fraud_features_TRANSACTION_ID.ebfbe09c8b: /* {"app": "dbt", "dbt_version": "1.9.4", "profile_name": "fraud_intelligence", "target_name": "dev", "node_id": "test.fraud_intelligence.not_null_int_fraud_features_TRANSACTION_ID.ebfbe09c8b"} */
select
      count(*) as failures,
      count(*) != 0 as should_warn,
      count(*) != 0 as should_error
    from (
      
    
    



select TRANSACTION_ID
from DEMO_DEV.FRAUD_INTELLIGENCE.SLV_FRAUD_FEATURES
where TRANSACTION_ID is null



      
    ) dbt_internal_test
[0m20:56:03.067727 [debug] [Thread-2 (]: Opening a new connection, currently in state init
[0m20:56:03.552851 [debug] [Thread-5 (]: SQL status: SUCCESS 1 in 0.543 seconds
[0m20:56:03.553936 [debug] [Thread-3 (]: SQL status: SUCCESS 1 in 0.553 seconds
[0m20:56:03.554886 [debug] [Thread-4 (]: SQL status: SUCCESS 1 in 0.516 seconds
[0m20:56:03.557402 [info ] [Thread-5 (]: 14 of 37 PASS not_null_int_fraud_features_CUSTOMER_ID .......................... [[32mPASS[0m in 0.57s]
[0m20:56:03.559852 [info ] [Thread-3 (]: 13 of 37 PASS not_null_gld_velocity_counters_CUSTOMER_ID ....................... [[32mPASS[0m in 0.59s]
[0m20:56:03.562204 [info ] [Thread-4 (]: 15 of 37 PASS not_null_int_fraud_features_TRANSACTION_AMOUNT ................... [[32mPASS[0m in 0.54s]
[0m20:56:03.563431 [debug] [Thread-5 (]: Finished running node test.fraud_intelligence.not_null_int_fraud_features_CUSTOMER_ID.bdb69b5b71
[0m20:56:03.564501 [debug] [Thread-3 (]: Finished running node test.fraud_intelligence.not_null_gld_velocity_counters_CUSTOMER_ID.5e8cde9ac4
[0m20:56:03.565498 [debug] [Thread-4 (]: Finished running node test.fraud_intelligence.not_null_int_fraud_features_TRANSACTION_AMOUNT.7e901d5801
[0m20:56:03.566465 [debug] [Thread-5 (]: Began running node test.fraud_intelligence.not_null_int_investigation_knowledge_base_DOC_ID.885f893210
[0m20:56:03.567537 [debug] [Thread-3 (]: Began running node test.fraud_intelligence.not_null_int_rule_code_knowledge_map_RULE_CODE.7f0f488cad
[0m20:56:03.568693 [debug] [Thread-4 (]: Began running node test.fraud_intelligence.source_not_null_fraud_intelligence_bronze_BRZ_RAW_ALERTS_ALERT_ID.ddac98f314
[0m20:56:03.569783 [info ] [Thread-5 (]: 17 of 37 START test not_null_int_investigation_knowledge_base_DOC_ID ........... [RUN]
[0m20:56:03.570888 [info ] [Thread-3 (]: 18 of 37 START test not_null_int_rule_code_knowledge_map_RULE_CODE ............. [RUN]
[0m20:56:03.571848 [info ] [Thread-4 (]: 19 of 37 START test source_not_null_fraud_intelligence_bronze_BRZ_RAW_ALERTS_ALERT_ID  [RUN]
[0m20:56:03.572897 [debug] [Thread-5 (]: Re-using an available connection from the pool (formerly test.fraud_intelligence.not_null_int_fraud_features_CUSTOMER_ID.bdb69b5b71, now test.fraud_intelligence.not_null_int_investigation_knowledge_base_DOC_ID.885f893210)
[0m20:56:03.573828 [debug] [Thread-3 (]: Re-using an available connection from the pool (formerly test.fraud_intelligence.not_null_gld_velocity_counters_CUSTOMER_ID.5e8cde9ac4, now test.fraud_intelligence.not_null_int_rule_code_knowledge_map_RULE_CODE.7f0f488cad)
[0m20:56:03.574805 [debug] [Thread-4 (]: Re-using an available connection from the pool (formerly test.fraud_intelligence.not_null_int_fraud_features_TRANSACTION_AMOUNT.7e901d5801, now test.fraud_intelligence.source_not_null_fraud_intelligence_bronze_BRZ_RAW_ALERTS_ALERT_ID.ddac98f314)
[0m20:56:03.575695 [debug] [Thread-5 (]: Began compiling node test.fraud_intelligence.not_null_int_investigation_knowledge_base_DOC_ID.885f893210
[0m20:56:03.576570 [debug] [Thread-3 (]: Began compiling node test.fraud_intelligence.not_null_int_rule_code_knowledge_map_RULE_CODE.7f0f488cad
[0m20:56:03.577458 [debug] [Thread-4 (]: Began compiling node test.fraud_intelligence.source_not_null_fraud_intelligence_bronze_BRZ_RAW_ALERTS_ALERT_ID.ddac98f314
[0m20:56:03.578644 [debug] [Thread-2 (]: SQL status: SUCCESS 1 in 0.511 seconds
[0m20:56:03.586133 [debug] [Thread-5 (]: Writing injected SQL for node "test.fraud_intelligence.not_null_int_investigation_knowledge_base_DOC_ID.885f893210"
[0m20:56:03.591141 [debug] [Thread-3 (]: Writing injected SQL for node "test.fraud_intelligence.not_null_int_rule_code_knowledge_map_RULE_CODE.7f0f488cad"
[0m20:56:03.596798 [debug] [Thread-4 (]: Writing injected SQL for node "test.fraud_intelligence.source_not_null_fraud_intelligence_bronze_BRZ_RAW_ALERTS_ALERT_ID.ddac98f314"
[0m20:56:03.599416 [info ] [Thread-2 (]: 16 of 37 PASS not_null_int_fraud_features_TRANSACTION_ID ....................... [[32mPASS[0m in 0.55s]
[0m20:56:03.601672 [debug] [Thread-5 (]: Began executing node test.fraud_intelligence.not_null_int_investigation_knowledge_base_DOC_ID.885f893210
[0m20:56:03.603600 [debug] [Thread-3 (]: Began executing node test.fraud_intelligence.not_null_int_rule_code_knowledge_map_RULE_CODE.7f0f488cad
[0m20:56:03.604678 [debug] [Thread-2 (]: Finished running node test.fraud_intelligence.not_null_int_fraud_features_TRANSACTION_ID.ebfbe09c8b
[0m20:56:03.605596 [debug] [Thread-4 (]: Began executing node test.fraud_intelligence.source_not_null_fraud_intelligence_bronze_BRZ_RAW_ALERTS_ALERT_ID.ddac98f314
[0m20:56:03.609405 [debug] [Thread-5 (]: Writing runtime sql for node "test.fraud_intelligence.not_null_int_investigation_knowledge_base_DOC_ID.885f893210"
[0m20:56:03.614644 [debug] [Thread-3 (]: Writing runtime sql for node "test.fraud_intelligence.not_null_int_rule_code_knowledge_map_RULE_CODE.7f0f488cad"
[0m20:56:03.615756 [debug] [Thread-2 (]: Began running node test.fraud_intelligence.source_not_null_fraud_intelligence_bronze_BRZ_RAW_ALERTS_CUSTOMER_ID.e524dfbea6
[0m20:56:03.701108 [debug] [Thread-4 (]: Writing runtime sql for node "test.fraud_intelligence.source_not_null_fraud_intelligence_bronze_BRZ_RAW_ALERTS_ALERT_ID.ddac98f314"
[0m20:56:03.703225 [debug] [Thread-5 (]: Using snowflake connection "test.fraud_intelligence.not_null_int_investigation_knowledge_base_DOC_ID.885f893210"
[0m20:56:03.704258 [info ] [Thread-2 (]: 20 of 37 START test source_not_null_fraud_intelligence_bronze_BRZ_RAW_ALERTS_CUSTOMER_ID  [RUN]
[0m20:56:03.705692 [debug] [Thread-3 (]: Using snowflake connection "test.fraud_intelligence.not_null_int_rule_code_knowledge_map_RULE_CODE.7f0f488cad"
[0m20:56:03.707032 [debug] [Thread-5 (]: On test.fraud_intelligence.not_null_int_investigation_knowledge_base_DOC_ID.885f893210: /* {"app": "dbt", "dbt_version": "1.9.4", "profile_name": "fraud_intelligence", "target_name": "dev", "node_id": "test.fraud_intelligence.not_null_int_investigation_knowledge_base_DOC_ID.885f893210"} */
select
      count(*) as failures,
      count(*) != 0 as should_warn,
      count(*) != 0 as should_error
    from (
      
    
    



select DOC_ID
from DEMO_DEV.FRAUD_INTELLIGENCE.SLV_INVESTIGATION_KNOWLEDGE_BASE
where DOC_ID is null



      
    ) dbt_internal_test
[0m20:56:03.708273 [debug] [Thread-2 (]: Re-using an available connection from the pool (formerly test.fraud_intelligence.not_null_int_fraud_features_TRANSACTION_ID.ebfbe09c8b, now test.fraud_intelligence.source_not_null_fraud_intelligence_bronze_BRZ_RAW_ALERTS_CUSTOMER_ID.e524dfbea6)
[0m20:56:03.709216 [debug] [Thread-4 (]: Using snowflake connection "test.fraud_intelligence.source_not_null_fraud_intelligence_bronze_BRZ_RAW_ALERTS_ALERT_ID.ddac98f314"
[0m20:56:03.710056 [debug] [Thread-3 (]: On test.fraud_intelligence.not_null_int_rule_code_knowledge_map_RULE_CODE.7f0f488cad: /* {"app": "dbt", "dbt_version": "1.9.4", "profile_name": "fraud_intelligence", "target_name": "dev", "node_id": "test.fraud_intelligence.not_null_int_rule_code_knowledge_map_RULE_CODE.7f0f488cad"} */
select
      count(*) as failures,
      count(*) != 0 as should_warn,
      count(*) != 0 as should_error
    from (
      
    
    



select RULE_CODE
from DEMO_DEV.FRAUD_INTELLIGENCE.SLV_RULE_CODE_KNOWLEDGE_MAP
where RULE_CODE is null



      
    ) dbt_internal_test
[0m20:56:03.710874 [debug] [Thread-5 (]: Opening a new connection, currently in state init
[0m20:56:03.711723 [debug] [Thread-2 (]: Began compiling node test.fraud_intelligence.source_not_null_fraud_intelligence_bronze_BRZ_RAW_ALERTS_CUSTOMER_ID.e524dfbea6
[0m20:56:03.712594 [debug] [Thread-4 (]: On test.fraud_intelligence.source_not_null_fraud_intelligence_bronze_BRZ_RAW_ALERTS_ALERT_ID.ddac98f314: /* {"app": "dbt", "dbt_version": "1.9.4", "profile_name": "fraud_intelligence", "target_name": "dev", "node_id": "test.fraud_intelligence.source_not_null_fraud_intelligence_bronze_BRZ_RAW_ALERTS_ALERT_ID.ddac98f314"} */
select
      count(*) as failures,
      count(*) != 0 as should_warn,
      count(*) != 0 as should_error
    from (
      
    
    



select ALERT_ID
from DEMO_DEV.FRAUD_INTELLIGENCE.BRZ_RAW_ALERTS
where ALERT_ID is null



      
    ) dbt_internal_test
[0m20:56:03.713430 [debug] [Thread-3 (]: Opening a new connection, currently in state init
[0m20:56:03.719195 [debug] [Thread-2 (]: Writing injected SQL for node "test.fraud_intelligence.source_not_null_fraud_intelligence_bronze_BRZ_RAW_ALERTS_CUSTOMER_ID.e524dfbea6"
[0m20:56:03.720196 [debug] [Thread-4 (]: Opening a new connection, currently in state init
[0m20:56:03.722557 [debug] [Thread-2 (]: Began executing node test.fraud_intelligence.source_not_null_fraud_intelligence_bronze_BRZ_RAW_ALERTS_CUSTOMER_ID.e524dfbea6
[0m20:56:03.726462 [debug] [Thread-2 (]: Writing runtime sql for node "test.fraud_intelligence.source_not_null_fraud_intelligence_bronze_BRZ_RAW_ALERTS_CUSTOMER_ID.e524dfbea6"
[0m20:56:03.728022 [debug] [Thread-2 (]: Using snowflake connection "test.fraud_intelligence.source_not_null_fraud_intelligence_bronze_BRZ_RAW_ALERTS_CUSTOMER_ID.e524dfbea6"
[0m20:56:03.728895 [debug] [Thread-2 (]: On test.fraud_intelligence.source_not_null_fraud_intelligence_bronze_BRZ_RAW_ALERTS_CUSTOMER_ID.e524dfbea6: /* {"app": "dbt", "dbt_version": "1.9.4", "profile_name": "fraud_intelligence", "target_name": "dev", "node_id": "test.fraud_intelligence.source_not_null_fraud_intelligence_bronze_BRZ_RAW_ALERTS_CUSTOMER_ID.e524dfbea6"} */
select
      count(*) as failures,
      count(*) != 0 as should_warn,
      count(*) != 0 as should_error
    from (
      
    
    



select CUSTOMER_ID
from DEMO_DEV.FRAUD_INTELLIGENCE.BRZ_RAW_ALERTS
where CUSTOMER_ID is null



      
    ) dbt_internal_test
[0m20:56:03.729595 [debug] [Thread-2 (]: Opening a new connection, currently in state init
[0m20:56:04.266227 [debug] [Thread-5 (]: SQL status: SUCCESS 1 in 0.555 seconds
[0m20:56:04.267311 [debug] [Thread-4 (]: SQL status: SUCCESS 1 in 0.547 seconds
[0m20:56:04.268150 [debug] [Thread-3 (]: SQL status: SUCCESS 1 in 0.555 seconds
[0m20:56:04.268991 [debug] [Thread-2 (]: SQL status: SUCCESS 1 in 0.539 seconds
[0m20:56:04.271385 [info ] [Thread-5 (]: 17 of 37 PASS not_null_int_investigation_knowledge_base_DOC_ID ................. [[32mPASS[0m in 0.70s]
[0m20:56:04.273517 [info ] [Thread-4 (]: 19 of 37 PASS source_not_null_fraud_intelligence_bronze_BRZ_RAW_ALERTS_ALERT_ID  [[32mPASS[0m in 0.70s]
[0m20:56:04.275725 [info ] [Thread-3 (]: 18 of 37 PASS not_null_int_rule_code_knowledge_map_RULE_CODE ................... [[32mPASS[0m in 0.70s]
[0m20:56:04.277898 [info ] [Thread-2 (]: 20 of 37 PASS source_not_null_fraud_intelligence_bronze_BRZ_RAW_ALERTS_CUSTOMER_ID  [[32mPASS[0m in 0.57s]
[0m20:56:04.279007 [debug] [Thread-5 (]: Finished running node test.fraud_intelligence.not_null_int_investigation_knowledge_base_DOC_ID.885f893210
[0m20:56:04.279963 [debug] [Thread-4 (]: Finished running node test.fraud_intelligence.source_not_null_fraud_intelligence_bronze_BRZ_RAW_ALERTS_ALERT_ID.ddac98f314
[0m20:56:04.280995 [debug] [Thread-3 (]: Finished running node test.fraud_intelligence.not_null_int_rule_code_knowledge_map_RULE_CODE.7f0f488cad
[0m20:56:04.282252 [debug] [Thread-2 (]: Finished running node test.fraud_intelligence.source_not_null_fraud_intelligence_bronze_BRZ_RAW_ALERTS_CUSTOMER_ID.e524dfbea6
[0m20:56:04.283345 [debug] [Thread-5 (]: Began running node test.fraud_intelligence.source_not_null_fraud_intelligence_bronze_BRZ_RAW_CUSTOMERS_CUSTOMER_ID.f168006016
[0m20:56:04.284441 [debug] [Thread-4 (]: Began running node test.fraud_intelligence.source_not_null_fraud_intelligence_bronze_BRZ_RAW_INVESTIGATION_DOCS_DOC_ID.8ea7f8c754
[0m20:56:04.285478 [debug] [Thread-3 (]: Began running node test.fraud_intelligence.source_not_null_fraud_intelligence_bronze_BRZ_RAW_RULE_DEFINITIONS_RULE_CODE.ec50b3ff2f
[0m20:56:04.286470 [debug] [Thread-2 (]: Began running node test.fraud_intelligence.source_not_null_fraud_intelligence_bronze_BRZ_RAW_TRANSACTIONS_CUSTOMER_ID.09920d23b0
[0m20:56:04.287638 [info ] [Thread-5 (]: 21 of 37 START test source_not_null_fraud_intelligence_bronze_BRZ_RAW_CUSTOMERS_CUSTOMER_ID  [RUN]
[0m20:56:04.288626 [info ] [Thread-4 (]: 22 of 37 START test source_not_null_fraud_intelligence_bronze_BRZ_RAW_INVESTIGATION_DOCS_DOC_ID  [RUN]
[0m20:56:04.289608 [info ] [Thread-3 (]: 23 of 37 START test source_not_null_fraud_intelligence_bronze_BRZ_RAW_RULE_DEFINITIONS_RULE_CODE  [RUN]
[0m20:56:04.290572 [info ] [Thread-2 (]: 24 of 37 START test source_not_null_fraud_intelligence_bronze_BRZ_RAW_TRANSACTIONS_CUSTOMER_ID  [RUN]
[0m20:56:04.291619 [debug] [Thread-5 (]: Re-using an available connection from the pool (formerly test.fraud_intelligence.not_null_int_investigation_knowledge_base_DOC_ID.885f893210, now test.fraud_intelligence.source_not_null_fraud_intelligence_bronze_BRZ_RAW_CUSTOMERS_CUSTOMER_ID.f168006016)
[0m20:56:04.292551 [debug] [Thread-4 (]: Re-using an available connection from the pool (formerly test.fraud_intelligence.source_not_null_fraud_intelligence_bronze_BRZ_RAW_ALERTS_ALERT_ID.ddac98f314, now test.fraud_intelligence.source_not_null_fraud_intelligence_bronze_BRZ_RAW_INVESTIGATION_DOCS_DOC_ID.8ea7f8c754)
[0m20:56:04.293513 [debug] [Thread-3 (]: Re-using an available connection from the pool (formerly test.fraud_intelligence.not_null_int_rule_code_knowledge_map_RULE_CODE.7f0f488cad, now test.fraud_intelligence.source_not_null_fraud_intelligence_bronze_BRZ_RAW_RULE_DEFINITIONS_RULE_CODE.ec50b3ff2f)
[0m20:56:04.294470 [debug] [Thread-2 (]: Re-using an available connection from the pool (formerly test.fraud_intelligence.source_not_null_fraud_intelligence_bronze_BRZ_RAW_ALERTS_CUSTOMER_ID.e524dfbea6, now test.fraud_intelligence.source_not_null_fraud_intelligence_bronze_BRZ_RAW_TRANSACTIONS_CUSTOMER_ID.09920d23b0)
[0m20:56:04.295390 [debug] [Thread-5 (]: Began compiling node test.fraud_intelligence.source_not_null_fraud_intelligence_bronze_BRZ_RAW_CUSTOMERS_CUSTOMER_ID.f168006016
[0m20:56:04.296239 [debug] [Thread-4 (]: Began compiling node test.fraud_intelligence.source_not_null_fraud_intelligence_bronze_BRZ_RAW_INVESTIGATION_DOCS_DOC_ID.8ea7f8c754
[0m20:56:04.297028 [debug] [Thread-3 (]: Began compiling node test.fraud_intelligence.source_not_null_fraud_intelligence_bronze_BRZ_RAW_RULE_DEFINITIONS_RULE_CODE.ec50b3ff2f
[0m20:56:04.297872 [debug] [Thread-2 (]: Began compiling node test.fraud_intelligence.source_not_null_fraud_intelligence_bronze_BRZ_RAW_TRANSACTIONS_CUSTOMER_ID.09920d23b0
[0m20:56:04.303816 [debug] [Thread-5 (]: Writing injected SQL for node "test.fraud_intelligence.source_not_null_fraud_intelligence_bronze_BRZ_RAW_CUSTOMERS_CUSTOMER_ID.f168006016"
[0m20:56:04.311131 [debug] [Thread-4 (]: Writing injected SQL for node "test.fraud_intelligence.source_not_null_fraud_intelligence_bronze_BRZ_RAW_INVESTIGATION_DOCS_DOC_ID.8ea7f8c754"
[0m20:56:04.316281 [debug] [Thread-3 (]: Writing injected SQL for node "test.fraud_intelligence.source_not_null_fraud_intelligence_bronze_BRZ_RAW_RULE_DEFINITIONS_RULE_CODE.ec50b3ff2f"
[0m20:56:04.321668 [debug] [Thread-2 (]: Writing injected SQL for node "test.fraud_intelligence.source_not_null_fraud_intelligence_bronze_BRZ_RAW_TRANSACTIONS_CUSTOMER_ID.09920d23b0"
[0m20:56:04.324412 [debug] [Thread-5 (]: Began executing node test.fraud_intelligence.source_not_null_fraud_intelligence_bronze_BRZ_RAW_CUSTOMERS_CUSTOMER_ID.f168006016
[0m20:56:04.326061 [debug] [Thread-4 (]: Began executing node test.fraud_intelligence.source_not_null_fraud_intelligence_bronze_BRZ_RAW_INVESTIGATION_DOCS_DOC_ID.8ea7f8c754
[0m20:56:04.327070 [debug] [Thread-3 (]: Began executing node test.fraud_intelligence.source_not_null_fraud_intelligence_bronze_BRZ_RAW_RULE_DEFINITIONS_RULE_CODE.ec50b3ff2f
[0m20:56:04.331164 [debug] [Thread-5 (]: Writing runtime sql for node "test.fraud_intelligence.source_not_null_fraud_intelligence_bronze_BRZ_RAW_CUSTOMERS_CUSTOMER_ID.f168006016"
[0m20:56:04.332105 [debug] [Thread-2 (]: Began executing node test.fraud_intelligence.source_not_null_fraud_intelligence_bronze_BRZ_RAW_TRANSACTIONS_CUSTOMER_ID.09920d23b0
[0m20:56:04.337438 [debug] [Thread-4 (]: Writing runtime sql for node "test.fraud_intelligence.source_not_null_fraud_intelligence_bronze_BRZ_RAW_INVESTIGATION_DOCS_DOC_ID.8ea7f8c754"
[0m20:56:04.341252 [debug] [Thread-3 (]: Writing runtime sql for node "test.fraud_intelligence.source_not_null_fraud_intelligence_bronze_BRZ_RAW_RULE_DEFINITIONS_RULE_CODE.ec50b3ff2f"
[0m20:56:04.345837 [debug] [Thread-2 (]: Writing runtime sql for node "test.fraud_intelligence.source_not_null_fraud_intelligence_bronze_BRZ_RAW_TRANSACTIONS_CUSTOMER_ID.09920d23b0"
[0m20:56:04.347072 [debug] [Thread-5 (]: Using snowflake connection "test.fraud_intelligence.source_not_null_fraud_intelligence_bronze_BRZ_RAW_CUSTOMERS_CUSTOMER_ID.f168006016"
[0m20:56:04.349487 [debug] [Thread-4 (]: Using snowflake connection "test.fraud_intelligence.source_not_null_fraud_intelligence_bronze_BRZ_RAW_INVESTIGATION_DOCS_DOC_ID.8ea7f8c754"
[0m20:56:04.351793 [debug] [Thread-3 (]: Using snowflake connection "test.fraud_intelligence.source_not_null_fraud_intelligence_bronze_BRZ_RAW_RULE_DEFINITIONS_RULE_CODE.ec50b3ff2f"
[0m20:56:04.352570 [debug] [Thread-5 (]: On test.fraud_intelligence.source_not_null_fraud_intelligence_bronze_BRZ_RAW_CUSTOMERS_CUSTOMER_ID.f168006016: /* {"app": "dbt", "dbt_version": "1.9.4", "profile_name": "fraud_intelligence", "target_name": "dev", "node_id": "test.fraud_intelligence.source_not_null_fraud_intelligence_bronze_BRZ_RAW_CUSTOMERS_CUSTOMER_ID.f168006016"} */
select
      count(*) as failures,
      count(*) != 0 as should_warn,
      count(*) != 0 as should_error
    from (
      
    
    



select CUSTOMER_ID
from DEMO_DEV.FRAUD_INTELLIGENCE.BRZ_RAW_CUSTOMERS
where CUSTOMER_ID is null



      
    ) dbt_internal_test
[0m20:56:04.353683 [debug] [Thread-2 (]: Using snowflake connection "test.fraud_intelligence.source_not_null_fraud_intelligence_bronze_BRZ_RAW_TRANSACTIONS_CUSTOMER_ID.09920d23b0"
[0m20:56:04.354659 [debug] [Thread-4 (]: On test.fraud_intelligence.source_not_null_fraud_intelligence_bronze_BRZ_RAW_INVESTIGATION_DOCS_DOC_ID.8ea7f8c754: /* {"app": "dbt", "dbt_version": "1.9.4", "profile_name": "fraud_intelligence", "target_name": "dev", "node_id": "test.fraud_intelligence.source_not_null_fraud_intelligence_bronze_BRZ_RAW_INVESTIGATION_DOCS_DOC_ID.8ea7f8c754"} */
select
      count(*) as failures,
      count(*) != 0 as should_warn,
      count(*) != 0 as should_error
    from (
      
    
    



select DOC_ID
from DEMO_DEV.FRAUD_INTELLIGENCE.BRZ_RAW_INVESTIGATION_DOCS
where DOC_ID is null



      
    ) dbt_internal_test
[0m20:56:04.355652 [debug] [Thread-3 (]: On test.fraud_intelligence.source_not_null_fraud_intelligence_bronze_BRZ_RAW_RULE_DEFINITIONS_RULE_CODE.ec50b3ff2f: /* {"app": "dbt", "dbt_version": "1.9.4", "profile_name": "fraud_intelligence", "target_name": "dev", "node_id": "test.fraud_intelligence.source_not_null_fraud_intelligence_bronze_BRZ_RAW_RULE_DEFINITIONS_RULE_CODE.ec50b3ff2f"} */
select
      count(*) as failures,
      count(*) != 0 as should_warn,
      count(*) != 0 as should_error
    from (
      
    
    



select RULE_CODE
from DEMO_DEV.FRAUD_INTELLIGENCE.BRZ_RAW_RULE_DEFINITIONS
where RULE_CODE is null



      
    ) dbt_internal_test
[0m20:56:04.356515 [debug] [Thread-5 (]: Opening a new connection, currently in state init
[0m20:56:04.357473 [debug] [Thread-2 (]: On test.fraud_intelligence.source_not_null_fraud_intelligence_bronze_BRZ_RAW_TRANSACTIONS_CUSTOMER_ID.09920d23b0: /* {"app": "dbt", "dbt_version": "1.9.4", "profile_name": "fraud_intelligence", "target_name": "dev", "node_id": "test.fraud_intelligence.source_not_null_fraud_intelligence_bronze_BRZ_RAW_TRANSACTIONS_CUSTOMER_ID.09920d23b0"} */
select
      count(*) as failures,
      count(*) != 0 as should_warn,
      count(*) != 0 as should_error
    from (
      
    
    



select CUSTOMER_ID
from DEMO_DEV.FRAUD_INTELLIGENCE.BRZ_RAW_TRANSACTIONS
where CUSTOMER_ID is null



      
    ) dbt_internal_test
[0m20:56:04.358378 [debug] [Thread-4 (]: Opening a new connection, currently in state init
[0m20:56:04.359199 [debug] [Thread-3 (]: Opening a new connection, currently in state init
[0m20:56:04.360430 [debug] [Thread-2 (]: Opening a new connection, currently in state init
[0m20:56:04.833028 [debug] [Thread-2 (]: SQL status: SUCCESS 1 in 0.472 seconds
[0m20:56:04.834011 [debug] [Thread-4 (]: SQL status: SUCCESS 1 in 0.476 seconds
[0m20:56:04.834895 [debug] [Thread-3 (]: SQL status: SUCCESS 1 in 0.476 seconds
[0m20:56:04.837375 [info ] [Thread-2 (]: 24 of 37 PASS source_not_null_fraud_intelligence_bronze_BRZ_RAW_TRANSACTIONS_CUSTOMER_ID  [[32mPASS[0m in 0.54s]
[0m20:56:04.840034 [info ] [Thread-4 (]: 22 of 37 PASS source_not_null_fraud_intelligence_bronze_BRZ_RAW_INVESTIGATION_DOCS_DOC_ID  [[32mPASS[0m in 0.55s]
[0m20:56:04.842312 [info ] [Thread-3 (]: 23 of 37 PASS source_not_null_fraud_intelligence_bronze_BRZ_RAW_RULE_DEFINITIONS_RULE_CODE  [[32mPASS[0m in 0.55s]
[0m20:56:04.843429 [debug] [Thread-2 (]: Finished running node test.fraud_intelligence.source_not_null_fraud_intelligence_bronze_BRZ_RAW_TRANSACTIONS_CUSTOMER_ID.09920d23b0
[0m20:56:04.844433 [debug] [Thread-4 (]: Finished running node test.fraud_intelligence.source_not_null_fraud_intelligence_bronze_BRZ_RAW_INVESTIGATION_DOCS_DOC_ID.8ea7f8c754
[0m20:56:04.845466 [debug] [Thread-3 (]: Finished running node test.fraud_intelligence.source_not_null_fraud_intelligence_bronze_BRZ_RAW_RULE_DEFINITIONS_RULE_CODE.ec50b3ff2f
[0m20:56:04.846425 [debug] [Thread-2 (]: Began running node test.fraud_intelligence.source_not_null_fraud_intelligence_bronze_BRZ_RAW_TRANSACTIONS_TRANSACTION_AMOUNT.9a738e20b5
[0m20:56:04.847602 [debug] [Thread-4 (]: Began running node test.fraud_intelligence.source_not_null_fraud_intelligence_bronze_BRZ_RAW_TRANSACTIONS_TRANSACTION_ID.13c5d65ab5
[0m20:56:04.848865 [debug] [Thread-3 (]: Began running node test.fraud_intelligence.source_not_null_fraud_intelligence_bronze_BRZ_RAW_VELOCITY_EVENTS_CUSTOMER_ID.e384a501cf
[0m20:56:04.849955 [info ] [Thread-2 (]: 25 of 37 START test source_not_null_fraud_intelligence_bronze_BRZ_RAW_TRANSACTIONS_TRANSACTION_AMOUNT  [RUN]
[0m20:56:04.851017 [info ] [Thread-4 (]: 26 of 37 START test source_not_null_fraud_intelligence_bronze_BRZ_RAW_TRANSACTIONS_TRANSACTION_ID  [RUN]
[0m20:56:04.851971 [info ] [Thread-3 (]: 27 of 37 START test source_not_null_fraud_intelligence_bronze_BRZ_RAW_VELOCITY_EVENTS_CUSTOMER_ID  [RUN]
[0m20:56:04.853065 [debug] [Thread-2 (]: Re-using an available connection from the pool (formerly test.fraud_intelligence.source_not_null_fraud_intelligence_bronze_BRZ_RAW_TRANSACTIONS_CUSTOMER_ID.09920d23b0, now test.fraud_intelligence.source_not_null_fraud_intelligence_bronze_BRZ_RAW_TRANSACTIONS_TRANSACTION_AMOUNT.9a738e20b5)
[0m20:56:04.854120 [debug] [Thread-5 (]: SQL status: SUCCESS 1 in 0.498 seconds
[0m20:56:04.855147 [debug] [Thread-4 (]: Re-using an available connection from the pool (formerly test.fraud_intelligence.source_not_null_fraud_intelligence_bronze_BRZ_RAW_INVESTIGATION_DOCS_DOC_ID.8ea7f8c754, now test.fraud_intelligence.source_not_null_fraud_intelligence_bronze_BRZ_RAW_TRANSACTIONS_TRANSACTION_ID.13c5d65ab5)
[0m20:56:04.856206 [debug] [Thread-3 (]: Re-using an available connection from the pool (formerly test.fraud_intelligence.source_not_null_fraud_intelligence_bronze_BRZ_RAW_RULE_DEFINITIONS_RULE_CODE.ec50b3ff2f, now test.fraud_intelligence.source_not_null_fraud_intelligence_bronze_BRZ_RAW_VELOCITY_EVENTS_CUSTOMER_ID.e384a501cf)
[0m20:56:04.857186 [debug] [Thread-2 (]: Began compiling node test.fraud_intelligence.source_not_null_fraud_intelligence_bronze_BRZ_RAW_TRANSACTIONS_TRANSACTION_AMOUNT.9a738e20b5
[0m20:56:04.859520 [info ] [Thread-5 (]: 21 of 37 PASS source_not_null_fraud_intelligence_bronze_BRZ_RAW_CUSTOMERS_CUSTOMER_ID  [[32mPASS[0m in 0.57s]
[0m20:56:04.860537 [debug] [Thread-4 (]: Began compiling node test.fraud_intelligence.source_not_null_fraud_intelligence_bronze_BRZ_RAW_TRANSACTIONS_TRANSACTION_ID.13c5d65ab5
[0m20:56:04.861591 [debug] [Thread-3 (]: Began compiling node test.fraud_intelligence.source_not_null_fraud_intelligence_bronze_BRZ_RAW_VELOCITY_EVENTS_CUSTOMER_ID.e384a501cf
[0m20:56:04.867882 [debug] [Thread-2 (]: Writing injected SQL for node "test.fraud_intelligence.source_not_null_fraud_intelligence_bronze_BRZ_RAW_TRANSACTIONS_TRANSACTION_AMOUNT.9a738e20b5"
[0m20:56:04.869026 [debug] [Thread-5 (]: Finished running node test.fraud_intelligence.source_not_null_fraud_intelligence_bronze_BRZ_RAW_CUSTOMERS_CUSTOMER_ID.f168006016
[0m20:56:04.876680 [debug] [Thread-4 (]: Writing injected SQL for node "test.fraud_intelligence.source_not_null_fraud_intelligence_bronze_BRZ_RAW_TRANSACTIONS_TRANSACTION_ID.13c5d65ab5"
[0m20:56:04.881913 [debug] [Thread-3 (]: Writing injected SQL for node "test.fraud_intelligence.source_not_null_fraud_intelligence_bronze_BRZ_RAW_VELOCITY_EVENTS_CUSTOMER_ID.e384a501cf"
[0m20:56:04.883908 [debug] [Thread-5 (]: Began running node test.fraud_intelligence.source_not_null_fraud_intelligence_bronze_BRZ_RAW_VELOCITY_EVENTS_EVENT_ID.ccbf58d9ec
[0m20:56:04.884976 [debug] [Thread-2 (]: Began executing node test.fraud_intelligence.source_not_null_fraud_intelligence_bronze_BRZ_RAW_TRANSACTIONS_TRANSACTION_AMOUNT.9a738e20b5
[0m20:56:04.887109 [debug] [Thread-4 (]: Began executing node test.fraud_intelligence.source_not_null_fraud_intelligence_bronze_BRZ_RAW_TRANSACTIONS_TRANSACTION_ID.13c5d65ab5
[0m20:56:04.888093 [info ] [Thread-5 (]: 28 of 37 START test source_not_null_fraud_intelligence_bronze_BRZ_RAW_VELOCITY_EVENTS_EVENT_ID  [RUN]
[0m20:56:04.889024 [debug] [Thread-3 (]: Began executing node test.fraud_intelligence.source_not_null_fraud_intelligence_bronze_BRZ_RAW_VELOCITY_EVENTS_CUSTOMER_ID.e384a501cf
[0m20:56:04.892617 [debug] [Thread-2 (]: Writing runtime sql for node "test.fraud_intelligence.source_not_null_fraud_intelligence_bronze_BRZ_RAW_TRANSACTIONS_TRANSACTION_AMOUNT.9a738e20b5"
[0m20:56:04.896452 [debug] [Thread-4 (]: Writing runtime sql for node "test.fraud_intelligence.source_not_null_fraud_intelligence_bronze_BRZ_RAW_TRANSACTIONS_TRANSACTION_ID.13c5d65ab5"
[0m20:56:04.897574 [debug] [Thread-5 (]: Re-using an available connection from the pool (formerly test.fraud_intelligence.source_not_null_fraud_intelligence_bronze_BRZ_RAW_CUSTOMERS_CUSTOMER_ID.f168006016, now test.fraud_intelligence.source_not_null_fraud_intelligence_bronze_BRZ_RAW_VELOCITY_EVENTS_EVENT_ID.ccbf58d9ec)
[0m20:56:04.901303 [debug] [Thread-3 (]: Writing runtime sql for node "test.fraud_intelligence.source_not_null_fraud_intelligence_bronze_BRZ_RAW_VELOCITY_EVENTS_CUSTOMER_ID.e384a501cf"
[0m20:56:04.904278 [debug] [Thread-2 (]: Using snowflake connection "test.fraud_intelligence.source_not_null_fraud_intelligence_bronze_BRZ_RAW_TRANSACTIONS_TRANSACTION_AMOUNT.9a738e20b5"
[0m20:56:04.905068 [debug] [Thread-5 (]: Began compiling node test.fraud_intelligence.source_not_null_fraud_intelligence_bronze_BRZ_RAW_VELOCITY_EVENTS_EVENT_ID.ccbf58d9ec
[0m20:56:04.906612 [debug] [Thread-4 (]: Using snowflake connection "test.fraud_intelligence.source_not_null_fraud_intelligence_bronze_BRZ_RAW_TRANSACTIONS_TRANSACTION_ID.13c5d65ab5"
[0m20:56:04.908185 [debug] [Thread-2 (]: On test.fraud_intelligence.source_not_null_fraud_intelligence_bronze_BRZ_RAW_TRANSACTIONS_TRANSACTION_AMOUNT.9a738e20b5: /* {"app": "dbt", "dbt_version": "1.9.4", "profile_name": "fraud_intelligence", "target_name": "dev", "node_id": "test.fraud_intelligence.source_not_null_fraud_intelligence_bronze_BRZ_RAW_TRANSACTIONS_TRANSACTION_AMOUNT.9a738e20b5"} */
select
      count(*) as failures,
      count(*) != 0 as should_warn,
      count(*) != 0 as should_error
    from (
      
    
    



select TRANSACTION_AMOUNT
from DEMO_DEV.FRAUD_INTELLIGENCE.BRZ_RAW_TRANSACTIONS
where TRANSACTION_AMOUNT is null



      
    ) dbt_internal_test
[0m20:56:04.909412 [debug] [Thread-3 (]: Using snowflake connection "test.fraud_intelligence.source_not_null_fraud_intelligence_bronze_BRZ_RAW_VELOCITY_EVENTS_CUSTOMER_ID.e384a501cf"
[0m20:56:04.916405 [debug] [Thread-5 (]: Writing injected SQL for node "test.fraud_intelligence.source_not_null_fraud_intelligence_bronze_BRZ_RAW_VELOCITY_EVENTS_EVENT_ID.ccbf58d9ec"
[0m20:56:04.917385 [debug] [Thread-4 (]: On test.fraud_intelligence.source_not_null_fraud_intelligence_bronze_BRZ_RAW_TRANSACTIONS_TRANSACTION_ID.13c5d65ab5: /* {"app": "dbt", "dbt_version": "1.9.4", "profile_name": "fraud_intelligence", "target_name": "dev", "node_id": "test.fraud_intelligence.source_not_null_fraud_intelligence_bronze_BRZ_RAW_TRANSACTIONS_TRANSACTION_ID.13c5d65ab5"} */
select
      count(*) as failures,
      count(*) != 0 as should_warn,
      count(*) != 0 as should_error
    from (
      
    
    



select TRANSACTION_ID
from DEMO_DEV.FRAUD_INTELLIGENCE.BRZ_RAW_TRANSACTIONS
where TRANSACTION_ID is null



      
    ) dbt_internal_test
[0m20:56:04.918382 [debug] [Thread-2 (]: Opening a new connection, currently in state init
[0m20:56:04.919500 [debug] [Thread-3 (]: On test.fraud_intelligence.source_not_null_fraud_intelligence_bronze_BRZ_RAW_VELOCITY_EVENTS_CUSTOMER_ID.e384a501cf: /* {"app": "dbt", "dbt_version": "1.9.4", "profile_name": "fraud_intelligence", "target_name": "dev", "node_id": "test.fraud_intelligence.source_not_null_fraud_intelligence_bronze_BRZ_RAW_VELOCITY_EVENTS_CUSTOMER_ID.e384a501cf"} */
select
      count(*) as failures,
      count(*) != 0 as should_warn,
      count(*) != 0 as should_error
    from (
      
    
    



select CUSTOMER_ID
from DEMO_DEV.FRAUD_INTELLIGENCE.BRZ_RAW_VELOCITY_EVENTS
where CUSTOMER_ID is null



      
    ) dbt_internal_test
[0m20:56:04.921095 [debug] [Thread-4 (]: Opening a new connection, currently in state init
[0m20:56:04.921874 [debug] [Thread-5 (]: Began executing node test.fraud_intelligence.source_not_null_fraud_intelligence_bronze_BRZ_RAW_VELOCITY_EVENTS_EVENT_ID.ccbf58d9ec
[0m20:56:04.923047 [debug] [Thread-3 (]: Opening a new connection, currently in state init
[0m20:56:04.927505 [debug] [Thread-5 (]: Writing runtime sql for node "test.fraud_intelligence.source_not_null_fraud_intelligence_bronze_BRZ_RAW_VELOCITY_EVENTS_EVENT_ID.ccbf58d9ec"
[0m20:56:04.929543 [debug] [Thread-5 (]: Using snowflake connection "test.fraud_intelligence.source_not_null_fraud_intelligence_bronze_BRZ_RAW_VELOCITY_EVENTS_EVENT_ID.ccbf58d9ec"
[0m20:56:04.930490 [debug] [Thread-5 (]: On test.fraud_intelligence.source_not_null_fraud_intelligence_bronze_BRZ_RAW_VELOCITY_EVENTS_EVENT_ID.ccbf58d9ec: /* {"app": "dbt", "dbt_version": "1.9.4", "profile_name": "fraud_intelligence", "target_name": "dev", "node_id": "test.fraud_intelligence.source_not_null_fraud_intelligence_bronze_BRZ_RAW_VELOCITY_EVENTS_EVENT_ID.ccbf58d9ec"} */
select
      count(*) as failures,
      count(*) != 0 as should_warn,
      count(*) != 0 as should_error
    from (
      
    
    



select EVENT_ID
from DEMO_DEV.FRAUD_INTELLIGENCE.BRZ_RAW_VELOCITY_EVENTS
where EVENT_ID is null



      
    ) dbt_internal_test
[0m20:56:04.931271 [debug] [Thread-5 (]: Opening a new connection, currently in state init
[0m20:56:05.383155 [debug] [Thread-2 (]: SQL status: SUCCESS 1 in 0.465 seconds
[0m20:56:05.384248 [debug] [Thread-4 (]: SQL status: SUCCESS 1 in 0.463 seconds
[0m20:56:05.387054 [info ] [Thread-2 (]: 25 of 37 PASS source_not_null_fraud_intelligence_bronze_BRZ_RAW_TRANSACTIONS_TRANSACTION_AMOUNT  [[32mPASS[0m in 0.53s]
[0m20:56:05.389326 [info ] [Thread-4 (]: 26 of 37 PASS source_not_null_fraud_intelligence_bronze_BRZ_RAW_TRANSACTIONS_TRANSACTION_ID  [[32mPASS[0m in 0.53s]
[0m20:56:05.390406 [debug] [Thread-2 (]: Finished running node test.fraud_intelligence.source_not_null_fraud_intelligence_bronze_BRZ_RAW_TRANSACTIONS_TRANSACTION_AMOUNT.9a738e20b5
[0m20:56:05.391392 [debug] [Thread-4 (]: Finished running node test.fraud_intelligence.source_not_null_fraud_intelligence_bronze_BRZ_RAW_TRANSACTIONS_TRANSACTION_ID.13c5d65ab5
[0m20:56:05.392392 [debug] [Thread-2 (]: Began running node test.fraud_intelligence.source_unique_fraud_intelligence_bronze_BRZ_RAW_ALERTS_ALERT_ID.0c13adb32c
[0m20:56:05.393544 [debug] [Thread-4 (]: Began running node test.fraud_intelligence.source_unique_fraud_intelligence_bronze_BRZ_RAW_CUSTOMERS_CUSTOMER_ID.e2034a241d
[0m20:56:05.394535 [info ] [Thread-2 (]: 29 of 37 START test source_unique_fraud_intelligence_bronze_BRZ_RAW_ALERTS_ALERT_ID  [RUN]
[0m20:56:05.395447 [info ] [Thread-4 (]: 30 of 37 START test source_unique_fraud_intelligence_bronze_BRZ_RAW_CUSTOMERS_CUSTOMER_ID  [RUN]
[0m20:56:05.396498 [debug] [Thread-2 (]: Re-using an available connection from the pool (formerly test.fraud_intelligence.source_not_null_fraud_intelligence_bronze_BRZ_RAW_TRANSACTIONS_TRANSACTION_AMOUNT.9a738e20b5, now test.fraud_intelligence.source_unique_fraud_intelligence_bronze_BRZ_RAW_ALERTS_ALERT_ID.0c13adb32c)
[0m20:56:05.397399 [debug] [Thread-4 (]: Re-using an available connection from the pool (formerly test.fraud_intelligence.source_not_null_fraud_intelligence_bronze_BRZ_RAW_TRANSACTIONS_TRANSACTION_ID.13c5d65ab5, now test.fraud_intelligence.source_unique_fraud_intelligence_bronze_BRZ_RAW_CUSTOMERS_CUSTOMER_ID.e2034a241d)
[0m20:56:05.398217 [debug] [Thread-2 (]: Began compiling node test.fraud_intelligence.source_unique_fraud_intelligence_bronze_BRZ_RAW_ALERTS_ALERT_ID.0c13adb32c
[0m20:56:05.399110 [debug] [Thread-4 (]: Began compiling node test.fraud_intelligence.source_unique_fraud_intelligence_bronze_BRZ_RAW_CUSTOMERS_CUSTOMER_ID.e2034a241d
[0m20:56:05.407029 [debug] [Thread-2 (]: Writing injected SQL for node "test.fraud_intelligence.source_unique_fraud_intelligence_bronze_BRZ_RAW_ALERTS_ALERT_ID.0c13adb32c"
[0m20:56:05.412553 [debug] [Thread-4 (]: Writing injected SQL for node "test.fraud_intelligence.source_unique_fraud_intelligence_bronze_BRZ_RAW_CUSTOMERS_CUSTOMER_ID.e2034a241d"
[0m20:56:05.414477 [debug] [Thread-2 (]: Began executing node test.fraud_intelligence.source_unique_fraud_intelligence_bronze_BRZ_RAW_ALERTS_ALERT_ID.0c13adb32c
[0m20:56:05.419967 [debug] [Thread-2 (]: Writing runtime sql for node "test.fraud_intelligence.source_unique_fraud_intelligence_bronze_BRZ_RAW_ALERTS_ALERT_ID.0c13adb32c"
[0m20:56:05.420776 [debug] [Thread-4 (]: Began executing node test.fraud_intelligence.source_unique_fraud_intelligence_bronze_BRZ_RAW_CUSTOMERS_CUSTOMER_ID.e2034a241d
[0m20:56:05.425179 [debug] [Thread-4 (]: Writing runtime sql for node "test.fraud_intelligence.source_unique_fraud_intelligence_bronze_BRZ_RAW_CUSTOMERS_CUSTOMER_ID.e2034a241d"
[0m20:56:05.426242 [debug] [Thread-5 (]: SQL status: SUCCESS 1 in 0.495 seconds
[0m20:56:05.427127 [debug] [Thread-3 (]: SQL status: SUCCESS 1 in 0.504 seconds
[0m20:56:05.428424 [debug] [Thread-2 (]: Using snowflake connection "test.fraud_intelligence.source_unique_fraud_intelligence_bronze_BRZ_RAW_ALERTS_ALERT_ID.0c13adb32c"
[0m20:56:05.431009 [info ] [Thread-5 (]: 28 of 37 PASS source_not_null_fraud_intelligence_bronze_BRZ_RAW_VELOCITY_EVENTS_EVENT_ID  [[32mPASS[0m in 0.53s]
[0m20:56:05.432416 [debug] [Thread-4 (]: Using snowflake connection "test.fraud_intelligence.source_unique_fraud_intelligence_bronze_BRZ_RAW_CUSTOMERS_CUSTOMER_ID.e2034a241d"
[0m20:56:05.434567 [info ] [Thread-3 (]: 27 of 37 PASS source_not_null_fraud_intelligence_bronze_BRZ_RAW_VELOCITY_EVENTS_CUSTOMER_ID  [[32mPASS[0m in 0.58s]
[0m20:56:05.435584 [debug] [Thread-2 (]: On test.fraud_intelligence.source_unique_fraud_intelligence_bronze_BRZ_RAW_ALERTS_ALERT_ID.0c13adb32c: /* {"app": "dbt", "dbt_version": "1.9.4", "profile_name": "fraud_intelligence", "target_name": "dev", "node_id": "test.fraud_intelligence.source_unique_fraud_intelligence_bronze_BRZ_RAW_ALERTS_ALERT_ID.0c13adb32c"} */
select
      count(*) as failures,
      count(*) != 0 as should_warn,
      count(*) != 0 as should_error
    from (
      
    
    

select
    ALERT_ID as unique_field,
    count(*) as n_records

from DEMO_DEV.FRAUD_INTELLIGENCE.BRZ_RAW_ALERTS
where ALERT_ID is not null
group by ALERT_ID
having count(*) > 1



      
    ) dbt_internal_test
[0m20:56:05.436648 [debug] [Thread-5 (]: Finished running node test.fraud_intelligence.source_not_null_fraud_intelligence_bronze_BRZ_RAW_VELOCITY_EVENTS_EVENT_ID.ccbf58d9ec
[0m20:56:05.437659 [debug] [Thread-4 (]: On test.fraud_intelligence.source_unique_fraud_intelligence_bronze_BRZ_RAW_CUSTOMERS_CUSTOMER_ID.e2034a241d: /* {"app": "dbt", "dbt_version": "1.9.4", "profile_name": "fraud_intelligence", "target_name": "dev", "node_id": "test.fraud_intelligence.source_unique_fraud_intelligence_bronze_BRZ_RAW_CUSTOMERS_CUSTOMER_ID.e2034a241d"} */
select
      count(*) as failures,
      count(*) != 0 as should_warn,
      count(*) != 0 as should_error
    from (
      
    
    

select
    CUSTOMER_ID as unique_field,
    count(*) as n_records

from DEMO_DEV.FRAUD_INTELLIGENCE.BRZ_RAW_CUSTOMERS
where CUSTOMER_ID is not null
group by CUSTOMER_ID
having count(*) > 1



      
    ) dbt_internal_test
[0m20:56:05.438919 [debug] [Thread-3 (]: Finished running node test.fraud_intelligence.source_not_null_fraud_intelligence_bronze_BRZ_RAW_VELOCITY_EVENTS_CUSTOMER_ID.e384a501cf
[0m20:56:05.439932 [debug] [Thread-2 (]: Opening a new connection, currently in state init
[0m20:56:05.441099 [debug] [Thread-5 (]: Began running node test.fraud_intelligence.source_unique_fraud_intelligence_bronze_BRZ_RAW_INVESTIGATION_DOCS_DOC_ID.7e88e101b1
[0m20:56:05.442232 [debug] [Thread-4 (]: Opening a new connection, currently in state init
[0m20:56:05.443278 [debug] [Thread-3 (]: Began running node test.fraud_intelligence.source_unique_fraud_intelligence_bronze_BRZ_RAW_RULE_DEFINITIONS_RULE_CODE.19d5d754ab
[0m20:56:05.444636 [info ] [Thread-5 (]: 31 of 37 START test source_unique_fraud_intelligence_bronze_BRZ_RAW_INVESTIGATION_DOCS_DOC_ID  [RUN]
[0m20:56:05.446104 [info ] [Thread-3 (]: 32 of 37 START test source_unique_fraud_intelligence_bronze_BRZ_RAW_RULE_DEFINITIONS_RULE_CODE  [RUN]
[0m20:56:05.447315 [debug] [Thread-5 (]: Re-using an available connection from the pool (formerly test.fraud_intelligence.source_not_null_fraud_intelligence_bronze_BRZ_RAW_VELOCITY_EVENTS_EVENT_ID.ccbf58d9ec, now test.fraud_intelligence.source_unique_fraud_intelligence_bronze_BRZ_RAW_INVESTIGATION_DOCS_DOC_ID.7e88e101b1)
[0m20:56:05.448312 [debug] [Thread-3 (]: Re-using an available connection from the pool (formerly test.fraud_intelligence.source_not_null_fraud_intelligence_bronze_BRZ_RAW_VELOCITY_EVENTS_CUSTOMER_ID.e384a501cf, now test.fraud_intelligence.source_unique_fraud_intelligence_bronze_BRZ_RAW_RULE_DEFINITIONS_RULE_CODE.19d5d754ab)
[0m20:56:05.449231 [debug] [Thread-5 (]: Began compiling node test.fraud_intelligence.source_unique_fraud_intelligence_bronze_BRZ_RAW_INVESTIGATION_DOCS_DOC_ID.7e88e101b1
[0m20:56:05.450119 [debug] [Thread-3 (]: Began compiling node test.fraud_intelligence.source_unique_fraud_intelligence_bronze_BRZ_RAW_RULE_DEFINITIONS_RULE_CODE.19d5d754ab
[0m20:56:05.455845 [debug] [Thread-5 (]: Writing injected SQL for node "test.fraud_intelligence.source_unique_fraud_intelligence_bronze_BRZ_RAW_INVESTIGATION_DOCS_DOC_ID.7e88e101b1"
[0m20:56:05.461083 [debug] [Thread-3 (]: Writing injected SQL for node "test.fraud_intelligence.source_unique_fraud_intelligence_bronze_BRZ_RAW_RULE_DEFINITIONS_RULE_CODE.19d5d754ab"
[0m20:56:05.462842 [debug] [Thread-5 (]: Began executing node test.fraud_intelligence.source_unique_fraud_intelligence_bronze_BRZ_RAW_INVESTIGATION_DOCS_DOC_ID.7e88e101b1
[0m20:56:05.463827 [debug] [Thread-3 (]: Began executing node test.fraud_intelligence.source_unique_fraud_intelligence_bronze_BRZ_RAW_RULE_DEFINITIONS_RULE_CODE.19d5d754ab
[0m20:56:05.467353 [debug] [Thread-5 (]: Writing runtime sql for node "test.fraud_intelligence.source_unique_fraud_intelligence_bronze_BRZ_RAW_INVESTIGATION_DOCS_DOC_ID.7e88e101b1"
[0m20:56:05.472161 [debug] [Thread-3 (]: Writing runtime sql for node "test.fraud_intelligence.source_unique_fraud_intelligence_bronze_BRZ_RAW_RULE_DEFINITIONS_RULE_CODE.19d5d754ab"
[0m20:56:05.475102 [debug] [Thread-5 (]: Using snowflake connection "test.fraud_intelligence.source_unique_fraud_intelligence_bronze_BRZ_RAW_INVESTIGATION_DOCS_DOC_ID.7e88e101b1"
[0m20:56:05.477289 [debug] [Thread-5 (]: On test.fraud_intelligence.source_unique_fraud_intelligence_bronze_BRZ_RAW_INVESTIGATION_DOCS_DOC_ID.7e88e101b1: /* {"app": "dbt", "dbt_version": "1.9.4", "profile_name": "fraud_intelligence", "target_name": "dev", "node_id": "test.fraud_intelligence.source_unique_fraud_intelligence_bronze_BRZ_RAW_INVESTIGATION_DOCS_DOC_ID.7e88e101b1"} */
select
      count(*) as failures,
      count(*) != 0 as should_warn,
      count(*) != 0 as should_error
    from (
      
    
    

select
    DOC_ID as unique_field,
    count(*) as n_records

from DEMO_DEV.FRAUD_INTELLIGENCE.BRZ_RAW_INVESTIGATION_DOCS
where DOC_ID is not null
group by DOC_ID
having count(*) > 1



      
    ) dbt_internal_test
[0m20:56:05.478517 [debug] [Thread-3 (]: Using snowflake connection "test.fraud_intelligence.source_unique_fraud_intelligence_bronze_BRZ_RAW_RULE_DEFINITIONS_RULE_CODE.19d5d754ab"
[0m20:56:05.479474 [debug] [Thread-5 (]: Opening a new connection, currently in state init
[0m20:56:05.481108 [debug] [Thread-3 (]: On test.fraud_intelligence.source_unique_fraud_intelligence_bronze_BRZ_RAW_RULE_DEFINITIONS_RULE_CODE.19d5d754ab: /* {"app": "dbt", "dbt_version": "1.9.4", "profile_name": "fraud_intelligence", "target_name": "dev", "node_id": "test.fraud_intelligence.source_unique_fraud_intelligence_bronze_BRZ_RAW_RULE_DEFINITIONS_RULE_CODE.19d5d754ab"} */
select
      count(*) as failures,
      count(*) != 0 as should_warn,
      count(*) != 0 as should_error
    from (
      
    
    

select
    RULE_CODE as unique_field,
    count(*) as n_records

from DEMO_DEV.FRAUD_INTELLIGENCE.BRZ_RAW_RULE_DEFINITIONS
where RULE_CODE is not null
group by RULE_CODE
having count(*) > 1



      
    ) dbt_internal_test
[0m20:56:05.483463 [debug] [Thread-3 (]: Opening a new connection, currently in state init
[0m20:56:05.932355 [debug] [Thread-2 (]: SQL status: SUCCESS 1 in 0.492 seconds
[0m20:56:05.933327 [debug] [Thread-4 (]: SQL status: SUCCESS 1 in 0.491 seconds
[0m20:56:05.935769 [info ] [Thread-2 (]: 29 of 37 PASS source_unique_fraud_intelligence_bronze_BRZ_RAW_ALERTS_ALERT_ID .. [[32mPASS[0m in 0.54s]
[0m20:56:05.937896 [info ] [Thread-4 (]: 30 of 37 PASS source_unique_fraud_intelligence_bronze_BRZ_RAW_CUSTOMERS_CUSTOMER_ID  [[32mPASS[0m in 0.54s]
[0m20:56:05.939005 [debug] [Thread-2 (]: Finished running node test.fraud_intelligence.source_unique_fraud_intelligence_bronze_BRZ_RAW_ALERTS_ALERT_ID.0c13adb32c
[0m20:56:05.939986 [debug] [Thread-4 (]: Finished running node test.fraud_intelligence.source_unique_fraud_intelligence_bronze_BRZ_RAW_CUSTOMERS_CUSTOMER_ID.e2034a241d
[0m20:56:05.940924 [debug] [Thread-2 (]: Began running node test.fraud_intelligence.unique_gld_alert_enriched_ALERT_ID.deb57c160c
[0m20:56:05.942147 [debug] [Thread-4 (]: Began running node test.fraud_intelligence.unique_gld_customer_profile_CUSTOMER_ID.3a8574bc97
[0m20:56:05.943251 [debug] [Thread-3 (]: SQL status: SUCCESS 1 in 0.460 seconds
[0m20:56:05.944146 [debug] [Thread-5 (]: SQL status: SUCCESS 1 in 0.465 seconds
[0m20:56:05.944982 [info ] [Thread-2 (]: 33 of 37 START test unique_gld_alert_enriched_ALERT_ID ......................... [RUN]
[0m20:56:05.945971 [info ] [Thread-4 (]: 34 of 37 START test unique_gld_customer_profile_CUSTOMER_ID .................... [RUN]
[0m20:56:05.948460 [error] [Thread-3 (]: 32 of 37 FAIL 10 source_unique_fraud_intelligence_bronze_BRZ_RAW_RULE_DEFINITIONS_RULE_CODE  [[31mFAIL 10[0m in 0.50s]
[0m20:56:05.950606 [info ] [Thread-5 (]: 31 of 37 PASS source_unique_fraud_intelligence_bronze_BRZ_RAW_INVESTIGATION_DOCS_DOC_ID  [[32mPASS[0m in 0.50s]
[0m20:56:05.951701 [debug] [Thread-2 (]: Re-using an available connection from the pool (formerly test.fraud_intelligence.source_unique_fraud_intelligence_bronze_BRZ_RAW_ALERTS_ALERT_ID.0c13adb32c, now test.fraud_intelligence.unique_gld_alert_enriched_ALERT_ID.deb57c160c)
[0m20:56:05.952590 [debug] [Thread-4 (]: Re-using an available connection from the pool (formerly test.fraud_intelligence.source_unique_fraud_intelligence_bronze_BRZ_RAW_CUSTOMERS_CUSTOMER_ID.e2034a241d, now test.fraud_intelligence.unique_gld_customer_profile_CUSTOMER_ID.3a8574bc97)
[0m20:56:05.953609 [debug] [Thread-3 (]: Finished running node test.fraud_intelligence.source_unique_fraud_intelligence_bronze_BRZ_RAW_RULE_DEFINITIONS_RULE_CODE.19d5d754ab
[0m20:56:05.954772 [debug] [Thread-5 (]: Finished running node test.fraud_intelligence.source_unique_fraud_intelligence_bronze_BRZ_RAW_INVESTIGATION_DOCS_DOC_ID.7e88e101b1
[0m20:56:05.955749 [debug] [Thread-2 (]: Began compiling node test.fraud_intelligence.unique_gld_alert_enriched_ALERT_ID.deb57c160c
[0m20:56:05.956584 [debug] [Thread-4 (]: Began compiling node test.fraud_intelligence.unique_gld_customer_profile_CUSTOMER_ID.3a8574bc97
[0m20:56:05.957600 [debug] [Thread-3 (]: Began running node test.fraud_intelligence.unique_gld_velocity_counters_CUSTOMER_ID.c7cc1a1677
[0m20:56:05.958606 [debug] [Thread-5 (]: Began running node test.fraud_intelligence.unique_int_investigation_knowledge_base_DOC_ID.44e10c0c20
[0m20:56:05.964594 [debug] [Thread-2 (]: Writing injected SQL for node "test.fraud_intelligence.unique_gld_alert_enriched_ALERT_ID.deb57c160c"
[0m20:56:05.969268 [debug] [Thread-4 (]: Writing injected SQL for node "test.fraud_intelligence.unique_gld_customer_profile_CUSTOMER_ID.3a8574bc97"
[0m20:56:05.970153 [info ] [Thread-3 (]: 35 of 37 START test unique_gld_velocity_counters_CUSTOMER_ID ................... [RUN]
[0m20:56:05.971121 [info ] [Thread-5 (]: 36 of 37 START test unique_int_investigation_knowledge_base_DOC_ID ............. [RUN]
[0m20:56:05.972923 [debug] [Thread-2 (]: Began executing node test.fraud_intelligence.unique_gld_alert_enriched_ALERT_ID.deb57c160c
[0m20:56:05.974040 [debug] [Thread-3 (]: Re-using an available connection from the pool (formerly test.fraud_intelligence.source_unique_fraud_intelligence_bronze_BRZ_RAW_RULE_DEFINITIONS_RULE_CODE.19d5d754ab, now test.fraud_intelligence.unique_gld_velocity_counters_CUSTOMER_ID.c7cc1a1677)
[0m20:56:05.974893 [debug] [Thread-4 (]: Began executing node test.fraud_intelligence.unique_gld_customer_profile_CUSTOMER_ID.3a8574bc97
[0m20:56:05.975758 [debug] [Thread-5 (]: Re-using an available connection from the pool (formerly test.fraud_intelligence.source_unique_fraud_intelligence_bronze_BRZ_RAW_INVESTIGATION_DOCS_DOC_ID.7e88e101b1, now test.fraud_intelligence.unique_int_investigation_knowledge_base_DOC_ID.44e10c0c20)
[0m20:56:05.979468 [debug] [Thread-2 (]: Writing runtime sql for node "test.fraud_intelligence.unique_gld_alert_enriched_ALERT_ID.deb57c160c"
[0m20:56:05.980450 [debug] [Thread-3 (]: Began compiling node test.fraud_intelligence.unique_gld_velocity_counters_CUSTOMER_ID.c7cc1a1677
[0m20:56:05.985369 [debug] [Thread-4 (]: Writing runtime sql for node "test.fraud_intelligence.unique_gld_customer_profile_CUSTOMER_ID.3a8574bc97"
[0m20:56:05.986317 [debug] [Thread-5 (]: Began compiling node test.fraud_intelligence.unique_int_investigation_knowledge_base_DOC_ID.44e10c0c20
[0m20:56:05.992000 [debug] [Thread-3 (]: Writing injected SQL for node "test.fraud_intelligence.unique_gld_velocity_counters_CUSTOMER_ID.c7cc1a1677"
[0m20:56:05.993375 [debug] [Thread-2 (]: Using snowflake connection "test.fraud_intelligence.unique_gld_alert_enriched_ALERT_ID.deb57c160c"
[0m20:56:05.998780 [debug] [Thread-5 (]: Writing injected SQL for node "test.fraud_intelligence.unique_int_investigation_knowledge_base_DOC_ID.44e10c0c20"
[0m20:56:06.000124 [debug] [Thread-4 (]: Using snowflake connection "test.fraud_intelligence.unique_gld_customer_profile_CUSTOMER_ID.3a8574bc97"
[0m20:56:06.001542 [debug] [Thread-2 (]: On test.fraud_intelligence.unique_gld_alert_enriched_ALERT_ID.deb57c160c: /* {"app": "dbt", "dbt_version": "1.9.4", "profile_name": "fraud_intelligence", "target_name": "dev", "node_id": "test.fraud_intelligence.unique_gld_alert_enriched_ALERT_ID.deb57c160c"} */
select
      count(*) as failures,
      count(*) != 0 as should_warn,
      count(*) != 0 as should_error
    from (
      
    
    

select
    ALERT_ID as unique_field,
    count(*) as n_records

from DEMO_DEV.FRAUD_INTELLIGENCE.GLD_ALERT_ENRICHED
where ALERT_ID is not null
group by ALERT_ID
having count(*) > 1



      
    ) dbt_internal_test
[0m20:56:06.002477 [debug] [Thread-3 (]: Began executing node test.fraud_intelligence.unique_gld_velocity_counters_CUSTOMER_ID.c7cc1a1677
[0m20:56:06.003715 [debug] [Thread-4 (]: On test.fraud_intelligence.unique_gld_customer_profile_CUSTOMER_ID.3a8574bc97: /* {"app": "dbt", "dbt_version": "1.9.4", "profile_name": "fraud_intelligence", "target_name": "dev", "node_id": "test.fraud_intelligence.unique_gld_customer_profile_CUSTOMER_ID.3a8574bc97"} */
select
      count(*) as failures,
      count(*) != 0 as should_warn,
      count(*) != 0 as should_error
    from (
      
    
    

select
    CUSTOMER_ID as unique_field,
    count(*) as n_records

from DEMO_DEV.FRAUD_INTELLIGENCE.GLD_CUSTOMER_PROFILE
where CUSTOMER_ID is not null
group by CUSTOMER_ID
having count(*) > 1



      
    ) dbt_internal_test
[0m20:56:06.004866 [debug] [Thread-5 (]: Began executing node test.fraud_intelligence.unique_int_investigation_knowledge_base_DOC_ID.44e10c0c20
[0m20:56:06.005704 [debug] [Thread-2 (]: Opening a new connection, currently in state init
[0m20:56:06.009574 [debug] [Thread-3 (]: Writing runtime sql for node "test.fraud_intelligence.unique_gld_velocity_counters_CUSTOMER_ID.c7cc1a1677"
[0m20:56:06.010552 [debug] [Thread-4 (]: Opening a new connection, currently in state init
[0m20:56:06.014182 [debug] [Thread-5 (]: Writing runtime sql for node "test.fraud_intelligence.unique_int_investigation_knowledge_base_DOC_ID.44e10c0c20"
[0m20:56:06.016807 [debug] [Thread-3 (]: Using snowflake connection "test.fraud_intelligence.unique_gld_velocity_counters_CUSTOMER_ID.c7cc1a1677"
[0m20:56:06.017940 [debug] [Thread-3 (]: On test.fraud_intelligence.unique_gld_velocity_counters_CUSTOMER_ID.c7cc1a1677: /* {"app": "dbt", "dbt_version": "1.9.4", "profile_name": "fraud_intelligence", "target_name": "dev", "node_id": "test.fraud_intelligence.unique_gld_velocity_counters_CUSTOMER_ID.c7cc1a1677"} */
select
      count(*) as failures,
      count(*) != 0 as should_warn,
      count(*) != 0 as should_error
    from (
      
    
    

select
    CUSTOMER_ID as unique_field,
    count(*) as n_records

from DEMO_DEV.FRAUD_INTELLIGENCE.GLD_VELOCITY_COUNTERS
where CUSTOMER_ID is not null
group by CUSTOMER_ID
having count(*) > 1



      
    ) dbt_internal_test
[0m20:56:06.019266 [debug] [Thread-5 (]: Using snowflake connection "test.fraud_intelligence.unique_int_investigation_knowledge_base_DOC_ID.44e10c0c20"
[0m20:56:06.020065 [debug] [Thread-3 (]: Opening a new connection, currently in state init
[0m20:56:06.021097 [debug] [Thread-5 (]: On test.fraud_intelligence.unique_int_investigation_knowledge_base_DOC_ID.44e10c0c20: /* {"app": "dbt", "dbt_version": "1.9.4", "profile_name": "fraud_intelligence", "target_name": "dev", "node_id": "test.fraud_intelligence.unique_int_investigation_knowledge_base_DOC_ID.44e10c0c20"} */
select
      count(*) as failures,
      count(*) != 0 as should_warn,
      count(*) != 0 as should_error
    from (
      
    
    

select
    DOC_ID as unique_field,
    count(*) as n_records

from DEMO_DEV.FRAUD_INTELLIGENCE.SLV_INVESTIGATION_KNOWLEDGE_BASE
where DOC_ID is not null
group by DOC_ID
having count(*) > 1



      
    ) dbt_internal_test
[0m20:56:06.022352 [debug] [Thread-5 (]: Opening a new connection, currently in state init
[0m20:56:06.474016 [debug] [Thread-3 (]: SQL status: SUCCESS 1 in 0.454 seconds
[0m20:56:06.474882 [debug] [Thread-4 (]: SQL status: SUCCESS 1 in 0.464 seconds
[0m20:56:06.477467 [info ] [Thread-3 (]: 35 of 37 PASS unique_gld_velocity_counters_CUSTOMER_ID ......................... [[32mPASS[0m in 0.50s]
[0m20:56:06.479902 [info ] [Thread-4 (]: 34 of 37 PASS unique_gld_customer_profile_CUSTOMER_ID .......................... [[32mPASS[0m in 0.53s]
[0m20:56:06.481063 [debug] [Thread-3 (]: Finished running node test.fraud_intelligence.unique_gld_velocity_counters_CUSTOMER_ID.c7cc1a1677
[0m20:56:06.482021 [debug] [Thread-4 (]: Finished running node test.fraud_intelligence.unique_gld_customer_profile_CUSTOMER_ID.3a8574bc97
[0m20:56:06.482983 [debug] [Thread-3 (]: Began running node test.fraud_intelligence.unique_int_rule_code_knowledge_map_RULE_CODE.52cf2dcc2f
[0m20:56:06.484943 [info ] [Thread-3 (]: 37 of 37 START test unique_int_rule_code_knowledge_map_RULE_CODE ............... [RUN]
[0m20:56:06.485915 [debug] [Thread-3 (]: Re-using an available connection from the pool (formerly test.fraud_intelligence.unique_gld_velocity_counters_CUSTOMER_ID.c7cc1a1677, now test.fraud_intelligence.unique_int_rule_code_knowledge_map_RULE_CODE.52cf2dcc2f)
[0m20:56:06.486675 [debug] [Thread-3 (]: Began compiling node test.fraud_intelligence.unique_int_rule_code_knowledge_map_RULE_CODE.52cf2dcc2f
[0m20:56:06.492060 [debug] [Thread-3 (]: Writing injected SQL for node "test.fraud_intelligence.unique_int_rule_code_knowledge_map_RULE_CODE.52cf2dcc2f"
[0m20:56:06.493304 [debug] [Thread-3 (]: Began executing node test.fraud_intelligence.unique_int_rule_code_knowledge_map_RULE_CODE.52cf2dcc2f
[0m20:56:06.496977 [debug] [Thread-3 (]: Writing runtime sql for node "test.fraud_intelligence.unique_int_rule_code_knowledge_map_RULE_CODE.52cf2dcc2f"
[0m20:56:06.498475 [debug] [Thread-3 (]: Using snowflake connection "test.fraud_intelligence.unique_int_rule_code_knowledge_map_RULE_CODE.52cf2dcc2f"
[0m20:56:06.499203 [debug] [Thread-3 (]: On test.fraud_intelligence.unique_int_rule_code_knowledge_map_RULE_CODE.52cf2dcc2f: /* {"app": "dbt", "dbt_version": "1.9.4", "profile_name": "fraud_intelligence", "target_name": "dev", "node_id": "test.fraud_intelligence.unique_int_rule_code_knowledge_map_RULE_CODE.52cf2dcc2f"} */
select
      count(*) as failures,
      count(*) != 0 as should_warn,
      count(*) != 0 as should_error
    from (
      
    
    

select
    RULE_CODE as unique_field,
    count(*) as n_records

from DEMO_DEV.FRAUD_INTELLIGENCE.SLV_RULE_CODE_KNOWLEDGE_MAP
where RULE_CODE is not null
group by RULE_CODE
having count(*) > 1



      
    ) dbt_internal_test
[0m20:56:06.499917 [debug] [Thread-3 (]: Opening a new connection, currently in state init
[0m20:56:06.505887 [debug] [Thread-5 (]: SQL status: SUCCESS 1 in 0.483 seconds
[0m20:56:06.508404 [info ] [Thread-5 (]: 36 of 37 PASS unique_int_investigation_knowledge_base_DOC_ID ................... [[32mPASS[0m in 0.53s]
[0m20:56:06.509535 [debug] [Thread-5 (]: Finished running node test.fraud_intelligence.unique_int_investigation_knowledge_base_DOC_ID.44e10c0c20
[0m20:56:06.517448 [debug] [Thread-2 (]: SQL status: SUCCESS 1 in 0.512 seconds
[0m20:56:06.519540 [info ] [Thread-2 (]: 33 of 37 PASS unique_gld_alert_enriched_ALERT_ID ............................... [[32mPASS[0m in 0.57s]
[0m20:56:06.520569 [debug] [Thread-2 (]: Finished running node test.fraud_intelligence.unique_gld_alert_enriched_ALERT_ID.deb57c160c
[0m20:56:07.037812 [debug] [Thread-3 (]: SQL status: SUCCESS 1 in 0.538 seconds
[0m20:56:07.040429 [error] [Thread-3 (]: 37 of 37 FAIL 10 unique_int_rule_code_knowledge_map_RULE_CODE .................. [[31mFAIL 10[0m in 0.55s]
[0m20:56:07.041389 [debug] [Thread-3 (]: Finished running node test.fraud_intelligence.unique_int_rule_code_knowledge_map_RULE_CODE.52cf2dcc2f
[0m20:56:07.046064 [debug] [Dummy-1   ]: Connection 'master' was properly closed.
[0m20:56:07.046920 [debug] [Dummy-1   ]: Connection 'test.fraud_intelligence.unique_gld_alert_enriched_ALERT_ID.deb57c160c' was properly closed.
[0m20:56:07.047690 [debug] [Dummy-1   ]: Connection 'test.fraud_intelligence.unique_int_rule_code_knowledge_map_RULE_CODE.52cf2dcc2f' was properly closed.
[0m20:56:07.048312 [debug] [Dummy-1   ]: Connection 'test.fraud_intelligence.unique_gld_customer_profile_CUSTOMER_ID.3a8574bc97' was properly closed.
[0m20:56:07.048941 [debug] [Dummy-1   ]: Connection 'test.fraud_intelligence.unique_int_investigation_knowledge_base_DOC_ID.44e10c0c20' was properly closed.
[0m20:56:07.049679 [info ] [Dummy-1   ]: 
[0m20:56:07.050438 [info ] [Dummy-1   ]: Finished running 37 data tests in 0 hours 0 minutes and 6.75 seconds (6.75s).
[0m20:56:07.054814 [debug] [Dummy-1   ]: Command end result
[0m20:56:07.085803 [debug] [Dummy-1   ]: Wrote artifact WritableManifest to /tmp/dbt/target/manifest.json
[0m20:56:07.088564 [debug] [Dummy-1   ]: Wrote artifact SemanticManifest to /tmp/dbt/target/semantic_manifest.json
[0m20:56:07.096945 [debug] [Dummy-1   ]: Wrote artifact RunExecutionResult to /tmp/dbt/target/run_results.json
[0m20:56:07.097694 [info ] [Dummy-1   ]: 
[0m20:56:07.098625 [info ] [Dummy-1   ]: [31mCompleted with 2 errors, 0 partial successes, and 0 warnings:[0m
[0m20:56:07.099389 [info ] [Dummy-1   ]: 
[0m20:56:07.100342 [error] [Dummy-1   ]: [31mFailure in test source_unique_fraud_intelligence_bronze_BRZ_RAW_RULE_DEFINITIONS_RULE_CODE (models/staging/_stg_sources.yml)[0m
[0m20:56:07.101215 [error] [Dummy-1   ]:   Got 10 results, configured to fail if != 0
[0m20:56:07.101899 [info ] [Dummy-1   ]: 
[0m20:56:07.102641 [info ] [Dummy-1   ]:   compiled code at /tmp/dbt/target/compiled/fraud_intelligence/models/staging/_stg_sources.yml/source_unique_fraud_intelligen_a004cada0f1e62da5a62a2bbc767b413.sql
[0m20:56:07.103359 [info ] [Dummy-1   ]: 
[0m20:56:07.104274 [error] [Dummy-1   ]: [31mFailure in test unique_int_rule_code_knowledge_map_RULE_CODE (models/intermediate/_int_models.yml)[0m
[0m20:56:07.105133 [error] [Dummy-1   ]:   Got 10 results, configured to fail if != 0
[0m20:56:07.105793 [info ] [Dummy-1   ]: 
[0m20:56:07.106563 [info ] [Dummy-1   ]:   compiled code at /tmp/dbt/target/compiled/fraud_intelligence/models/intermediate/_int_models.yml/unique_int_rule_code_knowledge_map_RULE_CODE.sql
[0m20:56:07.107311 [info ] [Dummy-1   ]: 
[0m20:56:07.108039 [info ] [Dummy-1   ]: Done. PASS=35 WARN=0 ERROR=2 SKIP=0 TOTAL=37
[0m20:56:07.110629 [debug] [Dummy-1   ]: Resource report: {"command_name": "test", "command_success": false, "command_wall_clock_time": 8.496517, "process_in_blocks": "0", "process_kernel_time": 0.95, "process_mem_max_rss": "467684", "process_out_blocks": "0", "process_user_time": 7.01}
[0m20:56:07.111461 [debug] [Dummy-1   ]: Command `cli test` failed at 20:56:07.111145 after 8.50 seconds
[0m20:56:07.112204 [debug] [Dummy-1   ]: Flushing usage events


============================== 20:56:17.738288 | a98d33e7-077e-4a1d-b8ba-46c2761b74bd ==============================
[0m20:56:17.738288 [info ] [Dummy-1   ]: Running with dbt=1.9.4
[0m20:56:17.739333 [debug] [Dummy-1   ]: running dbt with arguments {'printer_width': '80', 'indirect_selection': 'eager', 'log_cache_events': 'False', 'write_json': 'True', 'partial_parse': 'True', 'cache_selected_only': 'False', 'warn_error': 'None', 'fail_fast': 'False', 'version_check': 'True', 'log_path': '/tmp/dbt/logs', 'debug': 'False', 'profiles_dir': '/tmp/dbt/', 'use_colors': 'True', 'use_experimental_parser': 'False', 'empty': 'None', 'quiet': 'False', 'no_print': 'None', 'log_format': 'default', 'invocation_command': 'dbt ', 'introspect': 'True', 'warn_error_options': 'WarnErrorOptions(include=[], exclude=[])', 'target_path': '/tmp/dbt/target/', 'static_parser': 'True', 'send_anonymous_usage_stats': 'False'}
[0m20:56:17.993752 [info ] [Dummy-1   ]: Registered adapter: snowflake=1.9.2
[0m20:56:18.814815 [debug] [Dummy-1   ]: checksum: 53ed91fada2233efb98368d1716b44ab532c83a9c293cf1890b7905d5b45fb25, vars: {}, profile: , target: dev, version: 1.9.4
[0m20:56:19.107981 [debug] [Dummy-1   ]: Partial parsing enabled: 0 files deleted, 0 files added, 0 files changed.
[0m20:56:19.108756 [debug] [Dummy-1   ]: Partial parsing enabled, no changes found, skipping parsing
[0m20:56:19.253827 [debug] [Dummy-1   ]: Wrote artifact WritableManifest to /tmp/dbt/target/manifest.json
[0m20:56:19.256425 [debug] [Dummy-1   ]: Wrote artifact SemanticManifest to /tmp/dbt/target/semantic_manifest.json
[0m20:56:19.316760 [info ] [Dummy-1   ]: Found 16 models, 37 data tests, 6 sources, 474 macros
[0m20:56:19.320644 [info ] [Dummy-1   ]: 
[0m20:56:19.321484 [info ] [Dummy-1   ]: Concurrency: 4 threads (target='dev')
[0m20:56:19.322180 [info ] [Dummy-1   ]: 
[0m20:56:19.323212 [debug] [Dummy-1   ]: Acquiring new snowflake connection 'master'
[0m20:56:19.329105 [debug] [ThreadPool]: Acquiring new snowflake connection 'list_DEMO_DEV_FRAUD_INTELLIGENCE'
[0m20:56:19.476641 [debug] [ThreadPool]: Using snowflake connection "list_DEMO_DEV_FRAUD_INTELLIGENCE"
[0m20:56:19.477354 [debug] [ThreadPool]: On list_DEMO_DEV_FRAUD_INTELLIGENCE: /* {"app": "dbt", "dbt_version": "1.9.4", "profile_name": "fraud_intelligence", "target_name": "dev", "connection_name": "list_DEMO_DEV_FRAUD_INTELLIGENCE"} */
alter session set quoted_identifiers_ignore_case = false;
[0m20:56:19.477995 [debug] [ThreadPool]: Opening a new connection, currently in state init
[0m20:56:19.841208 [debug] [ThreadPool]: SQL status: SUCCESS 1 in 0.363 seconds
[0m20:56:19.845514 [debug] [ThreadPool]: Using snowflake connection "list_DEMO_DEV_FRAUD_INTELLIGENCE"
[0m20:56:19.846280 [debug] [ThreadPool]: On list_DEMO_DEV_FRAUD_INTELLIGENCE: /* {"app": "dbt", "dbt_version": "1.9.4", "profile_name": "fraud_intelligence", "target_name": "dev", "connection_name": "list_DEMO_DEV_FRAUD_INTELLIGENCE"} */
show objects in DEMO_DEV.FRAUD_INTELLIGENCE
    limit 10000
    
;
[0m20:56:19.932970 [debug] [ThreadPool]: SQL status: SUCCESS 23 in 0.086 seconds
[0m20:56:19.935668 [debug] [ThreadPool]: Using snowflake connection "list_DEMO_DEV_FRAUD_INTELLIGENCE"
[0m20:56:19.936392 [debug] [ThreadPool]: On list_DEMO_DEV_FRAUD_INTELLIGENCE: /* {"app": "dbt", "dbt_version": "1.9.4", "profile_name": "fraud_intelligence", "target_name": "dev", "connection_name": "list_DEMO_DEV_FRAUD_INTELLIGENCE"} */
alter session unset quoted_identifiers_ignore_case;
[0m20:56:20.014368 [debug] [ThreadPool]: SQL status: SUCCESS 1 in 0.077 seconds
[0m20:56:20.035449 [debug] [Thread-2 (]: Began running node test.fraud_intelligence.accepted_values_gld_customer_profile_RISK_SEGMENT__HIGH__MEDIUM__LOW__CRITICAL.befd8c236e
[0m20:56:20.036209 [debug] [Thread-3 (]: Began running node test.fraud_intelligence.assert_no_duplicate_alert_id
[0m20:56:20.036979 [debug] [Thread-4 (]: Began running node test.fraud_intelligence.assert_no_null_customer_id
[0m20:56:20.037695 [debug] [Thread-5 (]: Began running node test.fraud_intelligence.assert_positive_transaction_amount
[0m20:56:20.038425 [info ] [Thread-2 (]: 1 of 37 START test accepted_values_gld_customer_profile_RISK_SEGMENT__HIGH__MEDIUM__LOW__CRITICAL  [RUN]
[0m20:56:20.039346 [info ] [Thread-3 (]: 2 of 37 START test assert_no_duplicate_alert_id ................................ [RUN]
[0m20:56:20.040219 [info ] [Thread-4 (]: 3 of 37 START test assert_no_null_customer_id .................................. [RUN]
[0m20:56:20.041145 [info ] [Thread-5 (]: 4 of 37 START test assert_positive_transaction_amount .......................... [RUN]
[0m20:56:20.042093 [debug] [Thread-2 (]: Re-using an available connection from the pool (formerly list_DEMO_DEV_FRAUD_INTELLIGENCE, now test.fraud_intelligence.accepted_values_gld_customer_profile_RISK_SEGMENT__HIGH__MEDIUM__LOW__CRITICAL.befd8c236e)
[0m20:56:20.043181 [debug] [Thread-3 (]: Acquiring new snowflake connection 'test.fraud_intelligence.assert_no_duplicate_alert_id'
[0m20:56:20.044171 [debug] [Thread-4 (]: Acquiring new snowflake connection 'test.fraud_intelligence.assert_no_null_customer_id'
[0m20:56:20.045142 [debug] [Thread-5 (]: Acquiring new snowflake connection 'test.fraud_intelligence.assert_positive_transaction_amount'
[0m20:56:20.045940 [debug] [Thread-2 (]: Began compiling node test.fraud_intelligence.accepted_values_gld_customer_profile_RISK_SEGMENT__HIGH__MEDIUM__LOW__CRITICAL.befd8c236e
[0m20:56:20.046710 [debug] [Thread-3 (]: Began compiling node test.fraud_intelligence.assert_no_duplicate_alert_id
[0m20:56:20.047452 [debug] [Thread-4 (]: Began compiling node test.fraud_intelligence.assert_no_null_customer_id
[0m20:56:20.048178 [debug] [Thread-5 (]: Began compiling node test.fraud_intelligence.assert_positive_transaction_amount
[0m20:56:20.065152 [debug] [Thread-2 (]: Writing injected SQL for node "test.fraud_intelligence.accepted_values_gld_customer_profile_RISK_SEGMENT__HIGH__MEDIUM__LOW__CRITICAL.befd8c236e"
[0m20:56:20.069886 [debug] [Thread-3 (]: Writing injected SQL for node "test.fraud_intelligence.assert_no_duplicate_alert_id"
[0m20:56:20.073719 [debug] [Thread-4 (]: Writing injected SQL for node "test.fraud_intelligence.assert_no_null_customer_id"
[0m20:56:20.077666 [debug] [Thread-5 (]: Writing injected SQL for node "test.fraud_intelligence.assert_positive_transaction_amount"
[0m20:56:20.079657 [debug] [Thread-2 (]: Began executing node test.fraud_intelligence.accepted_values_gld_customer_profile_RISK_SEGMENT__HIGH__MEDIUM__LOW__CRITICAL.befd8c236e
[0m20:56:20.081463 [debug] [Thread-3 (]: Began executing node test.fraud_intelligence.assert_no_duplicate_alert_id
[0m20:56:20.082670 [debug] [Thread-4 (]: Began executing node test.fraud_intelligence.assert_no_null_customer_id
[0m20:56:20.100051 [debug] [Thread-5 (]: Began executing node test.fraud_intelligence.assert_positive_transaction_amount
[0m20:56:20.103603 [debug] [Thread-2 (]: Writing runtime sql for node "test.fraud_intelligence.accepted_values_gld_customer_profile_RISK_SEGMENT__HIGH__MEDIUM__LOW__CRITICAL.befd8c236e"
[0m20:56:20.107044 [debug] [Thread-3 (]: Writing runtime sql for node "test.fraud_intelligence.assert_no_duplicate_alert_id"
[0m20:56:20.111700 [debug] [Thread-4 (]: Writing runtime sql for node "test.fraud_intelligence.assert_no_null_customer_id"
[0m20:56:20.115129 [debug] [Thread-5 (]: Writing runtime sql for node "test.fraud_intelligence.assert_positive_transaction_amount"
[0m20:56:20.117926 [debug] [Thread-2 (]: Using snowflake connection "test.fraud_intelligence.accepted_values_gld_customer_profile_RISK_SEGMENT__HIGH__MEDIUM__LOW__CRITICAL.befd8c236e"
[0m20:56:20.120019 [debug] [Thread-3 (]: Using snowflake connection "test.fraud_intelligence.assert_no_duplicate_alert_id"
[0m20:56:20.121624 [debug] [Thread-4 (]: Using snowflake connection "test.fraud_intelligence.assert_no_null_customer_id"
[0m20:56:20.122629 [debug] [Thread-2 (]: On test.fraud_intelligence.accepted_values_gld_customer_profile_RISK_SEGMENT__HIGH__MEDIUM__LOW__CRITICAL.befd8c236e: /* {"app": "dbt", "dbt_version": "1.9.4", "profile_name": "fraud_intelligence", "target_name": "dev", "node_id": "test.fraud_intelligence.accepted_values_gld_customer_profile_RISK_SEGMENT__HIGH__MEDIUM__LOW__CRITICAL.befd8c236e"} */
select
      count(*) as failures,
      count(*) != 0 as should_warn,
      count(*) != 0 as should_error
    from (
      
    
    

with all_values as (

    select
        RISK_SEGMENT as value_field,
        count(*) as n_records

    from DEMO_DEV.FRAUD_INTELLIGENCE.GLD_CUSTOMER_PROFILE
    group by RISK_SEGMENT

)

select *
from all_values
where value_field not in (
    'HIGH','MEDIUM','LOW','CRITICAL'
)



      
    ) dbt_internal_test
[0m20:56:20.123693 [debug] [Thread-5 (]: Using snowflake connection "test.fraud_intelligence.assert_positive_transaction_amount"
[0m20:56:20.124532 [debug] [Thread-3 (]: On test.fraud_intelligence.assert_no_duplicate_alert_id: /* {"app": "dbt", "dbt_version": "1.9.4", "profile_name": "fraud_intelligence", "target_name": "dev", "node_id": "test.fraud_intelligence.assert_no_duplicate_alert_id"} */
select
      count(*) as failures,
      count(*) != 0 as should_warn,
      count(*) != 0 as should_error
    from (
      SELECT ALERT_ID, COUNT(*) AS CNT
FROM DEMO_DEV.FRAUD_INTELLIGENCE.GLD_ALERT_ENRICHED
GROUP BY ALERT_ID
HAVING COUNT(*) > 1
      
    ) dbt_internal_test
[0m20:56:20.125386 [debug] [Thread-4 (]: On test.fraud_intelligence.assert_no_null_customer_id: /* {"app": "dbt", "dbt_version": "1.9.4", "profile_name": "fraud_intelligence", "target_name": "dev", "node_id": "test.fraud_intelligence.assert_no_null_customer_id"} */
select
      count(*) as failures,
      count(*) != 0 as should_warn,
      count(*) != 0 as should_error
    from (
      SELECT CUSTOMER_ID
FROM DEMO_DEV.FRAUD_INTELLIGENCE.GLD_ALERT_ENRICHED
WHERE CUSTOMER_ID IS NULL
      
    ) dbt_internal_test
[0m20:56:20.126213 [debug] [Thread-2 (]: Opening a new connection, currently in state init
[0m20:56:20.126982 [debug] [Thread-5 (]: On test.fraud_intelligence.assert_positive_transaction_amount: /* {"app": "dbt", "dbt_version": "1.9.4", "profile_name": "fraud_intelligence", "target_name": "dev", "node_id": "test.fraud_intelligence.assert_positive_transaction_amount"} */
select
      count(*) as failures,
      count(*) != 0 as should_warn,
      count(*) != 0 as should_error
    from (
      SELECT TRANSACTION_ID, TRANSACTION_AMOUNT
FROM DEMO_DEV.FRAUD_INTELLIGENCE.SLV_FRAUD_FEATURES
WHERE TRANSACTION_AMOUNT <= 0
      
    ) dbt_internal_test
[0m20:56:20.127781 [debug] [Thread-3 (]: Opening a new connection, currently in state init
[0m20:56:20.128516 [debug] [Thread-4 (]: Opening a new connection, currently in state init
[0m20:56:20.129618 [debug] [Thread-5 (]: Opening a new connection, currently in state init
[0m20:56:20.525737 [debug] [Thread-2 (]: SQL status: SUCCESS 1 in 0.399 seconds
[0m20:56:20.533827 [info ] [Thread-2 (]: 1 of 37 PASS accepted_values_gld_customer_profile_RISK_SEGMENT__HIGH__MEDIUM__LOW__CRITICAL  [[32mPASS[0m in 0.49s]
[0m20:56:20.534915 [debug] [Thread-2 (]: Finished running node test.fraud_intelligence.accepted_values_gld_customer_profile_RISK_SEGMENT__HIGH__MEDIUM__LOW__CRITICAL.befd8c236e
[0m20:56:20.535714 [debug] [Thread-2 (]: Began running node test.fraud_intelligence.not_null_gld_alert_enriched_ALERT_ID.f855930586
[0m20:56:20.536678 [info ] [Thread-2 (]: 5 of 37 START test not_null_gld_alert_enriched_ALERT_ID ........................ [RUN]
[0m20:56:20.537607 [debug] [Thread-2 (]: Re-using an available connection from the pool (formerly test.fraud_intelligence.accepted_values_gld_customer_profile_RISK_SEGMENT__HIGH__MEDIUM__LOW__CRITICAL.befd8c236e, now test.fraud_intelligence.not_null_gld_alert_enriched_ALERT_ID.f855930586)
[0m20:56:20.538356 [debug] [Thread-2 (]: Began compiling node test.fraud_intelligence.not_null_gld_alert_enriched_ALERT_ID.f855930586
[0m20:56:20.545771 [debug] [Thread-2 (]: Writing injected SQL for node "test.fraud_intelligence.not_null_gld_alert_enriched_ALERT_ID.f855930586"
[0m20:56:20.546651 [debug] [Thread-4 (]: SQL status: SUCCESS 1 in 0.418 seconds
[0m20:56:20.547590 [debug] [Thread-5 (]: SQL status: SUCCESS 1 in 0.418 seconds
[0m20:56:20.550408 [info ] [Thread-4 (]: 3 of 37 PASS assert_no_null_customer_id ........................................ [[32mPASS[0m in 0.51s]
[0m20:56:20.551408 [debug] [Thread-3 (]: SQL status: SUCCESS 1 in 0.424 seconds
[0m20:56:20.552495 [debug] [Thread-2 (]: Began executing node test.fraud_intelligence.not_null_gld_alert_enriched_ALERT_ID.f855930586
[0m20:56:20.554467 [info ] [Thread-5 (]: 4 of 37 PASS assert_positive_transaction_amount ................................ [[32mPASS[0m in 0.51s]
[0m20:56:20.555522 [debug] [Thread-4 (]: Finished running node test.fraud_intelligence.assert_no_null_customer_id
[0m20:56:20.557572 [info ] [Thread-3 (]: 2 of 37 PASS assert_no_duplicate_alert_id ...................................... [[32mPASS[0m in 0.51s]
[0m20:56:20.561106 [debug] [Thread-2 (]: Writing runtime sql for node "test.fraud_intelligence.not_null_gld_alert_enriched_ALERT_ID.f855930586"
[0m20:56:20.562069 [debug] [Thread-5 (]: Finished running node test.fraud_intelligence.assert_positive_transaction_amount
[0m20:56:20.562966 [debug] [Thread-4 (]: Began running node test.fraud_intelligence.not_null_gld_alert_enriched_ALERT_RISK_SCORE.b222de259c
[0m20:56:20.564048 [debug] [Thread-3 (]: Finished running node test.fraud_intelligence.assert_no_duplicate_alert_id
[0m20:56:20.565352 [debug] [Thread-5 (]: Began running node test.fraud_intelligence.not_null_gld_alert_enriched_CUSTOMER_ID.40bb639039
[0m20:56:20.566726 [debug] [Thread-2 (]: Using snowflake connection "test.fraud_intelligence.not_null_gld_alert_enriched_ALERT_ID.f855930586"
[0m20:56:20.567472 [info ] [Thread-4 (]: 6 of 37 START test not_null_gld_alert_enriched_ALERT_RISK_SCORE ................ [RUN]
[0m20:56:20.568447 [debug] [Thread-3 (]: Began running node test.fraud_intelligence.not_null_gld_alert_enrichment_with_scoring_ALERT_ID.ded410bb89
[0m20:56:20.569375 [info ] [Thread-5 (]: 7 of 37 START test not_null_gld_alert_enriched_CUSTOMER_ID ..................... [RUN]
[0m20:56:20.570376 [debug] [Thread-2 (]: On test.fraud_intelligence.not_null_gld_alert_enriched_ALERT_ID.f855930586: /* {"app": "dbt", "dbt_version": "1.9.4", "profile_name": "fraud_intelligence", "target_name": "dev", "node_id": "test.fraud_intelligence.not_null_gld_alert_enriched_ALERT_ID.f855930586"} */
select
      count(*) as failures,
      count(*) != 0 as should_warn,
      count(*) != 0 as should_error
    from (
      
    
    



select ALERT_ID
from DEMO_DEV.FRAUD_INTELLIGENCE.GLD_ALERT_ENRICHED
where ALERT_ID is null



      
    ) dbt_internal_test
[0m20:56:20.571348 [debug] [Thread-4 (]: Re-using an available connection from the pool (formerly test.fraud_intelligence.assert_no_null_customer_id, now test.fraud_intelligence.not_null_gld_alert_enriched_ALERT_RISK_SCORE.b222de259c)
[0m20:56:20.572220 [info ] [Thread-3 (]: 8 of 37 START test not_null_gld_alert_enrichment_with_scoring_ALERT_ID ......... [RUN]
[0m20:56:20.573234 [debug] [Thread-5 (]: Re-using an available connection from the pool (formerly test.fraud_intelligence.assert_positive_transaction_amount, now test.fraud_intelligence.not_null_gld_alert_enriched_CUSTOMER_ID.40bb639039)
[0m20:56:20.574070 [debug] [Thread-2 (]: Opening a new connection, currently in state init
[0m20:56:20.574863 [debug] [Thread-4 (]: Began compiling node test.fraud_intelligence.not_null_gld_alert_enriched_ALERT_RISK_SCORE.b222de259c
[0m20:56:20.575683 [debug] [Thread-3 (]: Re-using an available connection from the pool (formerly test.fraud_intelligence.assert_no_duplicate_alert_id, now test.fraud_intelligence.not_null_gld_alert_enrichment_with_scoring_ALERT_ID.ded410bb89)
[0m20:56:20.576432 [debug] [Thread-5 (]: Began compiling node test.fraud_intelligence.not_null_gld_alert_enriched_CUSTOMER_ID.40bb639039
[0m20:56:20.583091 [debug] [Thread-4 (]: Writing injected SQL for node "test.fraud_intelligence.not_null_gld_alert_enriched_ALERT_RISK_SCORE.b222de259c"
[0m20:56:20.584014 [debug] [Thread-3 (]: Began compiling node test.fraud_intelligence.not_null_gld_alert_enrichment_with_scoring_ALERT_ID.ded410bb89
[0m20:56:20.588643 [debug] [Thread-5 (]: Writing injected SQL for node "test.fraud_intelligence.not_null_gld_alert_enriched_CUSTOMER_ID.40bb639039"
[0m20:56:20.593787 [debug] [Thread-3 (]: Writing injected SQL for node "test.fraud_intelligence.not_null_gld_alert_enrichment_with_scoring_ALERT_ID.ded410bb89"
[0m20:56:20.594534 [debug] [Thread-4 (]: Began executing node test.fraud_intelligence.not_null_gld_alert_enriched_ALERT_RISK_SCORE.b222de259c
[0m20:56:20.596250 [debug] [Thread-5 (]: Began executing node test.fraud_intelligence.not_null_gld_alert_enriched_CUSTOMER_ID.40bb639039
[0m20:56:20.599812 [debug] [Thread-4 (]: Writing runtime sql for node "test.fraud_intelligence.not_null_gld_alert_enriched_ALERT_RISK_SCORE.b222de259c"
[0m20:56:20.600689 [debug] [Thread-3 (]: Began executing node test.fraud_intelligence.not_null_gld_alert_enrichment_with_scoring_ALERT_ID.ded410bb89
[0m20:56:20.604193 [debug] [Thread-5 (]: Writing runtime sql for node "test.fraud_intelligence.not_null_gld_alert_enriched_CUSTOMER_ID.40bb639039"
[0m20:56:20.609345 [debug] [Thread-3 (]: Writing runtime sql for node "test.fraud_intelligence.not_null_gld_alert_enrichment_with_scoring_ALERT_ID.ded410bb89"
[0m20:56:20.610505 [debug] [Thread-4 (]: Using snowflake connection "test.fraud_intelligence.not_null_gld_alert_enriched_ALERT_RISK_SCORE.b222de259c"
[0m20:56:20.613016 [debug] [Thread-5 (]: Using snowflake connection "test.fraud_intelligence.not_null_gld_alert_enriched_CUSTOMER_ID.40bb639039"
[0m20:56:20.614331 [debug] [Thread-4 (]: On test.fraud_intelligence.not_null_gld_alert_enriched_ALERT_RISK_SCORE.b222de259c: /* {"app": "dbt", "dbt_version": "1.9.4", "profile_name": "fraud_intelligence", "target_name": "dev", "node_id": "test.fraud_intelligence.not_null_gld_alert_enriched_ALERT_RISK_SCORE.b222de259c"} */
select
      count(*) as failures,
      count(*) != 0 as should_warn,
      count(*) != 0 as should_error
    from (
      
    
    



select ALERT_RISK_SCORE
from DEMO_DEV.FRAUD_INTELLIGENCE.GLD_ALERT_ENRICHED
where ALERT_RISK_SCORE is null



      
    ) dbt_internal_test
[0m20:56:20.615327 [debug] [Thread-3 (]: Using snowflake connection "test.fraud_intelligence.not_null_gld_alert_enrichment_with_scoring_ALERT_ID.ded410bb89"
[0m20:56:20.616556 [debug] [Thread-5 (]: On test.fraud_intelligence.not_null_gld_alert_enriched_CUSTOMER_ID.40bb639039: /* {"app": "dbt", "dbt_version": "1.9.4", "profile_name": "fraud_intelligence", "target_name": "dev", "node_id": "test.fraud_intelligence.not_null_gld_alert_enriched_CUSTOMER_ID.40bb639039"} */
select
      count(*) as failures,
      count(*) != 0 as should_warn,
      count(*) != 0 as should_error
    from (
      
    
    



select CUSTOMER_ID
from DEMO_DEV.FRAUD_INTELLIGENCE.GLD_ALERT_ENRICHED
where CUSTOMER_ID is null



      
    ) dbt_internal_test
[0m20:56:20.617884 [debug] [Thread-4 (]: Opening a new connection, currently in state init
[0m20:56:20.618824 [debug] [Thread-3 (]: On test.fraud_intelligence.not_null_gld_alert_enrichment_with_scoring_ALERT_ID.ded410bb89: /* {"app": "dbt", "dbt_version": "1.9.4", "profile_name": "fraud_intelligence", "target_name": "dev", "node_id": "test.fraud_intelligence.not_null_gld_alert_enrichment_with_scoring_ALERT_ID.ded410bb89"} */
select
      count(*) as failures,
      count(*) != 0 as should_warn,
      count(*) != 0 as should_error
    from (
      
    
    



select ALERT_ID
from DEMO_DEV.FRAUD_INTELLIGENCE.GLD_ALERT_ENRICHMENT_WITH_SCORING
where ALERT_ID is null



      
    ) dbt_internal_test
[0m20:56:20.619684 [debug] [Thread-5 (]: Opening a new connection, currently in state init
[0m20:56:20.620715 [debug] [Thread-3 (]: Opening a new connection, currently in state init
[0m20:56:20.997666 [debug] [Thread-5 (]: SQL status: SUCCESS 1 in 0.378 seconds
[0m20:56:20.998547 [debug] [Thread-4 (]: SQL status: SUCCESS 1 in 0.381 seconds
[0m20:56:21.000887 [info ] [Thread-5 (]: 7 of 37 PASS not_null_gld_alert_enriched_CUSTOMER_ID ........................... [[32mPASS[0m in 0.43s]
[0m20:56:21.003079 [info ] [Thread-4 (]: 6 of 37 PASS not_null_gld_alert_enriched_ALERT_RISK_SCORE ...................... [[32mPASS[0m in 0.43s]
[0m20:56:21.004027 [debug] [Thread-2 (]: SQL status: SUCCESS 1 in 0.430 seconds
[0m20:56:21.005031 [debug] [Thread-5 (]: Finished running node test.fraud_intelligence.not_null_gld_alert_enriched_CUSTOMER_ID.40bb639039
[0m20:56:21.005935 [debug] [Thread-4 (]: Finished running node test.fraud_intelligence.not_null_gld_alert_enriched_ALERT_RISK_SCORE.b222de259c
[0m20:56:21.007964 [info ] [Thread-2 (]: 5 of 37 PASS not_null_gld_alert_enriched_ALERT_ID .............................. [[32mPASS[0m in 0.47s]
[0m20:56:21.008937 [debug] [Thread-5 (]: Began running node test.fraud_intelligence.not_null_gld_alert_enrichment_with_scoring_COMPOSITE_RISK_SCORE.e8760dd0b3
[0m20:56:21.009925 [debug] [Thread-4 (]: Began running node test.fraud_intelligence.not_null_gld_customer_profile_CUSTOMER_ID.3aa2452749
[0m20:56:21.010977 [debug] [Thread-2 (]: Finished running node test.fraud_intelligence.not_null_gld_alert_enriched_ALERT_ID.f855930586
[0m20:56:21.011856 [info ] [Thread-5 (]: 9 of 37 START test not_null_gld_alert_enrichment_with_scoring_COMPOSITE_RISK_SCORE  [RUN]
[0m20:56:21.012713 [info ] [Thread-4 (]: 10 of 37 START test not_null_gld_customer_profile_CUSTOMER_ID .................. [RUN]
[0m20:56:21.013691 [debug] [Thread-2 (]: Began running node test.fraud_intelligence.not_null_gld_ml_training_set_TARGET_LABEL.c8b4047f2e
[0m20:56:21.014709 [debug] [Thread-5 (]: Re-using an available connection from the pool (formerly test.fraud_intelligence.not_null_gld_alert_enriched_CUSTOMER_ID.40bb639039, now test.fraud_intelligence.not_null_gld_alert_enrichment_with_scoring_COMPOSITE_RISK_SCORE.e8760dd0b3)
[0m20:56:21.015548 [debug] [Thread-4 (]: Re-using an available connection from the pool (formerly test.fraud_intelligence.not_null_gld_alert_enriched_ALERT_RISK_SCORE.b222de259c, now test.fraud_intelligence.not_null_gld_customer_profile_CUSTOMER_ID.3aa2452749)
[0m20:56:21.016333 [info ] [Thread-2 (]: 11 of 37 START test not_null_gld_ml_training_set_TARGET_LABEL .................. [RUN]
[0m20:56:21.017212 [debug] [Thread-5 (]: Began compiling node test.fraud_intelligence.not_null_gld_alert_enrichment_with_scoring_COMPOSITE_RISK_SCORE.e8760dd0b3
[0m20:56:21.017986 [debug] [Thread-4 (]: Began compiling node test.fraud_intelligence.not_null_gld_customer_profile_CUSTOMER_ID.3aa2452749
[0m20:56:21.018922 [debug] [Thread-2 (]: Re-using an available connection from the pool (formerly test.fraud_intelligence.not_null_gld_alert_enriched_ALERT_ID.f855930586, now test.fraud_intelligence.not_null_gld_ml_training_set_TARGET_LABEL.c8b4047f2e)
[0m20:56:21.024122 [debug] [Thread-5 (]: Writing injected SQL for node "test.fraud_intelligence.not_null_gld_alert_enrichment_with_scoring_COMPOSITE_RISK_SCORE.e8760dd0b3"
[0m20:56:21.029100 [debug] [Thread-4 (]: Writing injected SQL for node "test.fraud_intelligence.not_null_gld_customer_profile_CUSTOMER_ID.3aa2452749"
[0m20:56:21.029954 [debug] [Thread-2 (]: Began compiling node test.fraud_intelligence.not_null_gld_ml_training_set_TARGET_LABEL.c8b4047f2e
[0m20:56:21.031973 [debug] [Thread-5 (]: Began executing node test.fraud_intelligence.not_null_gld_alert_enrichment_with_scoring_COMPOSITE_RISK_SCORE.e8760dd0b3
[0m20:56:21.036641 [debug] [Thread-2 (]: Writing injected SQL for node "test.fraud_intelligence.not_null_gld_ml_training_set_TARGET_LABEL.c8b4047f2e"
[0m20:56:21.037581 [debug] [Thread-4 (]: Began executing node test.fraud_intelligence.not_null_gld_customer_profile_CUSTOMER_ID.3aa2452749
[0m20:56:21.042198 [debug] [Thread-5 (]: Writing runtime sql for node "test.fraud_intelligence.not_null_gld_alert_enrichment_with_scoring_COMPOSITE_RISK_SCORE.e8760dd0b3"
[0m20:56:21.045962 [debug] [Thread-4 (]: Writing runtime sql for node "test.fraud_intelligence.not_null_gld_customer_profile_CUSTOMER_ID.3aa2452749"
[0m20:56:21.046589 [debug] [Thread-2 (]: Began executing node test.fraud_intelligence.not_null_gld_ml_training_set_TARGET_LABEL.c8b4047f2e
[0m20:56:21.048878 [debug] [Thread-5 (]: Using snowflake connection "test.fraud_intelligence.not_null_gld_alert_enrichment_with_scoring_COMPOSITE_RISK_SCORE.e8760dd0b3"
[0m20:56:21.052356 [debug] [Thread-2 (]: Writing runtime sql for node "test.fraud_intelligence.not_null_gld_ml_training_set_TARGET_LABEL.c8b4047f2e"
[0m20:56:21.053460 [debug] [Thread-4 (]: Using snowflake connection "test.fraud_intelligence.not_null_gld_customer_profile_CUSTOMER_ID.3aa2452749"
[0m20:56:21.054511 [debug] [Thread-5 (]: On test.fraud_intelligence.not_null_gld_alert_enrichment_with_scoring_COMPOSITE_RISK_SCORE.e8760dd0b3: /* {"app": "dbt", "dbt_version": "1.9.4", "profile_name": "fraud_intelligence", "target_name": "dev", "node_id": "test.fraud_intelligence.not_null_gld_alert_enrichment_with_scoring_COMPOSITE_RISK_SCORE.e8760dd0b3"} */
select
      count(*) as failures,
      count(*) != 0 as should_warn,
      count(*) != 0 as should_error
    from (
      
    
    



select COMPOSITE_RISK_SCORE
from DEMO_DEV.FRAUD_INTELLIGENCE.GLD_ALERT_ENRICHMENT_WITH_SCORING
where COMPOSITE_RISK_SCORE is null



      
    ) dbt_internal_test
[0m20:56:21.056013 [debug] [Thread-4 (]: On test.fraud_intelligence.not_null_gld_customer_profile_CUSTOMER_ID.3aa2452749: /* {"app": "dbt", "dbt_version": "1.9.4", "profile_name": "fraud_intelligence", "target_name": "dev", "node_id": "test.fraud_intelligence.not_null_gld_customer_profile_CUSTOMER_ID.3aa2452749"} */
select
      count(*) as failures,
      count(*) != 0 as should_warn,
      count(*) != 0 as should_error
    from (
      
    
    



select CUSTOMER_ID
from DEMO_DEV.FRAUD_INTELLIGENCE.GLD_CUSTOMER_PROFILE
where CUSTOMER_ID is null



      
    ) dbt_internal_test
[0m20:56:21.057548 [debug] [Thread-2 (]: Using snowflake connection "test.fraud_intelligence.not_null_gld_ml_training_set_TARGET_LABEL.c8b4047f2e"
[0m20:56:21.058396 [debug] [Thread-5 (]: Opening a new connection, currently in state init
[0m20:56:21.059311 [debug] [Thread-4 (]: Opening a new connection, currently in state init
[0m20:56:21.060160 [debug] [Thread-2 (]: On test.fraud_intelligence.not_null_gld_ml_training_set_TARGET_LABEL.c8b4047f2e: /* {"app": "dbt", "dbt_version": "1.9.4", "profile_name": "fraud_intelligence", "target_name": "dev", "node_id": "test.fraud_intelligence.not_null_gld_ml_training_set_TARGET_LABEL.c8b4047f2e"} */
select
      count(*) as failures,
      count(*) != 0 as should_warn,
      count(*) != 0 as should_error
    from (
      
    
    



select TARGET_LABEL
from DEMO_DEV.FRAUD_INTELLIGENCE.GLD_ML_TRAINING_SET
where TARGET_LABEL is null



      
    ) dbt_internal_test
[0m20:56:21.061611 [debug] [Thread-2 (]: Opening a new connection, currently in state init
[0m20:56:21.075066 [debug] [Thread-3 (]: SQL status: SUCCESS 1 in 0.454 seconds
[0m20:56:21.077197 [info ] [Thread-3 (]: 8 of 37 PASS not_null_gld_alert_enrichment_with_scoring_ALERT_ID ............... [[32mPASS[0m in 0.50s]
[0m20:56:21.078156 [debug] [Thread-3 (]: Finished running node test.fraud_intelligence.not_null_gld_alert_enrichment_with_scoring_ALERT_ID.ded410bb89
[0m20:56:21.078983 [debug] [Thread-3 (]: Began running node test.fraud_intelligence.not_null_gld_ml_training_set_TRANSACTION_ID.15daf58ed8
[0m20:56:21.079883 [info ] [Thread-3 (]: 12 of 37 START test not_null_gld_ml_training_set_TRANSACTION_ID ................ [RUN]
[0m20:56:21.080757 [debug] [Thread-3 (]: Re-using an available connection from the pool (formerly test.fraud_intelligence.not_null_gld_alert_enrichment_with_scoring_ALERT_ID.ded410bb89, now test.fraud_intelligence.not_null_gld_ml_training_set_TRANSACTION_ID.15daf58ed8)
[0m20:56:21.081460 [debug] [Thread-3 (]: Began compiling node test.fraud_intelligence.not_null_gld_ml_training_set_TRANSACTION_ID.15daf58ed8
[0m20:56:21.086260 [debug] [Thread-3 (]: Writing injected SQL for node "test.fraud_intelligence.not_null_gld_ml_training_set_TRANSACTION_ID.15daf58ed8"
[0m20:56:21.087287 [debug] [Thread-3 (]: Began executing node test.fraud_intelligence.not_null_gld_ml_training_set_TRANSACTION_ID.15daf58ed8
[0m20:56:21.091627 [debug] [Thread-3 (]: Writing runtime sql for node "test.fraud_intelligence.not_null_gld_ml_training_set_TRANSACTION_ID.15daf58ed8"
[0m20:56:21.092953 [debug] [Thread-3 (]: Using snowflake connection "test.fraud_intelligence.not_null_gld_ml_training_set_TRANSACTION_ID.15daf58ed8"
[0m20:56:21.093701 [debug] [Thread-3 (]: On test.fraud_intelligence.not_null_gld_ml_training_set_TRANSACTION_ID.15daf58ed8: /* {"app": "dbt", "dbt_version": "1.9.4", "profile_name": "fraud_intelligence", "target_name": "dev", "node_id": "test.fraud_intelligence.not_null_gld_ml_training_set_TRANSACTION_ID.15daf58ed8"} */
select
      count(*) as failures,
      count(*) != 0 as should_warn,
      count(*) != 0 as should_error
    from (
      
    
    



select TRANSACTION_ID
from DEMO_DEV.FRAUD_INTELLIGENCE.GLD_ML_TRAINING_SET
where TRANSACTION_ID is null



      
    ) dbt_internal_test
[0m20:56:21.094371 [debug] [Thread-3 (]: Opening a new connection, currently in state init
[0m20:56:21.511890 [debug] [Thread-3 (]: SQL status: SUCCESS 1 in 0.417 seconds
[0m20:56:21.512888 [debug] [Thread-2 (]: SQL status: SUCCESS 1 in 0.451 seconds
[0m20:56:21.515679 [info ] [Thread-3 (]: 12 of 37 PASS not_null_gld_ml_training_set_TRANSACTION_ID ...................... [[32mPASS[0m in 0.43s]
[0m20:56:21.517975 [info ] [Thread-2 (]: 11 of 37 PASS not_null_gld_ml_training_set_TARGET_LABEL ........................ [[32mPASS[0m in 0.50s]
[0m20:56:21.519123 [debug] [Thread-3 (]: Finished running node test.fraud_intelligence.not_null_gld_ml_training_set_TRANSACTION_ID.15daf58ed8
[0m20:56:21.520175 [debug] [Thread-2 (]: Finished running node test.fraud_intelligence.not_null_gld_ml_training_set_TARGET_LABEL.c8b4047f2e
[0m20:56:21.521163 [debug] [Thread-3 (]: Began running node test.fraud_intelligence.not_null_gld_velocity_counters_CUSTOMER_ID.5e8cde9ac4
[0m20:56:21.522275 [debug] [Thread-2 (]: Began running node test.fraud_intelligence.not_null_int_fraud_features_CUSTOMER_ID.bdb69b5b71
[0m20:56:21.523245 [info ] [Thread-3 (]: 13 of 37 START test not_null_gld_velocity_counters_CUSTOMER_ID ................. [RUN]
[0m20:56:21.524238 [info ] [Thread-2 (]: 14 of 37 START test not_null_int_fraud_features_CUSTOMER_ID .................... [RUN]
[0m20:56:21.525285 [debug] [Thread-3 (]: Re-using an available connection from the pool (formerly test.fraud_intelligence.not_null_gld_ml_training_set_TRANSACTION_ID.15daf58ed8, now test.fraud_intelligence.not_null_gld_velocity_counters_CUSTOMER_ID.5e8cde9ac4)
[0m20:56:21.526172 [debug] [Thread-2 (]: Re-using an available connection from the pool (formerly test.fraud_intelligence.not_null_gld_ml_training_set_TARGET_LABEL.c8b4047f2e, now test.fraud_intelligence.not_null_int_fraud_features_CUSTOMER_ID.bdb69b5b71)
[0m20:56:21.527030 [debug] [Thread-3 (]: Began compiling node test.fraud_intelligence.not_null_gld_velocity_counters_CUSTOMER_ID.5e8cde9ac4
[0m20:56:21.527913 [debug] [Thread-2 (]: Began compiling node test.fraud_intelligence.not_null_int_fraud_features_CUSTOMER_ID.bdb69b5b71
[0m20:56:21.533259 [debug] [Thread-3 (]: Writing injected SQL for node "test.fraud_intelligence.not_null_gld_velocity_counters_CUSTOMER_ID.5e8cde9ac4"
[0m20:56:21.538120 [debug] [Thread-2 (]: Writing injected SQL for node "test.fraud_intelligence.not_null_int_fraud_features_CUSTOMER_ID.bdb69b5b71"
[0m20:56:21.539650 [debug] [Thread-3 (]: Began executing node test.fraud_intelligence.not_null_gld_velocity_counters_CUSTOMER_ID.5e8cde9ac4
[0m20:56:21.543178 [debug] [Thread-3 (]: Writing runtime sql for node "test.fraud_intelligence.not_null_gld_velocity_counters_CUSTOMER_ID.5e8cde9ac4"
[0m20:56:21.543933 [debug] [Thread-2 (]: Began executing node test.fraud_intelligence.not_null_int_fraud_features_CUSTOMER_ID.bdb69b5b71
[0m20:56:21.548964 [debug] [Thread-2 (]: Writing runtime sql for node "test.fraud_intelligence.not_null_int_fraud_features_CUSTOMER_ID.bdb69b5b71"
[0m20:56:21.550283 [debug] [Thread-3 (]: Using snowflake connection "test.fraud_intelligence.not_null_gld_velocity_counters_CUSTOMER_ID.5e8cde9ac4"
[0m20:56:21.551576 [debug] [Thread-3 (]: On test.fraud_intelligence.not_null_gld_velocity_counters_CUSTOMER_ID.5e8cde9ac4: /* {"app": "dbt", "dbt_version": "1.9.4", "profile_name": "fraud_intelligence", "target_name": "dev", "node_id": "test.fraud_intelligence.not_null_gld_velocity_counters_CUSTOMER_ID.5e8cde9ac4"} */
select
      count(*) as failures,
      count(*) != 0 as should_warn,
      count(*) != 0 as should_error
    from (
      
    
    



select CUSTOMER_ID
from DEMO_DEV.FRAUD_INTELLIGENCE.GLD_VELOCITY_COUNTERS
where CUSTOMER_ID is null



      
    ) dbt_internal_test
[0m20:56:21.552665 [debug] [Thread-2 (]: Using snowflake connection "test.fraud_intelligence.not_null_int_fraud_features_CUSTOMER_ID.bdb69b5b71"
[0m20:56:21.553378 [debug] [Thread-3 (]: Opening a new connection, currently in state init
[0m20:56:21.554216 [debug] [Thread-2 (]: On test.fraud_intelligence.not_null_int_fraud_features_CUSTOMER_ID.bdb69b5b71: /* {"app": "dbt", "dbt_version": "1.9.4", "profile_name": "fraud_intelligence", "target_name": "dev", "node_id": "test.fraud_intelligence.not_null_int_fraud_features_CUSTOMER_ID.bdb69b5b71"} */
select
      count(*) as failures,
      count(*) != 0 as should_warn,
      count(*) != 0 as should_error
    from (
      
    
    



select CUSTOMER_ID
from DEMO_DEV.FRAUD_INTELLIGENCE.SLV_FRAUD_FEATURES
where CUSTOMER_ID is null



      
    ) dbt_internal_test
[0m20:56:21.555236 [debug] [Thread-2 (]: Opening a new connection, currently in state init
[0m20:56:21.605873 [debug] [Thread-4 (]: SQL status: SUCCESS 1 in 0.547 seconds
[0m20:56:21.607931 [info ] [Thread-4 (]: 10 of 37 PASS not_null_gld_customer_profile_CUSTOMER_ID ........................ [[32mPASS[0m in 0.59s]
[0m20:56:21.608871 [debug] [Thread-4 (]: Finished running node test.fraud_intelligence.not_null_gld_customer_profile_CUSTOMER_ID.3aa2452749
[0m20:56:21.609637 [debug] [Thread-4 (]: Began running node test.fraud_intelligence.not_null_int_fraud_features_TRANSACTION_AMOUNT.7e901d5801
[0m20:56:21.610496 [info ] [Thread-4 (]: 15 of 37 START test not_null_int_fraud_features_TRANSACTION_AMOUNT ............. [RUN]
[0m20:56:21.611282 [debug] [Thread-4 (]: Re-using an available connection from the pool (formerly test.fraud_intelligence.not_null_gld_customer_profile_CUSTOMER_ID.3aa2452749, now test.fraud_intelligence.not_null_int_fraud_features_TRANSACTION_AMOUNT.7e901d5801)
[0m20:56:21.611944 [debug] [Thread-4 (]: Began compiling node test.fraud_intelligence.not_null_int_fraud_features_TRANSACTION_AMOUNT.7e901d5801
[0m20:56:21.616407 [debug] [Thread-4 (]: Writing injected SQL for node "test.fraud_intelligence.not_null_int_fraud_features_TRANSACTION_AMOUNT.7e901d5801"
[0m20:56:21.617443 [debug] [Thread-4 (]: Began executing node test.fraud_intelligence.not_null_int_fraud_features_TRANSACTION_AMOUNT.7e901d5801
[0m20:56:21.620757 [debug] [Thread-4 (]: Writing runtime sql for node "test.fraud_intelligence.not_null_int_fraud_features_TRANSACTION_AMOUNT.7e901d5801"
[0m20:56:21.622208 [debug] [Thread-4 (]: Using snowflake connection "test.fraud_intelligence.not_null_int_fraud_features_TRANSACTION_AMOUNT.7e901d5801"
[0m20:56:21.622960 [debug] [Thread-4 (]: On test.fraud_intelligence.not_null_int_fraud_features_TRANSACTION_AMOUNT.7e901d5801: /* {"app": "dbt", "dbt_version": "1.9.4", "profile_name": "fraud_intelligence", "target_name": "dev", "node_id": "test.fraud_intelligence.not_null_int_fraud_features_TRANSACTION_AMOUNT.7e901d5801"} */
select
      count(*) as failures,
      count(*) != 0 as should_warn,
      count(*) != 0 as should_error
    from (
      
    
    



select TRANSACTION_AMOUNT
from DEMO_DEV.FRAUD_INTELLIGENCE.SLV_FRAUD_FEATURES
where TRANSACTION_AMOUNT is null



      
    ) dbt_internal_test
[0m20:56:21.623931 [debug] [Thread-4 (]: Opening a new connection, currently in state init
[0m20:56:21.662185 [debug] [Thread-5 (]: SQL status: SUCCESS 1 in 0.604 seconds
[0m20:56:21.664428 [info ] [Thread-5 (]: 9 of 37 PASS not_null_gld_alert_enrichment_with_scoring_COMPOSITE_RISK_SCORE ... [[32mPASS[0m in 0.65s]
[0m20:56:21.665423 [debug] [Thread-5 (]: Finished running node test.fraud_intelligence.not_null_gld_alert_enrichment_with_scoring_COMPOSITE_RISK_SCORE.e8760dd0b3
[0m20:56:21.666340 [debug] [Thread-5 (]: Began running node test.fraud_intelligence.not_null_int_fraud_features_TRANSACTION_ID.ebfbe09c8b
[0m20:56:21.667275 [info ] [Thread-5 (]: 16 of 37 START test not_null_int_fraud_features_TRANSACTION_ID ................. [RUN]
[0m20:56:21.668288 [debug] [Thread-5 (]: Re-using an available connection from the pool (formerly test.fraud_intelligence.not_null_gld_alert_enrichment_with_scoring_COMPOSITE_RISK_SCORE.e8760dd0b3, now test.fraud_intelligence.not_null_int_fraud_features_TRANSACTION_ID.ebfbe09c8b)
[0m20:56:21.669047 [debug] [Thread-5 (]: Began compiling node test.fraud_intelligence.not_null_int_fraud_features_TRANSACTION_ID.ebfbe09c8b
[0m20:56:21.673891 [debug] [Thread-5 (]: Writing injected SQL for node "test.fraud_intelligence.not_null_int_fraud_features_TRANSACTION_ID.ebfbe09c8b"
[0m20:56:21.675071 [debug] [Thread-5 (]: Began executing node test.fraud_intelligence.not_null_int_fraud_features_TRANSACTION_ID.ebfbe09c8b
[0m20:56:21.684474 [debug] [Thread-5 (]: Writing runtime sql for node "test.fraud_intelligence.not_null_int_fraud_features_TRANSACTION_ID.ebfbe09c8b"
[0m20:56:21.686079 [debug] [Thread-5 (]: Using snowflake connection "test.fraud_intelligence.not_null_int_fraud_features_TRANSACTION_ID.ebfbe09c8b"
[0m20:56:21.692949 [debug] [Thread-5 (]: On test.fraud_intelligence.not_null_int_fraud_features_TRANSACTION_ID.ebfbe09c8b: /* {"app": "dbt", "dbt_version": "1.9.4", "profile_name": "fraud_intelligence", "target_name": "dev", "node_id": "test.fraud_intelligence.not_null_int_fraud_features_TRANSACTION_ID.ebfbe09c8b"} */
select
      count(*) as failures,
      count(*) != 0 as should_warn,
      count(*) != 0 as should_error
    from (
      
    
    



select TRANSACTION_ID
from DEMO_DEV.FRAUD_INTELLIGENCE.SLV_FRAUD_FEATURES
where TRANSACTION_ID is null



      
    ) dbt_internal_test
[0m20:56:21.693810 [debug] [Thread-5 (]: Opening a new connection, currently in state init
[0m20:56:22.135156 [debug] [Thread-2 (]: SQL status: SUCCESS 1 in 0.580 seconds
[0m20:56:22.139276 [info ] [Thread-2 (]: 14 of 37 PASS not_null_int_fraud_features_CUSTOMER_ID .......................... [[32mPASS[0m in 0.61s]
[0m20:56:22.140285 [debug] [Thread-2 (]: Finished running node test.fraud_intelligence.not_null_int_fraud_features_CUSTOMER_ID.bdb69b5b71
[0m20:56:22.141087 [debug] [Thread-2 (]: Began running node test.fraud_intelligence.not_null_int_investigation_knowledge_base_DOC_ID.885f893210
[0m20:56:22.141988 [info ] [Thread-2 (]: 17 of 37 START test not_null_int_investigation_knowledge_base_DOC_ID ........... [RUN]
[0m20:56:22.142847 [debug] [Thread-2 (]: Re-using an available connection from the pool (formerly test.fraud_intelligence.not_null_int_fraud_features_CUSTOMER_ID.bdb69b5b71, now test.fraud_intelligence.not_null_int_investigation_knowledge_base_DOC_ID.885f893210)
[0m20:56:22.143554 [debug] [Thread-2 (]: Began compiling node test.fraud_intelligence.not_null_int_investigation_knowledge_base_DOC_ID.885f893210
[0m20:56:22.148397 [debug] [Thread-2 (]: Writing injected SQL for node "test.fraud_intelligence.not_null_int_investigation_knowledge_base_DOC_ID.885f893210"
[0m20:56:22.149464 [debug] [Thread-2 (]: Began executing node test.fraud_intelligence.not_null_int_investigation_knowledge_base_DOC_ID.885f893210
[0m20:56:22.152720 [debug] [Thread-2 (]: Writing runtime sql for node "test.fraud_intelligence.not_null_int_investigation_knowledge_base_DOC_ID.885f893210"
[0m20:56:22.154106 [debug] [Thread-2 (]: Using snowflake connection "test.fraud_intelligence.not_null_int_investigation_knowledge_base_DOC_ID.885f893210"
[0m20:56:22.154875 [debug] [Thread-2 (]: On test.fraud_intelligence.not_null_int_investigation_knowledge_base_DOC_ID.885f893210: /* {"app": "dbt", "dbt_version": "1.9.4", "profile_name": "fraud_intelligence", "target_name": "dev", "node_id": "test.fraud_intelligence.not_null_int_investigation_knowledge_base_DOC_ID.885f893210"} */
select
      count(*) as failures,
      count(*) != 0 as should_warn,
      count(*) != 0 as should_error
    from (
      
    
    



select DOC_ID
from DEMO_DEV.FRAUD_INTELLIGENCE.SLV_INVESTIGATION_KNOWLEDGE_BASE
where DOC_ID is null



      
    ) dbt_internal_test
[0m20:56:22.155575 [debug] [Thread-2 (]: Opening a new connection, currently in state init
[0m20:56:22.157585 [debug] [Thread-3 (]: SQL status: SUCCESS 1 in 0.604 seconds
[0m20:56:22.159619 [info ] [Thread-3 (]: 13 of 37 PASS not_null_gld_velocity_counters_CUSTOMER_ID ....................... [[32mPASS[0m in 0.63s]
[0m20:56:22.160589 [debug] [Thread-3 (]: Finished running node test.fraud_intelligence.not_null_gld_velocity_counters_CUSTOMER_ID.5e8cde9ac4
[0m20:56:22.161393 [debug] [Thread-3 (]: Began running node test.fraud_intelligence.not_null_int_rule_code_knowledge_map_RULE_CODE.7f0f488cad
[0m20:56:22.162267 [info ] [Thread-3 (]: 18 of 37 START test not_null_int_rule_code_knowledge_map_RULE_CODE ............. [RUN]
[0m20:56:22.163173 [debug] [Thread-3 (]: Re-using an available connection from the pool (formerly test.fraud_intelligence.not_null_gld_velocity_counters_CUSTOMER_ID.5e8cde9ac4, now test.fraud_intelligence.not_null_int_rule_code_knowledge_map_RULE_CODE.7f0f488cad)
[0m20:56:22.164668 [debug] [Thread-3 (]: Began compiling node test.fraud_intelligence.not_null_int_rule_code_knowledge_map_RULE_CODE.7f0f488cad
[0m20:56:22.169391 [debug] [Thread-3 (]: Writing injected SQL for node "test.fraud_intelligence.not_null_int_rule_code_knowledge_map_RULE_CODE.7f0f488cad"
[0m20:56:22.170395 [debug] [Thread-3 (]: Began executing node test.fraud_intelligence.not_null_int_rule_code_knowledge_map_RULE_CODE.7f0f488cad
[0m20:56:22.173966 [debug] [Thread-3 (]: Writing runtime sql for node "test.fraud_intelligence.not_null_int_rule_code_knowledge_map_RULE_CODE.7f0f488cad"
[0m20:56:22.175012 [debug] [Thread-4 (]: SQL status: SUCCESS 1 in 0.551 seconds
[0m20:56:22.177291 [info ] [Thread-4 (]: 15 of 37 PASS not_null_int_fraud_features_TRANSACTION_AMOUNT ................... [[32mPASS[0m in 0.57s]
[0m20:56:22.178403 [debug] [Thread-4 (]: Finished running node test.fraud_intelligence.not_null_int_fraud_features_TRANSACTION_AMOUNT.7e901d5801
[0m20:56:22.179384 [debug] [Thread-3 (]: Using snowflake connection "test.fraud_intelligence.not_null_int_rule_code_knowledge_map_RULE_CODE.7f0f488cad"
[0m20:56:22.180314 [debug] [Thread-4 (]: Began running node test.fraud_intelligence.source_not_null_fraud_intelligence_bronze_BRZ_RAW_ALERTS_ALERT_ID.ddac98f314
[0m20:56:22.181305 [debug] [Thread-3 (]: On test.fraud_intelligence.not_null_int_rule_code_knowledge_map_RULE_CODE.7f0f488cad: /* {"app": "dbt", "dbt_version": "1.9.4", "profile_name": "fraud_intelligence", "target_name": "dev", "node_id": "test.fraud_intelligence.not_null_int_rule_code_knowledge_map_RULE_CODE.7f0f488cad"} */
select
      count(*) as failures,
      count(*) != 0 as should_warn,
      count(*) != 0 as should_error
    from (
      
    
    



select RULE_CODE
from DEMO_DEV.FRAUD_INTELLIGENCE.SLV_RULE_CODE_KNOWLEDGE_MAP
where RULE_CODE is null



      
    ) dbt_internal_test
[0m20:56:22.182097 [info ] [Thread-4 (]: 19 of 37 START test source_not_null_fraud_intelligence_bronze_BRZ_RAW_ALERTS_ALERT_ID  [RUN]
[0m20:56:22.182928 [debug] [Thread-3 (]: Opening a new connection, currently in state init
[0m20:56:22.183760 [debug] [Thread-4 (]: Re-using an available connection from the pool (formerly test.fraud_intelligence.not_null_int_fraud_features_TRANSACTION_AMOUNT.7e901d5801, now test.fraud_intelligence.source_not_null_fraud_intelligence_bronze_BRZ_RAW_ALERTS_ALERT_ID.ddac98f314)
[0m20:56:22.184929 [debug] [Thread-4 (]: Began compiling node test.fraud_intelligence.source_not_null_fraud_intelligence_bronze_BRZ_RAW_ALERTS_ALERT_ID.ddac98f314
[0m20:56:22.190679 [debug] [Thread-4 (]: Writing injected SQL for node "test.fraud_intelligence.source_not_null_fraud_intelligence_bronze_BRZ_RAW_ALERTS_ALERT_ID.ddac98f314"
[0m20:56:22.191693 [debug] [Thread-4 (]: Began executing node test.fraud_intelligence.source_not_null_fraud_intelligence_bronze_BRZ_RAW_ALERTS_ALERT_ID.ddac98f314
[0m20:56:22.248083 [debug] [Thread-5 (]: SQL status: SUCCESS 1 in 0.554 seconds
[0m20:56:22.256703 [debug] [Thread-4 (]: Writing runtime sql for node "test.fraud_intelligence.source_not_null_fraud_intelligence_bronze_BRZ_RAW_ALERTS_ALERT_ID.ddac98f314"
[0m20:56:22.259567 [info ] [Thread-5 (]: 16 of 37 PASS not_null_int_fraud_features_TRANSACTION_ID ....................... [[32mPASS[0m in 0.59s]
[0m20:56:22.262856 [debug] [Thread-5 (]: Finished running node test.fraud_intelligence.not_null_int_fraud_features_TRANSACTION_ID.ebfbe09c8b
[0m20:56:22.264095 [debug] [Thread-4 (]: Using snowflake connection "test.fraud_intelligence.source_not_null_fraud_intelligence_bronze_BRZ_RAW_ALERTS_ALERT_ID.ddac98f314"
[0m20:56:22.265731 [debug] [Thread-5 (]: Began running node test.fraud_intelligence.source_not_null_fraud_intelligence_bronze_BRZ_RAW_ALERTS_CUSTOMER_ID.e524dfbea6
[0m20:56:22.266853 [debug] [Thread-4 (]: On test.fraud_intelligence.source_not_null_fraud_intelligence_bronze_BRZ_RAW_ALERTS_ALERT_ID.ddac98f314: /* {"app": "dbt", "dbt_version": "1.9.4", "profile_name": "fraud_intelligence", "target_name": "dev", "node_id": "test.fraud_intelligence.source_not_null_fraud_intelligence_bronze_BRZ_RAW_ALERTS_ALERT_ID.ddac98f314"} */
select
      count(*) as failures,
      count(*) != 0 as should_warn,
      count(*) != 0 as should_error
    from (
      
    
    



select ALERT_ID
from DEMO_DEV.FRAUD_INTELLIGENCE.BRZ_RAW_ALERTS
where ALERT_ID is null



      
    ) dbt_internal_test
[0m20:56:22.267773 [info ] [Thread-5 (]: 20 of 37 START test source_not_null_fraud_intelligence_bronze_BRZ_RAW_ALERTS_CUSTOMER_ID  [RUN]
[0m20:56:22.268722 [debug] [Thread-4 (]: Opening a new connection, currently in state init
[0m20:56:22.269565 [debug] [Thread-5 (]: Re-using an available connection from the pool (formerly test.fraud_intelligence.not_null_int_fraud_features_TRANSACTION_ID.ebfbe09c8b, now test.fraud_intelligence.source_not_null_fraud_intelligence_bronze_BRZ_RAW_ALERTS_CUSTOMER_ID.e524dfbea6)
[0m20:56:22.270710 [debug] [Thread-5 (]: Began compiling node test.fraud_intelligence.source_not_null_fraud_intelligence_bronze_BRZ_RAW_ALERTS_CUSTOMER_ID.e524dfbea6
[0m20:56:22.275770 [debug] [Thread-5 (]: Writing injected SQL for node "test.fraud_intelligence.source_not_null_fraud_intelligence_bronze_BRZ_RAW_ALERTS_CUSTOMER_ID.e524dfbea6"
[0m20:56:22.276856 [debug] [Thread-5 (]: Began executing node test.fraud_intelligence.source_not_null_fraud_intelligence_bronze_BRZ_RAW_ALERTS_CUSTOMER_ID.e524dfbea6
[0m20:56:22.280013 [debug] [Thread-5 (]: Writing runtime sql for node "test.fraud_intelligence.source_not_null_fraud_intelligence_bronze_BRZ_RAW_ALERTS_CUSTOMER_ID.e524dfbea6"
[0m20:56:22.281435 [debug] [Thread-5 (]: Using snowflake connection "test.fraud_intelligence.source_not_null_fraud_intelligence_bronze_BRZ_RAW_ALERTS_CUSTOMER_ID.e524dfbea6"
[0m20:56:22.282168 [debug] [Thread-5 (]: On test.fraud_intelligence.source_not_null_fraud_intelligence_bronze_BRZ_RAW_ALERTS_CUSTOMER_ID.e524dfbea6: /* {"app": "dbt", "dbt_version": "1.9.4", "profile_name": "fraud_intelligence", "target_name": "dev", "node_id": "test.fraud_intelligence.source_not_null_fraud_intelligence_bronze_BRZ_RAW_ALERTS_CUSTOMER_ID.e524dfbea6"} */
select
      count(*) as failures,
      count(*) != 0 as should_warn,
      count(*) != 0 as should_error
    from (
      
    
    



select CUSTOMER_ID
from DEMO_DEV.FRAUD_INTELLIGENCE.BRZ_RAW_ALERTS
where CUSTOMER_ID is null



      
    ) dbt_internal_test
[0m20:56:22.282853 [debug] [Thread-5 (]: Opening a new connection, currently in state init
[0m20:56:22.627993 [debug] [Thread-2 (]: SQL status: SUCCESS 1 in 0.472 seconds
[0m20:56:22.630458 [info ] [Thread-2 (]: 17 of 37 PASS not_null_int_investigation_knowledge_base_DOC_ID ................. [[32mPASS[0m in 0.49s]
[0m20:56:22.631426 [debug] [Thread-3 (]: SQL status: SUCCESS 1 in 0.448 seconds
[0m20:56:22.632400 [debug] [Thread-2 (]: Finished running node test.fraud_intelligence.not_null_int_investigation_knowledge_base_DOC_ID.885f893210
[0m20:56:22.634438 [info ] [Thread-3 (]: 18 of 37 PASS not_null_int_rule_code_knowledge_map_RULE_CODE ................... [[32mPASS[0m in 0.47s]
[0m20:56:22.635470 [debug] [Thread-2 (]: Began running node test.fraud_intelligence.source_not_null_fraud_intelligence_bronze_BRZ_RAW_CUSTOMERS_CUSTOMER_ID.f168006016
[0m20:56:22.636502 [debug] [Thread-3 (]: Finished running node test.fraud_intelligence.not_null_int_rule_code_knowledge_map_RULE_CODE.7f0f488cad
[0m20:56:22.637318 [info ] [Thread-2 (]: 21 of 37 START test source_not_null_fraud_intelligence_bronze_BRZ_RAW_CUSTOMERS_CUSTOMER_ID  [RUN]
[0m20:56:22.638255 [debug] [Thread-3 (]: Began running node test.fraud_intelligence.source_not_null_fraud_intelligence_bronze_BRZ_RAW_INVESTIGATION_DOCS_DOC_ID.8ea7f8c754
[0m20:56:22.639200 [debug] [Thread-2 (]: Re-using an available connection from the pool (formerly test.fraud_intelligence.not_null_int_investigation_knowledge_base_DOC_ID.885f893210, now test.fraud_intelligence.source_not_null_fraud_intelligence_bronze_BRZ_RAW_CUSTOMERS_CUSTOMER_ID.f168006016)
[0m20:56:22.640006 [info ] [Thread-3 (]: 22 of 37 START test source_not_null_fraud_intelligence_bronze_BRZ_RAW_INVESTIGATION_DOCS_DOC_ID  [RUN]
[0m20:56:22.640847 [debug] [Thread-2 (]: Began compiling node test.fraud_intelligence.source_not_null_fraud_intelligence_bronze_BRZ_RAW_CUSTOMERS_CUSTOMER_ID.f168006016
[0m20:56:22.641692 [debug] [Thread-3 (]: Re-using an available connection from the pool (formerly test.fraud_intelligence.not_null_int_rule_code_knowledge_map_RULE_CODE.7f0f488cad, now test.fraud_intelligence.source_not_null_fraud_intelligence_bronze_BRZ_RAW_INVESTIGATION_DOCS_DOC_ID.8ea7f8c754)
[0m20:56:22.649133 [debug] [Thread-2 (]: Writing injected SQL for node "test.fraud_intelligence.source_not_null_fraud_intelligence_bronze_BRZ_RAW_CUSTOMERS_CUSTOMER_ID.f168006016"
[0m20:56:22.650029 [debug] [Thread-3 (]: Began compiling node test.fraud_intelligence.source_not_null_fraud_intelligence_bronze_BRZ_RAW_INVESTIGATION_DOCS_DOC_ID.8ea7f8c754
[0m20:56:22.655255 [debug] [Thread-3 (]: Writing injected SQL for node "test.fraud_intelligence.source_not_null_fraud_intelligence_bronze_BRZ_RAW_INVESTIGATION_DOCS_DOC_ID.8ea7f8c754"
[0m20:56:22.656018 [debug] [Thread-2 (]: Began executing node test.fraud_intelligence.source_not_null_fraud_intelligence_bronze_BRZ_RAW_CUSTOMERS_CUSTOMER_ID.f168006016
[0m20:56:22.659919 [debug] [Thread-2 (]: Writing runtime sql for node "test.fraud_intelligence.source_not_null_fraud_intelligence_bronze_BRZ_RAW_CUSTOMERS_CUSTOMER_ID.f168006016"
[0m20:56:22.660697 [debug] [Thread-3 (]: Began executing node test.fraud_intelligence.source_not_null_fraud_intelligence_bronze_BRZ_RAW_INVESTIGATION_DOCS_DOC_ID.8ea7f8c754
[0m20:56:22.664292 [debug] [Thread-3 (]: Writing runtime sql for node "test.fraud_intelligence.source_not_null_fraud_intelligence_bronze_BRZ_RAW_INVESTIGATION_DOCS_DOC_ID.8ea7f8c754"
[0m20:56:22.665502 [debug] [Thread-2 (]: Using snowflake connection "test.fraud_intelligence.source_not_null_fraud_intelligence_bronze_BRZ_RAW_CUSTOMERS_CUSTOMER_ID.f168006016"
[0m20:56:22.666806 [debug] [Thread-2 (]: On test.fraud_intelligence.source_not_null_fraud_intelligence_bronze_BRZ_RAW_CUSTOMERS_CUSTOMER_ID.f168006016: /* {"app": "dbt", "dbt_version": "1.9.4", "profile_name": "fraud_intelligence", "target_name": "dev", "node_id": "test.fraud_intelligence.source_not_null_fraud_intelligence_bronze_BRZ_RAW_CUSTOMERS_CUSTOMER_ID.f168006016"} */
select
      count(*) as failures,
      count(*) != 0 as should_warn,
      count(*) != 0 as should_error
    from (
      
    
    



select CUSTOMER_ID
from DEMO_DEV.FRAUD_INTELLIGENCE.BRZ_RAW_CUSTOMERS
where CUSTOMER_ID is null



      
    ) dbt_internal_test
[0m20:56:22.668218 [debug] [Thread-3 (]: Using snowflake connection "test.fraud_intelligence.source_not_null_fraud_intelligence_bronze_BRZ_RAW_INVESTIGATION_DOCS_DOC_ID.8ea7f8c754"
[0m20:56:22.668903 [debug] [Thread-2 (]: Opening a new connection, currently in state init
[0m20:56:22.669822 [debug] [Thread-3 (]: On test.fraud_intelligence.source_not_null_fraud_intelligence_bronze_BRZ_RAW_INVESTIGATION_DOCS_DOC_ID.8ea7f8c754: /* {"app": "dbt", "dbt_version": "1.9.4", "profile_name": "fraud_intelligence", "target_name": "dev", "node_id": "test.fraud_intelligence.source_not_null_fraud_intelligence_bronze_BRZ_RAW_INVESTIGATION_DOCS_DOC_ID.8ea7f8c754"} */
select
      count(*) as failures,
      count(*) != 0 as should_warn,
      count(*) != 0 as should_error
    from (
      
    
    



select DOC_ID
from DEMO_DEV.FRAUD_INTELLIGENCE.BRZ_RAW_INVESTIGATION_DOCS
where DOC_ID is null



      
    ) dbt_internal_test
[0m20:56:22.670996 [debug] [Thread-3 (]: Opening a new connection, currently in state init
[0m20:56:22.689421 [debug] [Thread-5 (]: SQL status: SUCCESS 1 in 0.406 seconds
[0m20:56:22.690343 [debug] [Thread-4 (]: SQL status: SUCCESS 1 in 0.422 seconds
[0m20:56:22.692626 [info ] [Thread-5 (]: 20 of 37 PASS source_not_null_fraud_intelligence_bronze_BRZ_RAW_ALERTS_CUSTOMER_ID  [[32mPASS[0m in 0.42s]
[0m20:56:22.694844 [info ] [Thread-4 (]: 19 of 37 PASS source_not_null_fraud_intelligence_bronze_BRZ_RAW_ALERTS_ALERT_ID  [[32mPASS[0m in 0.51s]
[0m20:56:22.695872 [debug] [Thread-5 (]: Finished running node test.fraud_intelligence.source_not_null_fraud_intelligence_bronze_BRZ_RAW_ALERTS_CUSTOMER_ID.e524dfbea6
[0m20:56:22.696836 [debug] [Thread-4 (]: Finished running node test.fraud_intelligence.source_not_null_fraud_intelligence_bronze_BRZ_RAW_ALERTS_ALERT_ID.ddac98f314
[0m20:56:22.697769 [debug] [Thread-5 (]: Began running node test.fraud_intelligence.source_not_null_fraud_intelligence_bronze_BRZ_RAW_RULE_DEFINITIONS_RULE_CODE.ec50b3ff2f
[0m20:56:22.698820 [debug] [Thread-4 (]: Began running node test.fraud_intelligence.source_not_null_fraud_intelligence_bronze_BRZ_RAW_TRANSACTIONS_CUSTOMER_ID.09920d23b0
[0m20:56:22.699751 [info ] [Thread-5 (]: 23 of 37 START test source_not_null_fraud_intelligence_bronze_BRZ_RAW_RULE_DEFINITIONS_RULE_CODE  [RUN]
[0m20:56:22.700698 [info ] [Thread-4 (]: 24 of 37 START test source_not_null_fraud_intelligence_bronze_BRZ_RAW_TRANSACTIONS_CUSTOMER_ID  [RUN]
[0m20:56:22.701815 [debug] [Thread-5 (]: Re-using an available connection from the pool (formerly test.fraud_intelligence.source_not_null_fraud_intelligence_bronze_BRZ_RAW_ALERTS_CUSTOMER_ID.e524dfbea6, now test.fraud_intelligence.source_not_null_fraud_intelligence_bronze_BRZ_RAW_RULE_DEFINITIONS_RULE_CODE.ec50b3ff2f)
[0m20:56:22.702790 [debug] [Thread-4 (]: Re-using an available connection from the pool (formerly test.fraud_intelligence.source_not_null_fraud_intelligence_bronze_BRZ_RAW_ALERTS_ALERT_ID.ddac98f314, now test.fraud_intelligence.source_not_null_fraud_intelligence_bronze_BRZ_RAW_TRANSACTIONS_CUSTOMER_ID.09920d23b0)
[0m20:56:22.703653 [debug] [Thread-5 (]: Began compiling node test.fraud_intelligence.source_not_null_fraud_intelligence_bronze_BRZ_RAW_RULE_DEFINITIONS_RULE_CODE.ec50b3ff2f
[0m20:56:22.704641 [debug] [Thread-4 (]: Began compiling node test.fraud_intelligence.source_not_null_fraud_intelligence_bronze_BRZ_RAW_TRANSACTIONS_CUSTOMER_ID.09920d23b0
[0m20:56:22.711384 [debug] [Thread-5 (]: Writing injected SQL for node "test.fraud_intelligence.source_not_null_fraud_intelligence_bronze_BRZ_RAW_RULE_DEFINITIONS_RULE_CODE.ec50b3ff2f"
[0m20:56:22.718854 [debug] [Thread-4 (]: Writing injected SQL for node "test.fraud_intelligence.source_not_null_fraud_intelligence_bronze_BRZ_RAW_TRANSACTIONS_CUSTOMER_ID.09920d23b0"
[0m20:56:22.720482 [debug] [Thread-5 (]: Began executing node test.fraud_intelligence.source_not_null_fraud_intelligence_bronze_BRZ_RAW_RULE_DEFINITIONS_RULE_CODE.ec50b3ff2f
[0m20:56:22.721550 [debug] [Thread-4 (]: Began executing node test.fraud_intelligence.source_not_null_fraud_intelligence_bronze_BRZ_RAW_TRANSACTIONS_CUSTOMER_ID.09920d23b0
[0m20:56:22.725155 [debug] [Thread-5 (]: Writing runtime sql for node "test.fraud_intelligence.source_not_null_fraud_intelligence_bronze_BRZ_RAW_RULE_DEFINITIONS_RULE_CODE.ec50b3ff2f"
[0m20:56:22.728529 [debug] [Thread-4 (]: Writing runtime sql for node "test.fraud_intelligence.source_not_null_fraud_intelligence_bronze_BRZ_RAW_TRANSACTIONS_CUSTOMER_ID.09920d23b0"
[0m20:56:22.732024 [debug] [Thread-5 (]: Using snowflake connection "test.fraud_intelligence.source_not_null_fraud_intelligence_bronze_BRZ_RAW_RULE_DEFINITIONS_RULE_CODE.ec50b3ff2f"
[0m20:56:22.733098 [debug] [Thread-5 (]: On test.fraud_intelligence.source_not_null_fraud_intelligence_bronze_BRZ_RAW_RULE_DEFINITIONS_RULE_CODE.ec50b3ff2f: /* {"app": "dbt", "dbt_version": "1.9.4", "profile_name": "fraud_intelligence", "target_name": "dev", "node_id": "test.fraud_intelligence.source_not_null_fraud_intelligence_bronze_BRZ_RAW_RULE_DEFINITIONS_RULE_CODE.ec50b3ff2f"} */
select
      count(*) as failures,
      count(*) != 0 as should_warn,
      count(*) != 0 as should_error
    from (
      
    
    



select RULE_CODE
from DEMO_DEV.FRAUD_INTELLIGENCE.BRZ_RAW_RULE_DEFINITIONS
where RULE_CODE is null



      
    ) dbt_internal_test
[0m20:56:22.734093 [debug] [Thread-4 (]: Using snowflake connection "test.fraud_intelligence.source_not_null_fraud_intelligence_bronze_BRZ_RAW_TRANSACTIONS_CUSTOMER_ID.09920d23b0"
[0m20:56:22.734838 [debug] [Thread-5 (]: Opening a new connection, currently in state init
[0m20:56:22.735685 [debug] [Thread-4 (]: On test.fraud_intelligence.source_not_null_fraud_intelligence_bronze_BRZ_RAW_TRANSACTIONS_CUSTOMER_ID.09920d23b0: /* {"app": "dbt", "dbt_version": "1.9.4", "profile_name": "fraud_intelligence", "target_name": "dev", "node_id": "test.fraud_intelligence.source_not_null_fraud_intelligence_bronze_BRZ_RAW_TRANSACTIONS_CUSTOMER_ID.09920d23b0"} */
select
      count(*) as failures,
      count(*) != 0 as should_warn,
      count(*) != 0 as should_error
    from (
      
    
    



select CUSTOMER_ID
from DEMO_DEV.FRAUD_INTELLIGENCE.BRZ_RAW_TRANSACTIONS
where CUSTOMER_ID is null



      
    ) dbt_internal_test
[0m20:56:22.736753 [debug] [Thread-4 (]: Opening a new connection, currently in state init
[0m20:56:23.091350 [debug] [Thread-3 (]: SQL status: SUCCESS 1 in 0.420 seconds
[0m20:56:23.092299 [debug] [Thread-2 (]: SQL status: SUCCESS 1 in 0.423 seconds
[0m20:56:23.094820 [info ] [Thread-3 (]: 22 of 37 PASS source_not_null_fraud_intelligence_bronze_BRZ_RAW_INVESTIGATION_DOCS_DOC_ID  [[32mPASS[0m in 0.45s]
[0m20:56:23.097034 [info ] [Thread-2 (]: 21 of 37 PASS source_not_null_fraud_intelligence_bronze_BRZ_RAW_CUSTOMERS_CUSTOMER_ID  [[32mPASS[0m in 0.46s]
[0m20:56:23.098126 [debug] [Thread-3 (]: Finished running node test.fraud_intelligence.source_not_null_fraud_intelligence_bronze_BRZ_RAW_INVESTIGATION_DOCS_DOC_ID.8ea7f8c754
[0m20:56:23.099169 [debug] [Thread-2 (]: Finished running node test.fraud_intelligence.source_not_null_fraud_intelligence_bronze_BRZ_RAW_CUSTOMERS_CUSTOMER_ID.f168006016
[0m20:56:23.100102 [debug] [Thread-3 (]: Began running node test.fraud_intelligence.source_not_null_fraud_intelligence_bronze_BRZ_RAW_TRANSACTIONS_TRANSACTION_AMOUNT.9a738e20b5
[0m20:56:23.101096 [debug] [Thread-2 (]: Began running node test.fraud_intelligence.source_not_null_fraud_intelligence_bronze_BRZ_RAW_TRANSACTIONS_TRANSACTION_ID.13c5d65ab5
[0m20:56:23.102092 [info ] [Thread-3 (]: 25 of 37 START test source_not_null_fraud_intelligence_bronze_BRZ_RAW_TRANSACTIONS_TRANSACTION_AMOUNT  [RUN]
[0m20:56:23.103030 [info ] [Thread-2 (]: 26 of 37 START test source_not_null_fraud_intelligence_bronze_BRZ_RAW_TRANSACTIONS_TRANSACTION_ID  [RUN]
[0m20:56:23.104058 [debug] [Thread-3 (]: Re-using an available connection from the pool (formerly test.fraud_intelligence.source_not_null_fraud_intelligence_bronze_BRZ_RAW_INVESTIGATION_DOCS_DOC_ID.8ea7f8c754, now test.fraud_intelligence.source_not_null_fraud_intelligence_bronze_BRZ_RAW_TRANSACTIONS_TRANSACTION_AMOUNT.9a738e20b5)
[0m20:56:23.104983 [debug] [Thread-2 (]: Re-using an available connection from the pool (formerly test.fraud_intelligence.source_not_null_fraud_intelligence_bronze_BRZ_RAW_CUSTOMERS_CUSTOMER_ID.f168006016, now test.fraud_intelligence.source_not_null_fraud_intelligence_bronze_BRZ_RAW_TRANSACTIONS_TRANSACTION_ID.13c5d65ab5)
[0m20:56:23.105783 [debug] [Thread-3 (]: Began compiling node test.fraud_intelligence.source_not_null_fraud_intelligence_bronze_BRZ_RAW_TRANSACTIONS_TRANSACTION_AMOUNT.9a738e20b5
[0m20:56:23.106601 [debug] [Thread-2 (]: Began compiling node test.fraud_intelligence.source_not_null_fraud_intelligence_bronze_BRZ_RAW_TRANSACTIONS_TRANSACTION_ID.13c5d65ab5
[0m20:56:23.112526 [debug] [Thread-3 (]: Writing injected SQL for node "test.fraud_intelligence.source_not_null_fraud_intelligence_bronze_BRZ_RAW_TRANSACTIONS_TRANSACTION_AMOUNT.9a738e20b5"
[0m20:56:23.119348 [debug] [Thread-4 (]: SQL status: SUCCESS 1 in 0.382 seconds
[0m20:56:23.120241 [debug] [Thread-2 (]: Writing injected SQL for node "test.fraud_intelligence.source_not_null_fraud_intelligence_bronze_BRZ_RAW_TRANSACTIONS_TRANSACTION_ID.13c5d65ab5"
[0m20:56:23.121255 [debug] [Thread-5 (]: SQL status: SUCCESS 1 in 0.386 seconds
[0m20:56:23.123830 [info ] [Thread-4 (]: 24 of 37 PASS source_not_null_fraud_intelligence_bronze_BRZ_RAW_TRANSACTIONS_CUSTOMER_ID  [[32mPASS[0m in 0.42s]
[0m20:56:23.125050 [debug] [Thread-3 (]: Began executing node test.fraud_intelligence.source_not_null_fraud_intelligence_bronze_BRZ_RAW_TRANSACTIONS_TRANSACTION_AMOUNT.9a738e20b5
[0m20:56:23.127560 [info ] [Thread-5 (]: 23 of 37 PASS source_not_null_fraud_intelligence_bronze_BRZ_RAW_RULE_DEFINITIONS_RULE_CODE  [[32mPASS[0m in 0.43s]
[0m20:56:23.128698 [debug] [Thread-2 (]: Began executing node test.fraud_intelligence.source_not_null_fraud_intelligence_bronze_BRZ_RAW_TRANSACTIONS_TRANSACTION_ID.13c5d65ab5
[0m20:56:23.129607 [debug] [Thread-4 (]: Finished running node test.fraud_intelligence.source_not_null_fraud_intelligence_bronze_BRZ_RAW_TRANSACTIONS_CUSTOMER_ID.09920d23b0
[0m20:56:23.133171 [debug] [Thread-3 (]: Writing runtime sql for node "test.fraud_intelligence.source_not_null_fraud_intelligence_bronze_BRZ_RAW_TRANSACTIONS_TRANSACTION_AMOUNT.9a738e20b5"
[0m20:56:23.134366 [debug] [Thread-5 (]: Finished running node test.fraud_intelligence.source_not_null_fraud_intelligence_bronze_BRZ_RAW_RULE_DEFINITIONS_RULE_CODE.ec50b3ff2f
[0m20:56:23.137789 [debug] [Thread-2 (]: Writing runtime sql for node "test.fraud_intelligence.source_not_null_fraud_intelligence_bronze_BRZ_RAW_TRANSACTIONS_TRANSACTION_ID.13c5d65ab5"
[0m20:56:23.138794 [debug] [Thread-4 (]: Began running node test.fraud_intelligence.source_not_null_fraud_intelligence_bronze_BRZ_RAW_VELOCITY_EVENTS_CUSTOMER_ID.e384a501cf
[0m20:56:23.140177 [debug] [Thread-5 (]: Began running node test.fraud_intelligence.source_not_null_fraud_intelligence_bronze_BRZ_RAW_VELOCITY_EVENTS_EVENT_ID.ccbf58d9ec
[0m20:56:23.141450 [debug] [Thread-3 (]: Using snowflake connection "test.fraud_intelligence.source_not_null_fraud_intelligence_bronze_BRZ_RAW_TRANSACTIONS_TRANSACTION_AMOUNT.9a738e20b5"
[0m20:56:23.142617 [info ] [Thread-4 (]: 27 of 37 START test source_not_null_fraud_intelligence_bronze_BRZ_RAW_VELOCITY_EVENTS_CUSTOMER_ID  [RUN]
[0m20:56:23.143785 [debug] [Thread-2 (]: Using snowflake connection "test.fraud_intelligence.source_not_null_fraud_intelligence_bronze_BRZ_RAW_TRANSACTIONS_TRANSACTION_ID.13c5d65ab5"
[0m20:56:23.144567 [info ] [Thread-5 (]: 28 of 37 START test source_not_null_fraud_intelligence_bronze_BRZ_RAW_VELOCITY_EVENTS_EVENT_ID  [RUN]
[0m20:56:23.145500 [debug] [Thread-3 (]: On test.fraud_intelligence.source_not_null_fraud_intelligence_bronze_BRZ_RAW_TRANSACTIONS_TRANSACTION_AMOUNT.9a738e20b5: /* {"app": "dbt", "dbt_version": "1.9.4", "profile_name": "fraud_intelligence", "target_name": "dev", "node_id": "test.fraud_intelligence.source_not_null_fraud_intelligence_bronze_BRZ_RAW_TRANSACTIONS_TRANSACTION_AMOUNT.9a738e20b5"} */
select
      count(*) as failures,
      count(*) != 0 as should_warn,
      count(*) != 0 as should_error
    from (
      
    
    



select TRANSACTION_AMOUNT
from DEMO_DEV.FRAUD_INTELLIGENCE.BRZ_RAW_TRANSACTIONS
where TRANSACTION_AMOUNT is null



      
    ) dbt_internal_test
[0m20:56:23.146539 [debug] [Thread-4 (]: Re-using an available connection from the pool (formerly test.fraud_intelligence.source_not_null_fraud_intelligence_bronze_BRZ_RAW_TRANSACTIONS_CUSTOMER_ID.09920d23b0, now test.fraud_intelligence.source_not_null_fraud_intelligence_bronze_BRZ_RAW_VELOCITY_EVENTS_CUSTOMER_ID.e384a501cf)
[0m20:56:23.147463 [debug] [Thread-2 (]: On test.fraud_intelligence.source_not_null_fraud_intelligence_bronze_BRZ_RAW_TRANSACTIONS_TRANSACTION_ID.13c5d65ab5: /* {"app": "dbt", "dbt_version": "1.9.4", "profile_name": "fraud_intelligence", "target_name": "dev", "node_id": "test.fraud_intelligence.source_not_null_fraud_intelligence_bronze_BRZ_RAW_TRANSACTIONS_TRANSACTION_ID.13c5d65ab5"} */
select
      count(*) as failures,
      count(*) != 0 as should_warn,
      count(*) != 0 as should_error
    from (
      
    
    



select TRANSACTION_ID
from DEMO_DEV.FRAUD_INTELLIGENCE.BRZ_RAW_TRANSACTIONS
where TRANSACTION_ID is null



      
    ) dbt_internal_test
[0m20:56:23.148408 [debug] [Thread-5 (]: Re-using an available connection from the pool (formerly test.fraud_intelligence.source_not_null_fraud_intelligence_bronze_BRZ_RAW_RULE_DEFINITIONS_RULE_CODE.ec50b3ff2f, now test.fraud_intelligence.source_not_null_fraud_intelligence_bronze_BRZ_RAW_VELOCITY_EVENTS_EVENT_ID.ccbf58d9ec)
[0m20:56:23.149190 [debug] [Thread-3 (]: Opening a new connection, currently in state init
[0m20:56:23.149978 [debug] [Thread-4 (]: Began compiling node test.fraud_intelligence.source_not_null_fraud_intelligence_bronze_BRZ_RAW_VELOCITY_EVENTS_CUSTOMER_ID.e384a501cf
[0m20:56:23.150739 [debug] [Thread-2 (]: Opening a new connection, currently in state init
[0m20:56:23.151523 [debug] [Thread-5 (]: Began compiling node test.fraud_intelligence.source_not_null_fraud_intelligence_bronze_BRZ_RAW_VELOCITY_EVENTS_EVENT_ID.ccbf58d9ec
[0m20:56:23.156962 [debug] [Thread-4 (]: Writing injected SQL for node "test.fraud_intelligence.source_not_null_fraud_intelligence_bronze_BRZ_RAW_VELOCITY_EVENTS_CUSTOMER_ID.e384a501cf"
[0m20:56:23.162200 [debug] [Thread-5 (]: Writing injected SQL for node "test.fraud_intelligence.source_not_null_fraud_intelligence_bronze_BRZ_RAW_VELOCITY_EVENTS_EVENT_ID.ccbf58d9ec"
[0m20:56:23.163730 [debug] [Thread-4 (]: Began executing node test.fraud_intelligence.source_not_null_fraud_intelligence_bronze_BRZ_RAW_VELOCITY_EVENTS_CUSTOMER_ID.e384a501cf
[0m20:56:23.168257 [debug] [Thread-4 (]: Writing runtime sql for node "test.fraud_intelligence.source_not_null_fraud_intelligence_bronze_BRZ_RAW_VELOCITY_EVENTS_CUSTOMER_ID.e384a501cf"
[0m20:56:23.169171 [debug] [Thread-5 (]: Began executing node test.fraud_intelligence.source_not_null_fraud_intelligence_bronze_BRZ_RAW_VELOCITY_EVENTS_EVENT_ID.ccbf58d9ec
[0m20:56:23.172815 [debug] [Thread-5 (]: Writing runtime sql for node "test.fraud_intelligence.source_not_null_fraud_intelligence_bronze_BRZ_RAW_VELOCITY_EVENTS_EVENT_ID.ccbf58d9ec"
[0m20:56:23.174406 [debug] [Thread-4 (]: Using snowflake connection "test.fraud_intelligence.source_not_null_fraud_intelligence_bronze_BRZ_RAW_VELOCITY_EVENTS_CUSTOMER_ID.e384a501cf"
[0m20:56:23.175595 [debug] [Thread-4 (]: On test.fraud_intelligence.source_not_null_fraud_intelligence_bronze_BRZ_RAW_VELOCITY_EVENTS_CUSTOMER_ID.e384a501cf: /* {"app": "dbt", "dbt_version": "1.9.4", "profile_name": "fraud_intelligence", "target_name": "dev", "node_id": "test.fraud_intelligence.source_not_null_fraud_intelligence_bronze_BRZ_RAW_VELOCITY_EVENTS_CUSTOMER_ID.e384a501cf"} */
select
      count(*) as failures,
      count(*) != 0 as should_warn,
      count(*) != 0 as should_error
    from (
      
    
    



select CUSTOMER_ID
from DEMO_DEV.FRAUD_INTELLIGENCE.BRZ_RAW_VELOCITY_EVENTS
where CUSTOMER_ID is null



      
    ) dbt_internal_test
[0m20:56:23.176681 [debug] [Thread-5 (]: Using snowflake connection "test.fraud_intelligence.source_not_null_fraud_intelligence_bronze_BRZ_RAW_VELOCITY_EVENTS_EVENT_ID.ccbf58d9ec"
[0m20:56:23.177360 [debug] [Thread-4 (]: Opening a new connection, currently in state init
[0m20:56:23.178250 [debug] [Thread-5 (]: On test.fraud_intelligence.source_not_null_fraud_intelligence_bronze_BRZ_RAW_VELOCITY_EVENTS_EVENT_ID.ccbf58d9ec: /* {"app": "dbt", "dbt_version": "1.9.4", "profile_name": "fraud_intelligence", "target_name": "dev", "node_id": "test.fraud_intelligence.source_not_null_fraud_intelligence_bronze_BRZ_RAW_VELOCITY_EVENTS_EVENT_ID.ccbf58d9ec"} */
select
      count(*) as failures,
      count(*) != 0 as should_warn,
      count(*) != 0 as should_error
    from (
      
    
    



select EVENT_ID
from DEMO_DEV.FRAUD_INTELLIGENCE.BRZ_RAW_VELOCITY_EVENTS
where EVENT_ID is null



      
    ) dbt_internal_test
[0m20:56:23.179747 [debug] [Thread-5 (]: Opening a new connection, currently in state init
[0m20:56:23.549743 [debug] [Thread-2 (]: SQL status: SUCCESS 1 in 0.399 seconds
[0m20:56:23.552428 [info ] [Thread-2 (]: 26 of 37 PASS source_not_null_fraud_intelligence_bronze_BRZ_RAW_TRANSACTIONS_TRANSACTION_ID  [[32mPASS[0m in 0.45s]
[0m20:56:23.553473 [debug] [Thread-2 (]: Finished running node test.fraud_intelligence.source_not_null_fraud_intelligence_bronze_BRZ_RAW_TRANSACTIONS_TRANSACTION_ID.13c5d65ab5
[0m20:56:23.554420 [debug] [Thread-2 (]: Began running node test.fraud_intelligence.source_unique_fraud_intelligence_bronze_BRZ_RAW_ALERTS_ALERT_ID.0c13adb32c
[0m20:56:23.555383 [info ] [Thread-2 (]: 29 of 37 START test source_unique_fraud_intelligence_bronze_BRZ_RAW_ALERTS_ALERT_ID  [RUN]
[0m20:56:23.556306 [debug] [Thread-2 (]: Re-using an available connection from the pool (formerly test.fraud_intelligence.source_not_null_fraud_intelligence_bronze_BRZ_RAW_TRANSACTIONS_TRANSACTION_ID.13c5d65ab5, now test.fraud_intelligence.source_unique_fraud_intelligence_bronze_BRZ_RAW_ALERTS_ALERT_ID.0c13adb32c)
[0m20:56:23.557047 [debug] [Thread-2 (]: Began compiling node test.fraud_intelligence.source_unique_fraud_intelligence_bronze_BRZ_RAW_ALERTS_ALERT_ID.0c13adb32c
[0m20:56:23.564221 [debug] [Thread-2 (]: Writing injected SQL for node "test.fraud_intelligence.source_unique_fraud_intelligence_bronze_BRZ_RAW_ALERTS_ALERT_ID.0c13adb32c"
[0m20:56:23.565266 [debug] [Thread-2 (]: Began executing node test.fraud_intelligence.source_unique_fraud_intelligence_bronze_BRZ_RAW_ALERTS_ALERT_ID.0c13adb32c
[0m20:56:23.568461 [debug] [Thread-2 (]: Writing runtime sql for node "test.fraud_intelligence.source_unique_fraud_intelligence_bronze_BRZ_RAW_ALERTS_ALERT_ID.0c13adb32c"
[0m20:56:23.569821 [debug] [Thread-2 (]: Using snowflake connection "test.fraud_intelligence.source_unique_fraud_intelligence_bronze_BRZ_RAW_ALERTS_ALERT_ID.0c13adb32c"
[0m20:56:23.570576 [debug] [Thread-2 (]: On test.fraud_intelligence.source_unique_fraud_intelligence_bronze_BRZ_RAW_ALERTS_ALERT_ID.0c13adb32c: /* {"app": "dbt", "dbt_version": "1.9.4", "profile_name": "fraud_intelligence", "target_name": "dev", "node_id": "test.fraud_intelligence.source_unique_fraud_intelligence_bronze_BRZ_RAW_ALERTS_ALERT_ID.0c13adb32c"} */
select
      count(*) as failures,
      count(*) != 0 as should_warn,
      count(*) != 0 as should_error
    from (
      
    
    

select
    ALERT_ID as unique_field,
    count(*) as n_records

from DEMO_DEV.FRAUD_INTELLIGENCE.BRZ_RAW_ALERTS
where ALERT_ID is not null
group by ALERT_ID
having count(*) > 1



      
    ) dbt_internal_test
[0m20:56:23.571260 [debug] [Thread-2 (]: Opening a new connection, currently in state init
[0m20:56:23.576722 [debug] [Thread-5 (]: SQL status: SUCCESS 1 in 0.397 seconds
[0m20:56:23.578985 [info ] [Thread-5 (]: 28 of 37 PASS source_not_null_fraud_intelligence_bronze_BRZ_RAW_VELOCITY_EVENTS_EVENT_ID  [[32mPASS[0m in 0.43s]
[0m20:56:23.580036 [debug] [Thread-3 (]: SQL status: SUCCESS 1 in 0.431 seconds
[0m20:56:23.581029 [debug] [Thread-5 (]: Finished running node test.fraud_intelligence.source_not_null_fraud_intelligence_bronze_BRZ_RAW_VELOCITY_EVENTS_EVENT_ID.ccbf58d9ec
[0m20:56:23.583034 [info ] [Thread-3 (]: 25 of 37 PASS source_not_null_fraud_intelligence_bronze_BRZ_RAW_TRANSACTIONS_TRANSACTION_AMOUNT  [[32mPASS[0m in 0.48s]
[0m20:56:23.584109 [debug] [Thread-5 (]: Began running node test.fraud_intelligence.source_unique_fraud_intelligence_bronze_BRZ_RAW_CUSTOMERS_CUSTOMER_ID.e2034a241d
[0m20:56:23.585248 [debug] [Thread-3 (]: Finished running node test.fraud_intelligence.source_not_null_fraud_intelligence_bronze_BRZ_RAW_TRANSACTIONS_TRANSACTION_AMOUNT.9a738e20b5
[0m20:56:23.586161 [info ] [Thread-5 (]: 30 of 37 START test source_unique_fraud_intelligence_bronze_BRZ_RAW_CUSTOMERS_CUSTOMER_ID  [RUN]
[0m20:56:23.587197 [debug] [Thread-3 (]: Began running node test.fraud_intelligence.source_unique_fraud_intelligence_bronze_BRZ_RAW_INVESTIGATION_DOCS_DOC_ID.7e88e101b1
[0m20:56:23.588273 [debug] [Thread-5 (]: Re-using an available connection from the pool (formerly test.fraud_intelligence.source_not_null_fraud_intelligence_bronze_BRZ_RAW_VELOCITY_EVENTS_EVENT_ID.ccbf58d9ec, now test.fraud_intelligence.source_unique_fraud_intelligence_bronze_BRZ_RAW_CUSTOMERS_CUSTOMER_ID.e2034a241d)
[0m20:56:23.589166 [info ] [Thread-3 (]: 31 of 37 START test source_unique_fraud_intelligence_bronze_BRZ_RAW_INVESTIGATION_DOCS_DOC_ID  [RUN]
[0m20:56:23.590119 [debug] [Thread-5 (]: Began compiling node test.fraud_intelligence.source_unique_fraud_intelligence_bronze_BRZ_RAW_CUSTOMERS_CUSTOMER_ID.e2034a241d
[0m20:56:23.591052 [debug] [Thread-3 (]: Re-using an available connection from the pool (formerly test.fraud_intelligence.source_not_null_fraud_intelligence_bronze_BRZ_RAW_TRANSACTIONS_TRANSACTION_AMOUNT.9a738e20b5, now test.fraud_intelligence.source_unique_fraud_intelligence_bronze_BRZ_RAW_INVESTIGATION_DOCS_DOC_ID.7e88e101b1)
[0m20:56:23.597946 [debug] [Thread-5 (]: Writing injected SQL for node "test.fraud_intelligence.source_unique_fraud_intelligence_bronze_BRZ_RAW_CUSTOMERS_CUSTOMER_ID.e2034a241d"
[0m20:56:23.598897 [debug] [Thread-3 (]: Began compiling node test.fraud_intelligence.source_unique_fraud_intelligence_bronze_BRZ_RAW_INVESTIGATION_DOCS_DOC_ID.7e88e101b1
[0m20:56:23.604186 [debug] [Thread-3 (]: Writing injected SQL for node "test.fraud_intelligence.source_unique_fraud_intelligence_bronze_BRZ_RAW_INVESTIGATION_DOCS_DOC_ID.7e88e101b1"
[0m20:56:23.605908 [debug] [Thread-5 (]: Began executing node test.fraud_intelligence.source_unique_fraud_intelligence_bronze_BRZ_RAW_CUSTOMERS_CUSTOMER_ID.e2034a241d
[0m20:56:23.610532 [debug] [Thread-5 (]: Writing runtime sql for node "test.fraud_intelligence.source_unique_fraud_intelligence_bronze_BRZ_RAW_CUSTOMERS_CUSTOMER_ID.e2034a241d"
[0m20:56:23.611553 [debug] [Thread-3 (]: Began executing node test.fraud_intelligence.source_unique_fraud_intelligence_bronze_BRZ_RAW_INVESTIGATION_DOCS_DOC_ID.7e88e101b1
[0m20:56:23.615711 [debug] [Thread-3 (]: Writing runtime sql for node "test.fraud_intelligence.source_unique_fraud_intelligence_bronze_BRZ_RAW_INVESTIGATION_DOCS_DOC_ID.7e88e101b1"
[0m20:56:23.616884 [debug] [Thread-5 (]: Using snowflake connection "test.fraud_intelligence.source_unique_fraud_intelligence_bronze_BRZ_RAW_CUSTOMERS_CUSTOMER_ID.e2034a241d"
[0m20:56:23.618198 [debug] [Thread-5 (]: On test.fraud_intelligence.source_unique_fraud_intelligence_bronze_BRZ_RAW_CUSTOMERS_CUSTOMER_ID.e2034a241d: /* {"app": "dbt", "dbt_version": "1.9.4", "profile_name": "fraud_intelligence", "target_name": "dev", "node_id": "test.fraud_intelligence.source_unique_fraud_intelligence_bronze_BRZ_RAW_CUSTOMERS_CUSTOMER_ID.e2034a241d"} */
select
      count(*) as failures,
      count(*) != 0 as should_warn,
      count(*) != 0 as should_error
    from (
      
    
    

select
    CUSTOMER_ID as unique_field,
    count(*) as n_records

from DEMO_DEV.FRAUD_INTELLIGENCE.BRZ_RAW_CUSTOMERS
where CUSTOMER_ID is not null
group by CUSTOMER_ID
having count(*) > 1



      
    ) dbt_internal_test
[0m20:56:23.619637 [debug] [Thread-3 (]: Using snowflake connection "test.fraud_intelligence.source_unique_fraud_intelligence_bronze_BRZ_RAW_INVESTIGATION_DOCS_DOC_ID.7e88e101b1"
[0m20:56:23.620330 [debug] [Thread-5 (]: Opening a new connection, currently in state init
[0m20:56:23.621220 [debug] [Thread-3 (]: On test.fraud_intelligence.source_unique_fraud_intelligence_bronze_BRZ_RAW_INVESTIGATION_DOCS_DOC_ID.7e88e101b1: /* {"app": "dbt", "dbt_version": "1.9.4", "profile_name": "fraud_intelligence", "target_name": "dev", "node_id": "test.fraud_intelligence.source_unique_fraud_intelligence_bronze_BRZ_RAW_INVESTIGATION_DOCS_DOC_ID.7e88e101b1"} */
select
      count(*) as failures,
      count(*) != 0 as should_warn,
      count(*) != 0 as should_error
    from (
      
    
    

select
    DOC_ID as unique_field,
    count(*) as n_records

from DEMO_DEV.FRAUD_INTELLIGENCE.BRZ_RAW_INVESTIGATION_DOCS
where DOC_ID is not null
group by DOC_ID
having count(*) > 1



      
    ) dbt_internal_test
[0m20:56:23.622297 [debug] [Thread-3 (]: Opening a new connection, currently in state init
[0m20:56:23.631149 [debug] [Thread-4 (]: SQL status: SUCCESS 1 in 0.454 seconds
[0m20:56:23.633420 [info ] [Thread-4 (]: 27 of 37 PASS source_not_null_fraud_intelligence_bronze_BRZ_RAW_VELOCITY_EVENTS_CUSTOMER_ID  [[32mPASS[0m in 0.49s]
[0m20:56:23.634432 [debug] [Thread-4 (]: Finished running node test.fraud_intelligence.source_not_null_fraud_intelligence_bronze_BRZ_RAW_VELOCITY_EVENTS_CUSTOMER_ID.e384a501cf
[0m20:56:23.635296 [debug] [Thread-4 (]: Began running node test.fraud_intelligence.source_unique_fraud_intelligence_bronze_BRZ_RAW_RULE_DEFINITIONS_RULE_CODE.19d5d754ab
[0m20:56:23.636255 [info ] [Thread-4 (]: 32 of 37 START test source_unique_fraud_intelligence_bronze_BRZ_RAW_RULE_DEFINITIONS_RULE_CODE  [RUN]
[0m20:56:23.637216 [debug] [Thread-4 (]: Re-using an available connection from the pool (formerly test.fraud_intelligence.source_not_null_fraud_intelligence_bronze_BRZ_RAW_VELOCITY_EVENTS_CUSTOMER_ID.e384a501cf, now test.fraud_intelligence.source_unique_fraud_intelligence_bronze_BRZ_RAW_RULE_DEFINITIONS_RULE_CODE.19d5d754ab)
[0m20:56:23.637982 [debug] [Thread-4 (]: Began compiling node test.fraud_intelligence.source_unique_fraud_intelligence_bronze_BRZ_RAW_RULE_DEFINITIONS_RULE_CODE.19d5d754ab
[0m20:56:23.643202 [debug] [Thread-4 (]: Writing injected SQL for node "test.fraud_intelligence.source_unique_fraud_intelligence_bronze_BRZ_RAW_RULE_DEFINITIONS_RULE_CODE.19d5d754ab"
[0m20:56:23.651981 [debug] [Thread-4 (]: Began executing node test.fraud_intelligence.source_unique_fraud_intelligence_bronze_BRZ_RAW_RULE_DEFINITIONS_RULE_CODE.19d5d754ab
[0m20:56:23.657523 [debug] [Thread-4 (]: Writing runtime sql for node "test.fraud_intelligence.source_unique_fraud_intelligence_bronze_BRZ_RAW_RULE_DEFINITIONS_RULE_CODE.19d5d754ab"
[0m20:56:23.660736 [debug] [Thread-4 (]: Using snowflake connection "test.fraud_intelligence.source_unique_fraud_intelligence_bronze_BRZ_RAW_RULE_DEFINITIONS_RULE_CODE.19d5d754ab"
[0m20:56:23.661811 [debug] [Thread-4 (]: On test.fraud_intelligence.source_unique_fraud_intelligence_bronze_BRZ_RAW_RULE_DEFINITIONS_RULE_CODE.19d5d754ab: /* {"app": "dbt", "dbt_version": "1.9.4", "profile_name": "fraud_intelligence", "target_name": "dev", "node_id": "test.fraud_intelligence.source_unique_fraud_intelligence_bronze_BRZ_RAW_RULE_DEFINITIONS_RULE_CODE.19d5d754ab"} */
select
      count(*) as failures,
      count(*) != 0 as should_warn,
      count(*) != 0 as should_error
    from (
      
    
    

select
    RULE_CODE as unique_field,
    count(*) as n_records

from DEMO_DEV.FRAUD_INTELLIGENCE.BRZ_RAW_RULE_DEFINITIONS
where RULE_CODE is not null
group by RULE_CODE
having count(*) > 1



      
    ) dbt_internal_test
[0m20:56:23.662555 [debug] [Thread-4 (]: Opening a new connection, currently in state init
[0m20:56:23.992548 [debug] [Thread-2 (]: SQL status: SUCCESS 1 in 0.421 seconds
[0m20:56:23.995160 [info ] [Thread-2 (]: 29 of 37 PASS source_unique_fraud_intelligence_bronze_BRZ_RAW_ALERTS_ALERT_ID .. [[32mPASS[0m in 0.44s]
[0m20:56:23.996241 [debug] [Thread-2 (]: Finished running node test.fraud_intelligence.source_unique_fraud_intelligence_bronze_BRZ_RAW_ALERTS_ALERT_ID.0c13adb32c
[0m20:56:23.997130 [debug] [Thread-2 (]: Began running node test.fraud_intelligence.unique_gld_alert_enriched_ALERT_ID.deb57c160c
[0m20:56:23.998096 [info ] [Thread-2 (]: 33 of 37 START test unique_gld_alert_enriched_ALERT_ID ......................... [RUN]
[0m20:56:23.998985 [debug] [Thread-2 (]: Re-using an available connection from the pool (formerly test.fraud_intelligence.source_unique_fraud_intelligence_bronze_BRZ_RAW_ALERTS_ALERT_ID.0c13adb32c, now test.fraud_intelligence.unique_gld_alert_enriched_ALERT_ID.deb57c160c)
[0m20:56:23.999687 [debug] [Thread-2 (]: Began compiling node test.fraud_intelligence.unique_gld_alert_enriched_ALERT_ID.deb57c160c
[0m20:56:24.004985 [debug] [Thread-2 (]: Writing injected SQL for node "test.fraud_intelligence.unique_gld_alert_enriched_ALERT_ID.deb57c160c"
[0m20:56:24.006059 [debug] [Thread-2 (]: Began executing node test.fraud_intelligence.unique_gld_alert_enriched_ALERT_ID.deb57c160c
[0m20:56:24.009514 [debug] [Thread-2 (]: Writing runtime sql for node "test.fraud_intelligence.unique_gld_alert_enriched_ALERT_ID.deb57c160c"
[0m20:56:24.010924 [debug] [Thread-2 (]: Using snowflake connection "test.fraud_intelligence.unique_gld_alert_enriched_ALERT_ID.deb57c160c"
[0m20:56:24.011633 [debug] [Thread-2 (]: On test.fraud_intelligence.unique_gld_alert_enriched_ALERT_ID.deb57c160c: /* {"app": "dbt", "dbt_version": "1.9.4", "profile_name": "fraud_intelligence", "target_name": "dev", "node_id": "test.fraud_intelligence.unique_gld_alert_enriched_ALERT_ID.deb57c160c"} */
select
      count(*) as failures,
      count(*) != 0 as should_warn,
      count(*) != 0 as should_error
    from (
      
    
    

select
    ALERT_ID as unique_field,
    count(*) as n_records

from DEMO_DEV.FRAUD_INTELLIGENCE.GLD_ALERT_ENRICHED
where ALERT_ID is not null
group by ALERT_ID
having count(*) > 1



      
    ) dbt_internal_test
[0m20:56:24.012282 [debug] [Thread-2 (]: Opening a new connection, currently in state init
[0m20:56:24.029822 [debug] [Thread-3 (]: SQL status: SUCCESS 1 in 0.408 seconds
[0m20:56:24.032064 [info ] [Thread-3 (]: 31 of 37 PASS source_unique_fraud_intelligence_bronze_BRZ_RAW_INVESTIGATION_DOCS_DOC_ID  [[32mPASS[0m in 0.44s]
[0m20:56:24.033036 [debug] [Thread-3 (]: Finished running node test.fraud_intelligence.source_unique_fraud_intelligence_bronze_BRZ_RAW_INVESTIGATION_DOCS_DOC_ID.7e88e101b1
[0m20:56:24.033902 [debug] [Thread-3 (]: Began running node test.fraud_intelligence.unique_gld_customer_profile_CUSTOMER_ID.3a8574bc97
[0m20:56:24.034993 [info ] [Thread-3 (]: 34 of 37 START test unique_gld_customer_profile_CUSTOMER_ID .................... [RUN]
[0m20:56:24.035971 [debug] [Thread-3 (]: Re-using an available connection from the pool (formerly test.fraud_intelligence.source_unique_fraud_intelligence_bronze_BRZ_RAW_INVESTIGATION_DOCS_DOC_ID.7e88e101b1, now test.fraud_intelligence.unique_gld_customer_profile_CUSTOMER_ID.3a8574bc97)
[0m20:56:24.036686 [debug] [Thread-3 (]: Began compiling node test.fraud_intelligence.unique_gld_customer_profile_CUSTOMER_ID.3a8574bc97
[0m20:56:24.041673 [debug] [Thread-3 (]: Writing injected SQL for node "test.fraud_intelligence.unique_gld_customer_profile_CUSTOMER_ID.3a8574bc97"
[0m20:56:24.042570 [debug] [Thread-5 (]: SQL status: SUCCESS 1 in 0.422 seconds
[0m20:56:24.046575 [info ] [Thread-5 (]: 30 of 37 PASS source_unique_fraud_intelligence_bronze_BRZ_RAW_CUSTOMERS_CUSTOMER_ID  [[32mPASS[0m in 0.46s]
[0m20:56:24.047924 [debug] [Thread-3 (]: Began executing node test.fraud_intelligence.unique_gld_customer_profile_CUSTOMER_ID.3a8574bc97
[0m20:56:24.048771 [debug] [Thread-5 (]: Finished running node test.fraud_intelligence.source_unique_fraud_intelligence_bronze_BRZ_RAW_CUSTOMERS_CUSTOMER_ID.e2034a241d
[0m20:56:24.053811 [debug] [Thread-3 (]: Writing runtime sql for node "test.fraud_intelligence.unique_gld_customer_profile_CUSTOMER_ID.3a8574bc97"
[0m20:56:24.054865 [debug] [Thread-4 (]: SQL status: SUCCESS 1 in 0.392 seconds
[0m20:56:24.055892 [debug] [Thread-5 (]: Began running node test.fraud_intelligence.unique_gld_velocity_counters_CUSTOMER_ID.c7cc1a1677
[0m20:56:24.058865 [error] [Thread-4 (]: 32 of 37 FAIL 10 source_unique_fraud_intelligence_bronze_BRZ_RAW_RULE_DEFINITIONS_RULE_CODE  [[31mFAIL 10[0m in 0.42s]
[0m20:56:24.060221 [debug] [Thread-3 (]: Using snowflake connection "test.fraud_intelligence.unique_gld_customer_profile_CUSTOMER_ID.3a8574bc97"
[0m20:56:24.060988 [info ] [Thread-5 (]: 35 of 37 START test unique_gld_velocity_counters_CUSTOMER_ID ................... [RUN]
[0m20:56:24.062190 [debug] [Thread-4 (]: Finished running node test.fraud_intelligence.source_unique_fraud_intelligence_bronze_BRZ_RAW_RULE_DEFINITIONS_RULE_CODE.19d5d754ab
[0m20:56:24.063085 [debug] [Thread-3 (]: On test.fraud_intelligence.unique_gld_customer_profile_CUSTOMER_ID.3a8574bc97: /* {"app": "dbt", "dbt_version": "1.9.4", "profile_name": "fraud_intelligence", "target_name": "dev", "node_id": "test.fraud_intelligence.unique_gld_customer_profile_CUSTOMER_ID.3a8574bc97"} */
select
      count(*) as failures,
      count(*) != 0 as should_warn,
      count(*) != 0 as should_error
    from (
      
    
    

select
    CUSTOMER_ID as unique_field,
    count(*) as n_records

from DEMO_DEV.FRAUD_INTELLIGENCE.GLD_CUSTOMER_PROFILE
where CUSTOMER_ID is not null
group by CUSTOMER_ID
having count(*) > 1



      
    ) dbt_internal_test
[0m20:56:24.064086 [debug] [Thread-5 (]: Re-using an available connection from the pool (formerly test.fraud_intelligence.source_unique_fraud_intelligence_bronze_BRZ_RAW_CUSTOMERS_CUSTOMER_ID.e2034a241d, now test.fraud_intelligence.unique_gld_velocity_counters_CUSTOMER_ID.c7cc1a1677)
[0m20:56:24.065137 [debug] [Thread-4 (]: Began running node test.fraud_intelligence.unique_int_investigation_knowledge_base_DOC_ID.44e10c0c20
[0m20:56:24.066139 [debug] [Thread-3 (]: Opening a new connection, currently in state init
[0m20:56:24.067026 [debug] [Thread-5 (]: Began compiling node test.fraud_intelligence.unique_gld_velocity_counters_CUSTOMER_ID.c7cc1a1677
[0m20:56:24.067898 [info ] [Thread-4 (]: 36 of 37 START test unique_int_investigation_knowledge_base_DOC_ID ............. [RUN]
[0m20:56:24.073310 [debug] [Thread-5 (]: Writing injected SQL for node "test.fraud_intelligence.unique_gld_velocity_counters_CUSTOMER_ID.c7cc1a1677"
[0m20:56:24.074414 [debug] [Thread-4 (]: Re-using an available connection from the pool (formerly test.fraud_intelligence.source_unique_fraud_intelligence_bronze_BRZ_RAW_RULE_DEFINITIONS_RULE_CODE.19d5d754ab, now test.fraud_intelligence.unique_int_investigation_knowledge_base_DOC_ID.44e10c0c20)
[0m20:56:24.075809 [debug] [Thread-4 (]: Began compiling node test.fraud_intelligence.unique_int_investigation_knowledge_base_DOC_ID.44e10c0c20
[0m20:56:24.076696 [debug] [Thread-5 (]: Began executing node test.fraud_intelligence.unique_gld_velocity_counters_CUSTOMER_ID.c7cc1a1677
[0m20:56:24.081715 [debug] [Thread-4 (]: Writing injected SQL for node "test.fraud_intelligence.unique_int_investigation_knowledge_base_DOC_ID.44e10c0c20"
[0m20:56:24.091803 [debug] [Thread-5 (]: Writing runtime sql for node "test.fraud_intelligence.unique_gld_velocity_counters_CUSTOMER_ID.c7cc1a1677"
[0m20:56:24.094743 [debug] [Thread-4 (]: Began executing node test.fraud_intelligence.unique_int_investigation_knowledge_base_DOC_ID.44e10c0c20
[0m20:56:24.098379 [debug] [Thread-4 (]: Writing runtime sql for node "test.fraud_intelligence.unique_int_investigation_knowledge_base_DOC_ID.44e10c0c20"
[0m20:56:24.099501 [debug] [Thread-5 (]: Using snowflake connection "test.fraud_intelligence.unique_gld_velocity_counters_CUSTOMER_ID.c7cc1a1677"
[0m20:56:24.100882 [debug] [Thread-5 (]: On test.fraud_intelligence.unique_gld_velocity_counters_CUSTOMER_ID.c7cc1a1677: /* {"app": "dbt", "dbt_version": "1.9.4", "profile_name": "fraud_intelligence", "target_name": "dev", "node_id": "test.fraud_intelligence.unique_gld_velocity_counters_CUSTOMER_ID.c7cc1a1677"} */
select
      count(*) as failures,
      count(*) != 0 as should_warn,
      count(*) != 0 as should_error
    from (
      
    
    

select
    CUSTOMER_ID as unique_field,
    count(*) as n_records

from DEMO_DEV.FRAUD_INTELLIGENCE.GLD_VELOCITY_COUNTERS
where CUSTOMER_ID is not null
group by CUSTOMER_ID
having count(*) > 1



      
    ) dbt_internal_test
[0m20:56:24.102046 [debug] [Thread-4 (]: Using snowflake connection "test.fraud_intelligence.unique_int_investigation_knowledge_base_DOC_ID.44e10c0c20"
[0m20:56:24.102928 [debug] [Thread-5 (]: Opening a new connection, currently in state init
[0m20:56:24.103795 [debug] [Thread-4 (]: On test.fraud_intelligence.unique_int_investigation_knowledge_base_DOC_ID.44e10c0c20: /* {"app": "dbt", "dbt_version": "1.9.4", "profile_name": "fraud_intelligence", "target_name": "dev", "node_id": "test.fraud_intelligence.unique_int_investigation_knowledge_base_DOC_ID.44e10c0c20"} */
select
      count(*) as failures,
      count(*) != 0 as should_warn,
      count(*) != 0 as should_error
    from (
      
    
    

select
    DOC_ID as unique_field,
    count(*) as n_records

from DEMO_DEV.FRAUD_INTELLIGENCE.SLV_INVESTIGATION_KNOWLEDGE_BASE
where DOC_ID is not null
group by DOC_ID
having count(*) > 1



      
    ) dbt_internal_test
[0m20:56:24.105064 [debug] [Thread-4 (]: Opening a new connection, currently in state init
[0m20:56:24.419858 [debug] [Thread-2 (]: SQL status: SUCCESS 1 in 0.407 seconds
[0m20:56:24.422298 [info ] [Thread-2 (]: 33 of 37 PASS unique_gld_alert_enriched_ALERT_ID ............................... [[32mPASS[0m in 0.42s]
[0m20:56:24.423306 [debug] [Thread-2 (]: Finished running node test.fraud_intelligence.unique_gld_alert_enriched_ALERT_ID.deb57c160c
[0m20:56:24.424220 [debug] [Thread-2 (]: Began running node test.fraud_intelligence.unique_int_rule_code_knowledge_map_RULE_CODE.52cf2dcc2f
[0m20:56:24.425229 [info ] [Thread-2 (]: 37 of 37 START test unique_int_rule_code_knowledge_map_RULE_CODE ............... [RUN]
[0m20:56:24.426887 [debug] [Thread-2 (]: Re-using an available connection from the pool (formerly test.fraud_intelligence.unique_gld_alert_enriched_ALERT_ID.deb57c160c, now test.fraud_intelligence.unique_int_rule_code_knowledge_map_RULE_CODE.52cf2dcc2f)
[0m20:56:24.427761 [debug] [Thread-2 (]: Began compiling node test.fraud_intelligence.unique_int_rule_code_knowledge_map_RULE_CODE.52cf2dcc2f
[0m20:56:24.434093 [debug] [Thread-2 (]: Writing injected SQL for node "test.fraud_intelligence.unique_int_rule_code_knowledge_map_RULE_CODE.52cf2dcc2f"
[0m20:56:24.435287 [debug] [Thread-2 (]: Began executing node test.fraud_intelligence.unique_int_rule_code_knowledge_map_RULE_CODE.52cf2dcc2f
[0m20:56:24.438699 [debug] [Thread-2 (]: Writing runtime sql for node "test.fraud_intelligence.unique_int_rule_code_knowledge_map_RULE_CODE.52cf2dcc2f"
[0m20:56:24.440140 [debug] [Thread-2 (]: Using snowflake connection "test.fraud_intelligence.unique_int_rule_code_knowledge_map_RULE_CODE.52cf2dcc2f"
[0m20:56:24.441030 [debug] [Thread-2 (]: On test.fraud_intelligence.unique_int_rule_code_knowledge_map_RULE_CODE.52cf2dcc2f: /* {"app": "dbt", "dbt_version": "1.9.4", "profile_name": "fraud_intelligence", "target_name": "dev", "node_id": "test.fraud_intelligence.unique_int_rule_code_knowledge_map_RULE_CODE.52cf2dcc2f"} */
select
      count(*) as failures,
      count(*) != 0 as should_warn,
      count(*) != 0 as should_error
    from (
      
    
    

select
    RULE_CODE as unique_field,
    count(*) as n_records

from DEMO_DEV.FRAUD_INTELLIGENCE.SLV_RULE_CODE_KNOWLEDGE_MAP
where RULE_CODE is not null
group by RULE_CODE
having count(*) > 1



      
    ) dbt_internal_test
[0m20:56:24.441755 [debug] [Thread-2 (]: Opening a new connection, currently in state init
[0m20:56:24.490987 [debug] [Thread-3 (]: SQL status: SUCCESS 1 in 0.425 seconds
[0m20:56:24.493476 [info ] [Thread-3 (]: 34 of 37 PASS unique_gld_customer_profile_CUSTOMER_ID .......................... [[32mPASS[0m in 0.46s]
[0m20:56:24.494585 [debug] [Thread-3 (]: Finished running node test.fraud_intelligence.unique_gld_customer_profile_CUSTOMER_ID.3a8574bc97
[0m20:56:24.495464 [debug] [Thread-5 (]: SQL status: SUCCESS 1 in 0.392 seconds
[0m20:56:24.497919 [info ] [Thread-5 (]: 35 of 37 PASS unique_gld_velocity_counters_CUSTOMER_ID ......................... [[32mPASS[0m in 0.43s]
[0m20:56:24.498765 [debug] [Thread-5 (]: Finished running node test.fraud_intelligence.unique_gld_velocity_counters_CUSTOMER_ID.c7cc1a1677
[0m20:56:24.500918 [debug] [Thread-4 (]: SQL status: SUCCESS 1 in 0.396 seconds
[0m20:56:24.502936 [info ] [Thread-4 (]: 36 of 37 PASS unique_int_investigation_knowledge_base_DOC_ID ................... [[32mPASS[0m in 0.43s]
[0m20:56:24.503907 [debug] [Thread-4 (]: Finished running node test.fraud_intelligence.unique_int_investigation_knowledge_base_DOC_ID.44e10c0c20
[0m20:56:24.835319 [debug] [Thread-2 (]: SQL status: SUCCESS 1 in 0.393 seconds
[0m20:56:24.837900 [error] [Thread-2 (]: 37 of 37 FAIL 10 unique_int_rule_code_knowledge_map_RULE_CODE .................. [[31mFAIL 10[0m in 0.41s]
[0m20:56:24.838808 [debug] [Thread-2 (]: Finished running node test.fraud_intelligence.unique_int_rule_code_knowledge_map_RULE_CODE.52cf2dcc2f
[0m20:56:24.842942 [debug] [Dummy-1   ]: Connection 'master' was properly closed.
[0m20:56:24.843909 [debug] [Dummy-1   ]: Connection 'test.fraud_intelligence.unique_int_rule_code_knowledge_map_RULE_CODE.52cf2dcc2f' was properly closed.
[0m20:56:24.844622 [debug] [Dummy-1   ]: Connection 'test.fraud_intelligence.unique_gld_customer_profile_CUSTOMER_ID.3a8574bc97' was properly closed.
[0m20:56:24.845234 [debug] [Dummy-1   ]: Connection 'test.fraud_intelligence.unique_int_investigation_knowledge_base_DOC_ID.44e10c0c20' was properly closed.
[0m20:56:24.845820 [debug] [Dummy-1   ]: Connection 'test.fraud_intelligence.unique_gld_velocity_counters_CUSTOMER_ID.c7cc1a1677' was properly closed.
[0m20:56:24.846538 [info ] [Dummy-1   ]: 
[0m20:56:24.847281 [info ] [Dummy-1   ]: Finished running 37 data tests in 0 hours 0 minutes and 5.52 seconds (5.52s).
[0m20:56:24.851480 [debug] [Dummy-1   ]: Command end result
[0m20:56:24.881885 [debug] [Dummy-1   ]: Wrote artifact WritableManifest to /tmp/dbt/target/manifest.json
[0m20:56:24.884339 [debug] [Dummy-1   ]: Wrote artifact SemanticManifest to /tmp/dbt/target/semantic_manifest.json
[0m20:56:24.892368 [debug] [Dummy-1   ]: Wrote artifact RunExecutionResult to /tmp/dbt/target/run_results.json
[0m20:56:24.893122 [info ] [Dummy-1   ]: 
[0m20:56:24.894059 [info ] [Dummy-1   ]: [31mCompleted with 2 errors, 0 partial successes, and 0 warnings:[0m
[0m20:56:24.894933 [info ] [Dummy-1   ]: 
[0m20:56:24.895901 [error] [Dummy-1   ]: [31mFailure in test source_unique_fraud_intelligence_bronze_BRZ_RAW_RULE_DEFINITIONS_RULE_CODE (models/staging/_stg_sources.yml)[0m
[0m20:56:24.896771 [error] [Dummy-1   ]:   Got 10 results, configured to fail if != 0
[0m20:56:24.897437 [info ] [Dummy-1   ]: 
[0m20:56:24.898208 [info ] [Dummy-1   ]:   compiled code at /tmp/dbt/target/compiled/fraud_intelligence/models/staging/_stg_sources.yml/source_unique_fraud_intelligen_a004cada0f1e62da5a62a2bbc767b413.sql
[0m20:56:24.898918 [info ] [Dummy-1   ]: 
[0m20:56:24.899774 [error] [Dummy-1   ]: [31mFailure in test unique_int_rule_code_knowledge_map_RULE_CODE (models/intermediate/_int_models.yml)[0m
[0m20:56:24.900614 [error] [Dummy-1   ]:   Got 10 results, configured to fail if != 0
[0m20:56:24.901293 [info ] [Dummy-1   ]: 
[0m20:56:24.902047 [info ] [Dummy-1   ]:   compiled code at /tmp/dbt/target/compiled/fraud_intelligence/models/intermediate/_int_models.yml/unique_int_rule_code_knowledge_map_RULE_CODE.sql
[0m20:56:24.902808 [info ] [Dummy-1   ]: 
[0m20:56:24.903544 [info ] [Dummy-1   ]: Done. PASS=35 WARN=0 ERROR=2 SKIP=0 TOTAL=37
[0m20:56:24.906117 [debug] [Dummy-1   ]: Resource report: {"command_name": "test", "command_success": false, "command_wall_clock_time": 7.23625, "process_in_blocks": "0", "process_kernel_time": 0.79, "process_mem_max_rss": "469172", "process_out_blocks": "0", "process_user_time": 7.21}
[0m20:56:24.906951 [debug] [Dummy-1   ]: Command `cli test` failed at 20:56:24.906653 after 7.24 seconds
[0m20:56:24.907680 [debug] [Dummy-1   ]: Flushing usage events


============================== 20:56:43.010251 | 3557c303-9a81-44b9-bc97-23752e37e835 ==============================
[0m20:56:43.010251 [info ] [Dummy-1   ]: Running with dbt=1.9.4
[0m20:56:43.011310 [debug] [Dummy-1   ]: running dbt with arguments {'printer_width': '80', 'indirect_selection': 'eager', 'write_json': 'True', 'log_cache_events': 'False', 'partial_parse': 'True', 'cache_selected_only': 'False', 'profiles_dir': '/tmp/dbt/', 'debug': 'False', 'warn_error': 'None', 'log_path': '/tmp/dbt/logs', 'version_check': 'True', 'fail_fast': 'False', 'use_colors': 'True', 'use_experimental_parser': 'False', 'no_print': 'None', 'quiet': 'False', 'empty': 'None', 'warn_error_options': 'WarnErrorOptions(include=[], exclude=[])', 'static_parser': 'True', 'introspect': 'True', 'invocation_command': 'dbt ', 'target_path': '/tmp/dbt/target/', 'log_format': 'default', 'send_anonymous_usage_stats': 'False'}
[0m20:56:43.262392 [info ] [Dummy-1   ]: Registered adapter: snowflake=1.9.2
[0m20:56:44.072112 [debug] [Dummy-1   ]: checksum: 53ed91fada2233efb98368d1716b44ab532c83a9c293cf1890b7905d5b45fb25, vars: {}, profile: , target: dev, version: 1.9.4
[0m20:56:44.345819 [debug] [Dummy-1   ]: Partial parsing enabled: 0 files deleted, 0 files added, 2 files changed.
[0m20:56:44.347844 [debug] [Dummy-1   ]: Partial parsing: updated file: fraud_intelligence://models/staging/_stg_sources.yml
[0m20:56:44.348670 [debug] [Dummy-1   ]: Partial parsing: updated file: fraud_intelligence://models/intermediate/_int_models.yml
[0m20:56:45.210089 [debug] [Dummy-1   ]: Wrote artifact WritableManifest to /tmp/dbt/target/manifest.json
[0m20:56:45.212601 [debug] [Dummy-1   ]: Wrote artifact SemanticManifest to /tmp/dbt/target/semantic_manifest.json
[0m20:56:45.336650 [info ] [Dummy-1   ]: Found 16 models, 30 data tests, 6 sources, 474 macros
[0m20:56:45.340198 [info ] [Dummy-1   ]: 
[0m20:56:45.340961 [info ] [Dummy-1   ]: Concurrency: 4 threads (target='dev')
[0m20:56:45.341627 [info ] [Dummy-1   ]: 
[0m20:56:45.342617 [debug] [Dummy-1   ]: Acquiring new snowflake connection 'master'
[0m20:56:45.348446 [debug] [ThreadPool]: Acquiring new snowflake connection 'list_DEMO_DEV_FRAUD_INTELLIGENCE'
[0m20:56:45.490937 [debug] [ThreadPool]: Using snowflake connection "list_DEMO_DEV_FRAUD_INTELLIGENCE"
[0m20:56:45.491668 [debug] [ThreadPool]: On list_DEMO_DEV_FRAUD_INTELLIGENCE: /* {"app": "dbt", "dbt_version": "1.9.4", "profile_name": "fraud_intelligence", "target_name": "dev", "connection_name": "list_DEMO_DEV_FRAUD_INTELLIGENCE"} */
alter session set quoted_identifiers_ignore_case = false;
[0m20:56:45.492283 [debug] [ThreadPool]: Opening a new connection, currently in state init
[0m20:56:45.934739 [debug] [ThreadPool]: SQL status: SUCCESS 1 in 0.442 seconds
[0m20:56:45.938774 [debug] [ThreadPool]: Using snowflake connection "list_DEMO_DEV_FRAUD_INTELLIGENCE"
[0m20:56:45.939479 [debug] [ThreadPool]: On list_DEMO_DEV_FRAUD_INTELLIGENCE: /* {"app": "dbt", "dbt_version": "1.9.4", "profile_name": "fraud_intelligence", "target_name": "dev", "connection_name": "list_DEMO_DEV_FRAUD_INTELLIGENCE"} */
show objects in DEMO_DEV.FRAUD_INTELLIGENCE
    limit 10000
    
;
[0m20:56:46.047887 [debug] [ThreadPool]: SQL status: SUCCESS 23 in 0.108 seconds
[0m20:56:46.050531 [debug] [ThreadPool]: Using snowflake connection "list_DEMO_DEV_FRAUD_INTELLIGENCE"
[0m20:56:46.051306 [debug] [ThreadPool]: On list_DEMO_DEV_FRAUD_INTELLIGENCE: /* {"app": "dbt", "dbt_version": "1.9.4", "profile_name": "fraud_intelligence", "target_name": "dev", "connection_name": "list_DEMO_DEV_FRAUD_INTELLIGENCE"} */
alter session unset quoted_identifiers_ignore_case;
[0m20:56:46.112998 [debug] [ThreadPool]: SQL status: SUCCESS 1 in 0.061 seconds
[0m20:56:46.134531 [debug] [Thread-2 (]: Began running node test.fraud_intelligence.accepted_values_gld_customer_profile_RISK_SEGMENT__HIGH__MEDIUM__LOW__CRITICAL.befd8c236e
[0m20:56:46.135301 [debug] [Thread-3 (]: Began running node test.fraud_intelligence.assert_no_duplicate_alert_id
[0m20:56:46.136139 [debug] [Thread-4 (]: Began running node test.fraud_intelligence.assert_no_null_customer_id
[0m20:56:46.136867 [debug] [Thread-5 (]: Began running node test.fraud_intelligence.assert_positive_transaction_amount
[0m20:56:46.137657 [info ] [Thread-2 (]: 1 of 30 START test accepted_values_gld_customer_profile_RISK_SEGMENT__HIGH__MEDIUM__LOW__CRITICAL  [RUN]
[0m20:56:46.138533 [info ] [Thread-3 (]: 2 of 30 START test assert_no_duplicate_alert_id ................................ [RUN]
[0m20:56:46.139432 [info ] [Thread-4 (]: 3 of 30 START test assert_no_null_customer_id .................................. [RUN]
[0m20:56:46.140348 [info ] [Thread-5 (]: 4 of 30 START test assert_positive_transaction_amount .......................... [RUN]
[0m20:56:46.141322 [debug] [Thread-2 (]: Re-using an available connection from the pool (formerly list_DEMO_DEV_FRAUD_INTELLIGENCE, now test.fraud_intelligence.accepted_values_gld_customer_profile_RISK_SEGMENT__HIGH__MEDIUM__LOW__CRITICAL.befd8c236e)
[0m20:56:46.142337 [debug] [Thread-3 (]: Acquiring new snowflake connection 'test.fraud_intelligence.assert_no_duplicate_alert_id'
[0m20:56:46.143312 [debug] [Thread-4 (]: Acquiring new snowflake connection 'test.fraud_intelligence.assert_no_null_customer_id'
[0m20:56:46.144268 [debug] [Thread-5 (]: Acquiring new snowflake connection 'test.fraud_intelligence.assert_positive_transaction_amount'
[0m20:56:46.145033 [debug] [Thread-2 (]: Began compiling node test.fraud_intelligence.accepted_values_gld_customer_profile_RISK_SEGMENT__HIGH__MEDIUM__LOW__CRITICAL.befd8c236e
[0m20:56:46.145809 [debug] [Thread-3 (]: Began compiling node test.fraud_intelligence.assert_no_duplicate_alert_id
[0m20:56:46.146545 [debug] [Thread-4 (]: Began compiling node test.fraud_intelligence.assert_no_null_customer_id
[0m20:56:46.147366 [debug] [Thread-5 (]: Began compiling node test.fraud_intelligence.assert_positive_transaction_amount
[0m20:56:46.157059 [debug] [Thread-2 (]: Writing injected SQL for node "test.fraud_intelligence.accepted_values_gld_customer_profile_RISK_SEGMENT__HIGH__MEDIUM__LOW__CRITICAL.befd8c236e"
[0m20:56:46.160901 [debug] [Thread-3 (]: Writing injected SQL for node "test.fraud_intelligence.assert_no_duplicate_alert_id"
[0m20:56:46.164757 [debug] [Thread-4 (]: Writing injected SQL for node "test.fraud_intelligence.assert_no_null_customer_id"
[0m20:56:46.168431 [debug] [Thread-5 (]: Writing injected SQL for node "test.fraud_intelligence.assert_positive_transaction_amount"
[0m20:56:46.170031 [debug] [Thread-2 (]: Began executing node test.fraud_intelligence.accepted_values_gld_customer_profile_RISK_SEGMENT__HIGH__MEDIUM__LOW__CRITICAL.befd8c236e
[0m20:56:46.171568 [debug] [Thread-3 (]: Began executing node test.fraud_intelligence.assert_no_duplicate_alert_id
[0m20:56:46.173067 [debug] [Thread-4 (]: Began executing node test.fraud_intelligence.assert_no_null_customer_id
[0m20:56:46.194512 [debug] [Thread-2 (]: Writing runtime sql for node "test.fraud_intelligence.accepted_values_gld_customer_profile_RISK_SEGMENT__HIGH__MEDIUM__LOW__CRITICAL.befd8c236e"
[0m20:56:46.195205 [debug] [Thread-5 (]: Began executing node test.fraud_intelligence.assert_positive_transaction_amount
[0m20:56:46.198663 [debug] [Thread-3 (]: Writing runtime sql for node "test.fraud_intelligence.assert_no_duplicate_alert_id"
[0m20:56:46.201963 [debug] [Thread-4 (]: Writing runtime sql for node "test.fraud_intelligence.assert_no_null_customer_id"
[0m20:56:46.205776 [debug] [Thread-5 (]: Writing runtime sql for node "test.fraud_intelligence.assert_positive_transaction_amount"
[0m20:56:46.207094 [debug] [Thread-2 (]: Using snowflake connection "test.fraud_intelligence.accepted_values_gld_customer_profile_RISK_SEGMENT__HIGH__MEDIUM__LOW__CRITICAL.befd8c236e"
[0m20:56:46.209369 [debug] [Thread-3 (]: Using snowflake connection "test.fraud_intelligence.assert_no_duplicate_alert_id"
[0m20:56:46.211257 [debug] [Thread-4 (]: Using snowflake connection "test.fraud_intelligence.assert_no_null_customer_id"
[0m20:56:46.212204 [debug] [Thread-2 (]: On test.fraud_intelligence.accepted_values_gld_customer_profile_RISK_SEGMENT__HIGH__MEDIUM__LOW__CRITICAL.befd8c236e: /* {"app": "dbt", "dbt_version": "1.9.4", "profile_name": "fraud_intelligence", "target_name": "dev", "node_id": "test.fraud_intelligence.accepted_values_gld_customer_profile_RISK_SEGMENT__HIGH__MEDIUM__LOW__CRITICAL.befd8c236e"} */
select
      count(*) as failures,
      count(*) != 0 as should_warn,
      count(*) != 0 as should_error
    from (
      
    
    

with all_values as (

    select
        RISK_SEGMENT as value_field,
        count(*) as n_records

    from DEMO_DEV.FRAUD_INTELLIGENCE.GLD_CUSTOMER_PROFILE
    group by RISK_SEGMENT

)

select *
from all_values
where value_field not in (
    'HIGH','MEDIUM','LOW','CRITICAL'
)



      
    ) dbt_internal_test
[0m20:56:46.213327 [debug] [Thread-5 (]: Using snowflake connection "test.fraud_intelligence.assert_positive_transaction_amount"
[0m20:56:46.214119 [debug] [Thread-3 (]: On test.fraud_intelligence.assert_no_duplicate_alert_id: /* {"app": "dbt", "dbt_version": "1.9.4", "profile_name": "fraud_intelligence", "target_name": "dev", "node_id": "test.fraud_intelligence.assert_no_duplicate_alert_id"} */
select
      count(*) as failures,
      count(*) != 0 as should_warn,
      count(*) != 0 as should_error
    from (
      SELECT ALERT_ID, COUNT(*) AS CNT
FROM DEMO_DEV.FRAUD_INTELLIGENCE.GLD_ALERT_ENRICHED
GROUP BY ALERT_ID
HAVING COUNT(*) > 1
      
    ) dbt_internal_test
[0m20:56:46.214998 [debug] [Thread-4 (]: On test.fraud_intelligence.assert_no_null_customer_id: /* {"app": "dbt", "dbt_version": "1.9.4", "profile_name": "fraud_intelligence", "target_name": "dev", "node_id": "test.fraud_intelligence.assert_no_null_customer_id"} */
select
      count(*) as failures,
      count(*) != 0 as should_warn,
      count(*) != 0 as should_error
    from (
      SELECT CUSTOMER_ID
FROM DEMO_DEV.FRAUD_INTELLIGENCE.GLD_ALERT_ENRICHED
WHERE CUSTOMER_ID IS NULL
      
    ) dbt_internal_test
[0m20:56:46.215809 [debug] [Thread-2 (]: Opening a new connection, currently in state init
[0m20:56:46.216632 [debug] [Thread-5 (]: On test.fraud_intelligence.assert_positive_transaction_amount: /* {"app": "dbt", "dbt_version": "1.9.4", "profile_name": "fraud_intelligence", "target_name": "dev", "node_id": "test.fraud_intelligence.assert_positive_transaction_amount"} */
select
      count(*) as failures,
      count(*) != 0 as should_warn,
      count(*) != 0 as should_error
    from (
      SELECT TRANSACTION_ID, TRANSACTION_AMOUNT
FROM DEMO_DEV.FRAUD_INTELLIGENCE.SLV_FRAUD_FEATURES
WHERE TRANSACTION_AMOUNT <= 0
      
    ) dbt_internal_test
[0m20:56:46.217426 [debug] [Thread-3 (]: Opening a new connection, currently in state init
[0m20:56:46.218188 [debug] [Thread-4 (]: Opening a new connection, currently in state init
[0m20:56:46.219256 [debug] [Thread-5 (]: Opening a new connection, currently in state init
[0m20:56:46.654415 [debug] [Thread-5 (]: SQL status: SUCCESS 1 in 0.435 seconds
[0m20:56:46.655317 [debug] [Thread-4 (]: SQL status: SUCCESS 1 in 0.437 seconds
[0m20:56:46.656114 [debug] [Thread-2 (]: SQL status: SUCCESS 1 in 0.440 seconds
[0m20:56:46.656880 [debug] [Thread-3 (]: SQL status: SUCCESS 1 in 0.439 seconds
[0m20:56:46.665081 [info ] [Thread-5 (]: 4 of 30 PASS assert_positive_transaction_amount ................................ [[32mPASS[0m in 0.52s]
[0m20:56:46.667318 [info ] [Thread-4 (]: 3 of 30 PASS assert_no_null_customer_id ........................................ [[32mPASS[0m in 0.52s]
[0m20:56:46.669541 [info ] [Thread-2 (]: 1 of 30 PASS accepted_values_gld_customer_profile_RISK_SEGMENT__HIGH__MEDIUM__LOW__CRITICAL  [[32mPASS[0m in 0.53s]
[0m20:56:46.671761 [info ] [Thread-3 (]: 2 of 30 PASS assert_no_duplicate_alert_id ...................................... [[32mPASS[0m in 0.53s]
[0m20:56:46.672826 [debug] [Thread-5 (]: Finished running node test.fraud_intelligence.assert_positive_transaction_amount
[0m20:56:46.673779 [debug] [Thread-4 (]: Finished running node test.fraud_intelligence.assert_no_null_customer_id
[0m20:56:46.674738 [debug] [Thread-2 (]: Finished running node test.fraud_intelligence.accepted_values_gld_customer_profile_RISK_SEGMENT__HIGH__MEDIUM__LOW__CRITICAL.befd8c236e
[0m20:56:46.675640 [debug] [Thread-3 (]: Finished running node test.fraud_intelligence.assert_no_duplicate_alert_id
[0m20:56:46.676558 [debug] [Thread-5 (]: Began running node test.fraud_intelligence.not_null_gld_alert_enriched_ALERT_ID.f855930586
[0m20:56:46.677541 [debug] [Thread-4 (]: Began running node test.fraud_intelligence.not_null_gld_alert_enriched_ALERT_RISK_SCORE.b222de259c
[0m20:56:46.678580 [debug] [Thread-2 (]: Began running node test.fraud_intelligence.not_null_gld_alert_enriched_CUSTOMER_ID.40bb639039
[0m20:56:46.679536 [debug] [Thread-3 (]: Began running node test.fraud_intelligence.not_null_gld_alert_enrichment_with_scoring_ALERT_ID.ded410bb89
[0m20:56:46.680431 [info ] [Thread-5 (]: 5 of 30 START test not_null_gld_alert_enriched_ALERT_ID ........................ [RUN]
[0m20:56:46.681328 [info ] [Thread-4 (]: 6 of 30 START test not_null_gld_alert_enriched_ALERT_RISK_SCORE ................ [RUN]
[0m20:56:46.682221 [info ] [Thread-2 (]: 7 of 30 START test not_null_gld_alert_enriched_CUSTOMER_ID ..................... [RUN]
[0m20:56:46.683086 [info ] [Thread-3 (]: 8 of 30 START test not_null_gld_alert_enrichment_with_scoring_ALERT_ID ......... [RUN]
[0m20:56:46.684056 [debug] [Thread-5 (]: Re-using an available connection from the pool (formerly test.fraud_intelligence.assert_positive_transaction_amount, now test.fraud_intelligence.not_null_gld_alert_enriched_ALERT_ID.f855930586)
[0m20:56:46.684933 [debug] [Thread-4 (]: Re-using an available connection from the pool (formerly test.fraud_intelligence.assert_no_null_customer_id, now test.fraud_intelligence.not_null_gld_alert_enriched_ALERT_RISK_SCORE.b222de259c)
[0m20:56:46.685886 [debug] [Thread-2 (]: Re-using an available connection from the pool (formerly test.fraud_intelligence.accepted_values_gld_customer_profile_RISK_SEGMENT__HIGH__MEDIUM__LOW__CRITICAL.befd8c236e, now test.fraud_intelligence.not_null_gld_alert_enriched_CUSTOMER_ID.40bb639039)
[0m20:56:46.686725 [debug] [Thread-3 (]: Re-using an available connection from the pool (formerly test.fraud_intelligence.assert_no_duplicate_alert_id, now test.fraud_intelligence.not_null_gld_alert_enrichment_with_scoring_ALERT_ID.ded410bb89)
[0m20:56:46.687462 [debug] [Thread-5 (]: Began compiling node test.fraud_intelligence.not_null_gld_alert_enriched_ALERT_ID.f855930586
[0m20:56:46.688274 [debug] [Thread-4 (]: Began compiling node test.fraud_intelligence.not_null_gld_alert_enriched_ALERT_RISK_SCORE.b222de259c
[0m20:56:46.689008 [debug] [Thread-2 (]: Began compiling node test.fraud_intelligence.not_null_gld_alert_enriched_CUSTOMER_ID.40bb639039
[0m20:56:46.689747 [debug] [Thread-3 (]: Began compiling node test.fraud_intelligence.not_null_gld_alert_enrichment_with_scoring_ALERT_ID.ded410bb89
[0m20:56:46.699091 [debug] [Thread-5 (]: Writing injected SQL for node "test.fraud_intelligence.not_null_gld_alert_enriched_ALERT_ID.f855930586"
[0m20:56:46.703695 [debug] [Thread-4 (]: Writing injected SQL for node "test.fraud_intelligence.not_null_gld_alert_enriched_ALERT_RISK_SCORE.b222de259c"
[0m20:56:46.708395 [debug] [Thread-2 (]: Writing injected SQL for node "test.fraud_intelligence.not_null_gld_alert_enriched_CUSTOMER_ID.40bb639039"
[0m20:56:46.712960 [debug] [Thread-3 (]: Writing injected SQL for node "test.fraud_intelligence.not_null_gld_alert_enrichment_with_scoring_ALERT_ID.ded410bb89"
[0m20:56:46.714830 [debug] [Thread-5 (]: Began executing node test.fraud_intelligence.not_null_gld_alert_enriched_ALERT_ID.f855930586
[0m20:56:46.716310 [debug] [Thread-4 (]: Began executing node test.fraud_intelligence.not_null_gld_alert_enriched_ALERT_RISK_SCORE.b222de259c
[0m20:56:46.717641 [debug] [Thread-2 (]: Began executing node test.fraud_intelligence.not_null_gld_alert_enriched_CUSTOMER_ID.40bb639039
[0m20:56:46.721496 [debug] [Thread-5 (]: Writing runtime sql for node "test.fraud_intelligence.not_null_gld_alert_enriched_ALERT_ID.f855930586"
[0m20:56:46.722400 [debug] [Thread-3 (]: Began executing node test.fraud_intelligence.not_null_gld_alert_enrichment_with_scoring_ALERT_ID.ded410bb89
[0m20:56:46.727163 [debug] [Thread-4 (]: Writing runtime sql for node "test.fraud_intelligence.not_null_gld_alert_enriched_ALERT_RISK_SCORE.b222de259c"
[0m20:56:46.730532 [debug] [Thread-2 (]: Writing runtime sql for node "test.fraud_intelligence.not_null_gld_alert_enriched_CUSTOMER_ID.40bb639039"
[0m20:56:46.734546 [debug] [Thread-3 (]: Writing runtime sql for node "test.fraud_intelligence.not_null_gld_alert_enrichment_with_scoring_ALERT_ID.ded410bb89"
[0m20:56:46.735636 [debug] [Thread-5 (]: Using snowflake connection "test.fraud_intelligence.not_null_gld_alert_enriched_ALERT_ID.f855930586"
[0m20:56:46.737838 [debug] [Thread-4 (]: Using snowflake connection "test.fraud_intelligence.not_null_gld_alert_enriched_ALERT_RISK_SCORE.b222de259c"
[0m20:56:46.739616 [debug] [Thread-2 (]: Using snowflake connection "test.fraud_intelligence.not_null_gld_alert_enriched_CUSTOMER_ID.40bb639039"
[0m20:56:46.740809 [debug] [Thread-5 (]: On test.fraud_intelligence.not_null_gld_alert_enriched_ALERT_ID.f855930586: /* {"app": "dbt", "dbt_version": "1.9.4", "profile_name": "fraud_intelligence", "target_name": "dev", "node_id": "test.fraud_intelligence.not_null_gld_alert_enriched_ALERT_ID.f855930586"} */
select
      count(*) as failures,
      count(*) != 0 as should_warn,
      count(*) != 0 as should_error
    from (
      
    
    



select ALERT_ID
from DEMO_DEV.FRAUD_INTELLIGENCE.GLD_ALERT_ENRICHED
where ALERT_ID is null



      
    ) dbt_internal_test
[0m20:56:46.741975 [debug] [Thread-3 (]: Using snowflake connection "test.fraud_intelligence.not_null_gld_alert_enrichment_with_scoring_ALERT_ID.ded410bb89"
[0m20:56:46.742836 [debug] [Thread-4 (]: On test.fraud_intelligence.not_null_gld_alert_enriched_ALERT_RISK_SCORE.b222de259c: /* {"app": "dbt", "dbt_version": "1.9.4", "profile_name": "fraud_intelligence", "target_name": "dev", "node_id": "test.fraud_intelligence.not_null_gld_alert_enriched_ALERT_RISK_SCORE.b222de259c"} */
select
      count(*) as failures,
      count(*) != 0 as should_warn,
      count(*) != 0 as should_error
    from (
      
    
    



select ALERT_RISK_SCORE
from DEMO_DEV.FRAUD_INTELLIGENCE.GLD_ALERT_ENRICHED
where ALERT_RISK_SCORE is null



      
    ) dbt_internal_test
[0m20:56:46.743689 [debug] [Thread-2 (]: On test.fraud_intelligence.not_null_gld_alert_enriched_CUSTOMER_ID.40bb639039: /* {"app": "dbt", "dbt_version": "1.9.4", "profile_name": "fraud_intelligence", "target_name": "dev", "node_id": "test.fraud_intelligence.not_null_gld_alert_enriched_CUSTOMER_ID.40bb639039"} */
select
      count(*) as failures,
      count(*) != 0 as should_warn,
      count(*) != 0 as should_error
    from (
      
    
    



select CUSTOMER_ID
from DEMO_DEV.FRAUD_INTELLIGENCE.GLD_ALERT_ENRICHED
where CUSTOMER_ID is null



      
    ) dbt_internal_test
[0m20:56:46.744522 [debug] [Thread-5 (]: Opening a new connection, currently in state init
[0m20:56:46.745408 [debug] [Thread-3 (]: On test.fraud_intelligence.not_null_gld_alert_enrichment_with_scoring_ALERT_ID.ded410bb89: /* {"app": "dbt", "dbt_version": "1.9.4", "profile_name": "fraud_intelligence", "target_name": "dev", "node_id": "test.fraud_intelligence.not_null_gld_alert_enrichment_with_scoring_ALERT_ID.ded410bb89"} */
select
      count(*) as failures,
      count(*) != 0 as should_warn,
      count(*) != 0 as should_error
    from (
      
    
    



select ALERT_ID
from DEMO_DEV.FRAUD_INTELLIGENCE.GLD_ALERT_ENRICHMENT_WITH_SCORING
where ALERT_ID is null



      
    ) dbt_internal_test
[0m20:56:46.746229 [debug] [Thread-4 (]: Opening a new connection, currently in state init
[0m20:56:46.747017 [debug] [Thread-2 (]: Opening a new connection, currently in state init
[0m20:56:46.748182 [debug] [Thread-3 (]: Opening a new connection, currently in state init
[0m20:56:47.134234 [debug] [Thread-2 (]: SQL status: SUCCESS 1 in 0.387 seconds
[0m20:56:47.135148 [debug] [Thread-5 (]: SQL status: SUCCESS 1 in 0.391 seconds
[0m20:56:47.137713 [info ] [Thread-2 (]: 7 of 30 PASS not_null_gld_alert_enriched_CUSTOMER_ID ........................... [[32mPASS[0m in 0.45s]
[0m20:56:47.138658 [debug] [Thread-4 (]: SQL status: SUCCESS 1 in 0.392 seconds
[0m20:56:47.140680 [info ] [Thread-5 (]: 5 of 30 PASS not_null_gld_alert_enriched_ALERT_ID .............................. [[32mPASS[0m in 0.46s]
[0m20:56:47.141696 [debug] [Thread-2 (]: Finished running node test.fraud_intelligence.not_null_gld_alert_enriched_CUSTOMER_ID.40bb639039
[0m20:56:47.143771 [info ] [Thread-4 (]: 6 of 30 PASS not_null_gld_alert_enriched_ALERT_RISK_SCORE ...................... [[32mPASS[0m in 0.46s]
[0m20:56:47.144863 [debug] [Thread-5 (]: Finished running node test.fraud_intelligence.not_null_gld_alert_enriched_ALERT_ID.f855930586
[0m20:56:47.145770 [debug] [Thread-2 (]: Began running node test.fraud_intelligence.not_null_gld_alert_enrichment_with_scoring_COMPOSITE_RISK_SCORE.e8760dd0b3
[0m20:56:47.146837 [debug] [Thread-4 (]: Finished running node test.fraud_intelligence.not_null_gld_alert_enriched_ALERT_RISK_SCORE.b222de259c
[0m20:56:47.147702 [debug] [Thread-5 (]: Began running node test.fraud_intelligence.not_null_gld_customer_profile_CUSTOMER_ID.3aa2452749
[0m20:56:47.148589 [info ] [Thread-2 (]: 9 of 30 START test not_null_gld_alert_enrichment_with_scoring_COMPOSITE_RISK_SCORE  [RUN]
[0m20:56:47.149514 [debug] [Thread-4 (]: Began running node test.fraud_intelligence.not_null_gld_ml_training_set_TARGET_LABEL.c8b4047f2e
[0m20:56:47.150406 [info ] [Thread-5 (]: 10 of 30 START test not_null_gld_customer_profile_CUSTOMER_ID .................. [RUN]
[0m20:56:47.151342 [debug] [Thread-2 (]: Re-using an available connection from the pool (formerly test.fraud_intelligence.not_null_gld_alert_enriched_CUSTOMER_ID.40bb639039, now test.fraud_intelligence.not_null_gld_alert_enrichment_with_scoring_COMPOSITE_RISK_SCORE.e8760dd0b3)
[0m20:56:47.152185 [info ] [Thread-4 (]: 11 of 30 START test not_null_gld_ml_training_set_TARGET_LABEL .................. [RUN]
[0m20:56:47.153215 [debug] [Thread-5 (]: Re-using an available connection from the pool (formerly test.fraud_intelligence.not_null_gld_alert_enriched_ALERT_ID.f855930586, now test.fraud_intelligence.not_null_gld_customer_profile_CUSTOMER_ID.3aa2452749)
[0m20:56:47.154099 [debug] [Thread-2 (]: Began compiling node test.fraud_intelligence.not_null_gld_alert_enrichment_with_scoring_COMPOSITE_RISK_SCORE.e8760dd0b3
[0m20:56:47.155035 [debug] [Thread-4 (]: Re-using an available connection from the pool (formerly test.fraud_intelligence.not_null_gld_alert_enriched_ALERT_RISK_SCORE.b222de259c, now test.fraud_intelligence.not_null_gld_ml_training_set_TARGET_LABEL.c8b4047f2e)
[0m20:56:47.155875 [debug] [Thread-5 (]: Began compiling node test.fraud_intelligence.not_null_gld_customer_profile_CUSTOMER_ID.3aa2452749
[0m20:56:47.161193 [debug] [Thread-2 (]: Writing injected SQL for node "test.fraud_intelligence.not_null_gld_alert_enrichment_with_scoring_COMPOSITE_RISK_SCORE.e8760dd0b3"
[0m20:56:47.162048 [debug] [Thread-4 (]: Began compiling node test.fraud_intelligence.not_null_gld_ml_training_set_TARGET_LABEL.c8b4047f2e
[0m20:56:47.168626 [debug] [Thread-5 (]: Writing injected SQL for node "test.fraud_intelligence.not_null_gld_customer_profile_CUSTOMER_ID.3aa2452749"
[0m20:56:47.173629 [debug] [Thread-4 (]: Writing injected SQL for node "test.fraud_intelligence.not_null_gld_ml_training_set_TARGET_LABEL.c8b4047f2e"
[0m20:56:47.174776 [debug] [Thread-2 (]: Began executing node test.fraud_intelligence.not_null_gld_alert_enrichment_with_scoring_COMPOSITE_RISK_SCORE.e8760dd0b3
[0m20:56:47.176191 [debug] [Thread-5 (]: Began executing node test.fraud_intelligence.not_null_gld_customer_profile_CUSTOMER_ID.3aa2452749
[0m20:56:47.179701 [debug] [Thread-2 (]: Writing runtime sql for node "test.fraud_intelligence.not_null_gld_alert_enrichment_with_scoring_COMPOSITE_RISK_SCORE.e8760dd0b3"
[0m20:56:47.180613 [debug] [Thread-4 (]: Began executing node test.fraud_intelligence.not_null_gld_ml_training_set_TARGET_LABEL.c8b4047f2e
[0m20:56:47.183832 [debug] [Thread-5 (]: Writing runtime sql for node "test.fraud_intelligence.not_null_gld_customer_profile_CUSTOMER_ID.3aa2452749"
[0m20:56:47.187651 [debug] [Thread-4 (]: Writing runtime sql for node "test.fraud_intelligence.not_null_gld_ml_training_set_TARGET_LABEL.c8b4047f2e"
[0m20:56:47.189129 [debug] [Thread-2 (]: Using snowflake connection "test.fraud_intelligence.not_null_gld_alert_enrichment_with_scoring_COMPOSITE_RISK_SCORE.e8760dd0b3"
[0m20:56:47.191139 [debug] [Thread-5 (]: Using snowflake connection "test.fraud_intelligence.not_null_gld_customer_profile_CUSTOMER_ID.3aa2452749"
[0m20:56:47.191998 [debug] [Thread-2 (]: On test.fraud_intelligence.not_null_gld_alert_enrichment_with_scoring_COMPOSITE_RISK_SCORE.e8760dd0b3: /* {"app": "dbt", "dbt_version": "1.9.4", "profile_name": "fraud_intelligence", "target_name": "dev", "node_id": "test.fraud_intelligence.not_null_gld_alert_enrichment_with_scoring_COMPOSITE_RISK_SCORE.e8760dd0b3"} */
select
      count(*) as failures,
      count(*) != 0 as should_warn,
      count(*) != 0 as should_error
    from (
      
    
    



select COMPOSITE_RISK_SCORE
from DEMO_DEV.FRAUD_INTELLIGENCE.GLD_ALERT_ENRICHMENT_WITH_SCORING
where COMPOSITE_RISK_SCORE is null



      
    ) dbt_internal_test
[0m20:56:47.193030 [debug] [Thread-4 (]: Using snowflake connection "test.fraud_intelligence.not_null_gld_ml_training_set_TARGET_LABEL.c8b4047f2e"
[0m20:56:47.193913 [debug] [Thread-5 (]: On test.fraud_intelligence.not_null_gld_customer_profile_CUSTOMER_ID.3aa2452749: /* {"app": "dbt", "dbt_version": "1.9.4", "profile_name": "fraud_intelligence", "target_name": "dev", "node_id": "test.fraud_intelligence.not_null_gld_customer_profile_CUSTOMER_ID.3aa2452749"} */
select
      count(*) as failures,
      count(*) != 0 as should_warn,
      count(*) != 0 as should_error
    from (
      
    
    



select CUSTOMER_ID
from DEMO_DEV.FRAUD_INTELLIGENCE.GLD_CUSTOMER_PROFILE
where CUSTOMER_ID is null



      
    ) dbt_internal_test
[0m20:56:47.194761 [debug] [Thread-2 (]: Opening a new connection, currently in state init
[0m20:56:47.195621 [debug] [Thread-4 (]: On test.fraud_intelligence.not_null_gld_ml_training_set_TARGET_LABEL.c8b4047f2e: /* {"app": "dbt", "dbt_version": "1.9.4", "profile_name": "fraud_intelligence", "target_name": "dev", "node_id": "test.fraud_intelligence.not_null_gld_ml_training_set_TARGET_LABEL.c8b4047f2e"} */
select
      count(*) as failures,
      count(*) != 0 as should_warn,
      count(*) != 0 as should_error
    from (
      
    
    



select TARGET_LABEL
from DEMO_DEV.FRAUD_INTELLIGENCE.GLD_ML_TRAINING_SET
where TARGET_LABEL is null



      
    ) dbt_internal_test
[0m20:56:47.196402 [debug] [Thread-5 (]: Opening a new connection, currently in state init
[0m20:56:47.197413 [debug] [Thread-4 (]: Opening a new connection, currently in state init
[0m20:56:47.319879 [debug] [Thread-3 (]: SQL status: SUCCESS 1 in 0.572 seconds
[0m20:56:47.322045 [info ] [Thread-3 (]: 8 of 30 PASS not_null_gld_alert_enrichment_with_scoring_ALERT_ID ............... [[32mPASS[0m in 0.64s]
[0m20:56:47.323037 [debug] [Thread-3 (]: Finished running node test.fraud_intelligence.not_null_gld_alert_enrichment_with_scoring_ALERT_ID.ded410bb89
[0m20:56:47.323826 [debug] [Thread-3 (]: Began running node test.fraud_intelligence.not_null_gld_ml_training_set_TRANSACTION_ID.15daf58ed8
[0m20:56:47.324673 [info ] [Thread-3 (]: 12 of 30 START test not_null_gld_ml_training_set_TRANSACTION_ID ................ [RUN]
[0m20:56:47.325493 [debug] [Thread-3 (]: Re-using an available connection from the pool (formerly test.fraud_intelligence.not_null_gld_alert_enrichment_with_scoring_ALERT_ID.ded410bb89, now test.fraud_intelligence.not_null_gld_ml_training_set_TRANSACTION_ID.15daf58ed8)
[0m20:56:47.326176 [debug] [Thread-3 (]: Began compiling node test.fraud_intelligence.not_null_gld_ml_training_set_TRANSACTION_ID.15daf58ed8
[0m20:56:47.331004 [debug] [Thread-3 (]: Writing injected SQL for node "test.fraud_intelligence.not_null_gld_ml_training_set_TRANSACTION_ID.15daf58ed8"
[0m20:56:47.332154 [debug] [Thread-3 (]: Began executing node test.fraud_intelligence.not_null_gld_ml_training_set_TRANSACTION_ID.15daf58ed8
[0m20:56:47.336918 [debug] [Thread-3 (]: Writing runtime sql for node "test.fraud_intelligence.not_null_gld_ml_training_set_TRANSACTION_ID.15daf58ed8"
[0m20:56:47.338406 [debug] [Thread-3 (]: Using snowflake connection "test.fraud_intelligence.not_null_gld_ml_training_set_TRANSACTION_ID.15daf58ed8"
[0m20:56:47.339177 [debug] [Thread-3 (]: On test.fraud_intelligence.not_null_gld_ml_training_set_TRANSACTION_ID.15daf58ed8: /* {"app": "dbt", "dbt_version": "1.9.4", "profile_name": "fraud_intelligence", "target_name": "dev", "node_id": "test.fraud_intelligence.not_null_gld_ml_training_set_TRANSACTION_ID.15daf58ed8"} */
select
      count(*) as failures,
      count(*) != 0 as should_warn,
      count(*) != 0 as should_error
    from (
      
    
    



select TRANSACTION_ID
from DEMO_DEV.FRAUD_INTELLIGENCE.GLD_ML_TRAINING_SET
where TRANSACTION_ID is null



      
    ) dbt_internal_test
[0m20:56:47.339834 [debug] [Thread-3 (]: Opening a new connection, currently in state init
[0m20:56:47.596098 [debug] [Thread-5 (]: SQL status: SUCCESS 1 in 0.400 seconds
[0m20:56:47.596989 [debug] [Thread-4 (]: SQL status: SUCCESS 1 in 0.400 seconds
[0m20:56:47.599562 [info ] [Thread-5 (]: 10 of 30 PASS not_null_gld_customer_profile_CUSTOMER_ID ........................ [[32mPASS[0m in 0.45s]
[0m20:56:47.601796 [info ] [Thread-4 (]: 11 of 30 PASS not_null_gld_ml_training_set_TARGET_LABEL ........................ [[32mPASS[0m in 0.45s]
[0m20:56:47.602847 [debug] [Thread-5 (]: Finished running node test.fraud_intelligence.not_null_gld_customer_profile_CUSTOMER_ID.3aa2452749
[0m20:56:47.603817 [debug] [Thread-4 (]: Finished running node test.fraud_intelligence.not_null_gld_ml_training_set_TARGET_LABEL.c8b4047f2e
[0m20:56:47.604828 [debug] [Thread-5 (]: Began running node test.fraud_intelligence.not_null_gld_velocity_counters_CUSTOMER_ID.5e8cde9ac4
[0m20:56:47.605961 [debug] [Thread-4 (]: Began running node test.fraud_intelligence.not_null_int_rule_code_knowledge_map_RULE_CODE.7f0f488cad
[0m20:56:47.606946 [info ] [Thread-5 (]: 13 of 30 START test not_null_gld_velocity_counters_CUSTOMER_ID ................. [RUN]
[0m20:56:47.607841 [info ] [Thread-4 (]: 14 of 30 START test not_null_int_rule_code_knowledge_map_RULE_CODE ............. [RUN]
[0m20:56:47.608885 [debug] [Thread-5 (]: Re-using an available connection from the pool (formerly test.fraud_intelligence.not_null_gld_customer_profile_CUSTOMER_ID.3aa2452749, now test.fraud_intelligence.not_null_gld_velocity_counters_CUSTOMER_ID.5e8cde9ac4)
[0m20:56:47.609818 [debug] [Thread-4 (]: Re-using an available connection from the pool (formerly test.fraud_intelligence.not_null_gld_ml_training_set_TARGET_LABEL.c8b4047f2e, now test.fraud_intelligence.not_null_int_rule_code_knowledge_map_RULE_CODE.7f0f488cad)
[0m20:56:47.610638 [debug] [Thread-5 (]: Began compiling node test.fraud_intelligence.not_null_gld_velocity_counters_CUSTOMER_ID.5e8cde9ac4
[0m20:56:47.611421 [debug] [Thread-4 (]: Began compiling node test.fraud_intelligence.not_null_int_rule_code_knowledge_map_RULE_CODE.7f0f488cad
[0m20:56:47.616687 [debug] [Thread-5 (]: Writing injected SQL for node "test.fraud_intelligence.not_null_gld_velocity_counters_CUSTOMER_ID.5e8cde9ac4"
[0m20:56:47.621577 [debug] [Thread-4 (]: Writing injected SQL for node "test.fraud_intelligence.not_null_int_rule_code_knowledge_map_RULE_CODE.7f0f488cad"
[0m20:56:47.623246 [debug] [Thread-5 (]: Began executing node test.fraud_intelligence.not_null_gld_velocity_counters_CUSTOMER_ID.5e8cde9ac4
[0m20:56:47.624350 [debug] [Thread-4 (]: Began executing node test.fraud_intelligence.not_null_int_rule_code_knowledge_map_RULE_CODE.7f0f488cad
[0m20:56:47.629117 [debug] [Thread-5 (]: Writing runtime sql for node "test.fraud_intelligence.not_null_gld_velocity_counters_CUSTOMER_ID.5e8cde9ac4"
[0m20:56:47.632672 [debug] [Thread-4 (]: Writing runtime sql for node "test.fraud_intelligence.not_null_int_rule_code_knowledge_map_RULE_CODE.7f0f488cad"
[0m20:56:47.634693 [debug] [Thread-5 (]: Using snowflake connection "test.fraud_intelligence.not_null_gld_velocity_counters_CUSTOMER_ID.5e8cde9ac4"
[0m20:56:47.635929 [debug] [Thread-5 (]: On test.fraud_intelligence.not_null_gld_velocity_counters_CUSTOMER_ID.5e8cde9ac4: /* {"app": "dbt", "dbt_version": "1.9.4", "profile_name": "fraud_intelligence", "target_name": "dev", "node_id": "test.fraud_intelligence.not_null_gld_velocity_counters_CUSTOMER_ID.5e8cde9ac4"} */
select
      count(*) as failures,
      count(*) != 0 as should_warn,
      count(*) != 0 as should_error
    from (
      
    
    



select CUSTOMER_ID
from DEMO_DEV.FRAUD_INTELLIGENCE.GLD_VELOCITY_COUNTERS
where CUSTOMER_ID is null



      
    ) dbt_internal_test
[0m20:56:47.636918 [debug] [Thread-4 (]: Using snowflake connection "test.fraud_intelligence.not_null_int_rule_code_knowledge_map_RULE_CODE.7f0f488cad"
[0m20:56:47.637783 [debug] [Thread-5 (]: Opening a new connection, currently in state init
[0m20:56:47.638668 [debug] [Thread-4 (]: On test.fraud_intelligence.not_null_int_rule_code_knowledge_map_RULE_CODE.7f0f488cad: /* {"app": "dbt", "dbt_version": "1.9.4", "profile_name": "fraud_intelligence", "target_name": "dev", "node_id": "test.fraud_intelligence.not_null_int_rule_code_knowledge_map_RULE_CODE.7f0f488cad"} */
select
      count(*) as failures,
      count(*) != 0 as should_warn,
      count(*) != 0 as should_error
    from (
      
    
    



select RULE_CODE
from DEMO_DEV.FRAUD_INTELLIGENCE.SLV_RULE_CODE_KNOWLEDGE_MAP
where RULE_CODE is null



      
    ) dbt_internal_test
[0m20:56:47.639671 [debug] [Thread-4 (]: Opening a new connection, currently in state init
[0m20:56:47.714930 [debug] [Thread-2 (]: SQL status: SUCCESS 1 in 0.520 seconds
[0m20:56:47.717315 [info ] [Thread-2 (]: 9 of 30 PASS not_null_gld_alert_enrichment_with_scoring_COMPOSITE_RISK_SCORE ... [[32mPASS[0m in 0.57s]
[0m20:56:47.718302 [debug] [Thread-2 (]: Finished running node test.fraud_intelligence.not_null_gld_alert_enrichment_with_scoring_COMPOSITE_RISK_SCORE.e8760dd0b3
[0m20:56:47.719194 [debug] [Thread-2 (]: Began running node test.fraud_intelligence.source_not_null_fraud_intelligence_bronze_BRZ_RAW_ALERTS_ALERT_ID.ddac98f314
[0m20:56:47.720176 [info ] [Thread-2 (]: 15 of 30 START test source_not_null_fraud_intelligence_bronze_BRZ_RAW_ALERTS_ALERT_ID  [RUN]
[0m20:56:47.721058 [debug] [Thread-2 (]: Re-using an available connection from the pool (formerly test.fraud_intelligence.not_null_gld_alert_enrichment_with_scoring_COMPOSITE_RISK_SCORE.e8760dd0b3, now test.fraud_intelligence.source_not_null_fraud_intelligence_bronze_BRZ_RAW_ALERTS_ALERT_ID.ddac98f314)
[0m20:56:47.721798 [debug] [Thread-2 (]: Began compiling node test.fraud_intelligence.source_not_null_fraud_intelligence_bronze_BRZ_RAW_ALERTS_ALERT_ID.ddac98f314
[0m20:56:47.726959 [debug] [Thread-2 (]: Writing injected SQL for node "test.fraud_intelligence.source_not_null_fraud_intelligence_bronze_BRZ_RAW_ALERTS_ALERT_ID.ddac98f314"
[0m20:56:47.728067 [debug] [Thread-2 (]: Began executing node test.fraud_intelligence.source_not_null_fraud_intelligence_bronze_BRZ_RAW_ALERTS_ALERT_ID.ddac98f314
[0m20:56:47.731369 [debug] [Thread-2 (]: Writing runtime sql for node "test.fraud_intelligence.source_not_null_fraud_intelligence_bronze_BRZ_RAW_ALERTS_ALERT_ID.ddac98f314"
[0m20:56:47.732704 [debug] [Thread-2 (]: Using snowflake connection "test.fraud_intelligence.source_not_null_fraud_intelligence_bronze_BRZ_RAW_ALERTS_ALERT_ID.ddac98f314"
[0m20:56:47.733437 [debug] [Thread-2 (]: On test.fraud_intelligence.source_not_null_fraud_intelligence_bronze_BRZ_RAW_ALERTS_ALERT_ID.ddac98f314: /* {"app": "dbt", "dbt_version": "1.9.4", "profile_name": "fraud_intelligence", "target_name": "dev", "node_id": "test.fraud_intelligence.source_not_null_fraud_intelligence_bronze_BRZ_RAW_ALERTS_ALERT_ID.ddac98f314"} */
select
      count(*) as failures,
      count(*) != 0 as should_warn,
      count(*) != 0 as should_error
    from (
      
    
    



select ALERT_ID
from DEMO_DEV.FRAUD_INTELLIGENCE.BRZ_RAW_ALERTS
where ALERT_ID is null



      
    ) dbt_internal_test
[0m20:56:47.734398 [debug] [Thread-2 (]: Opening a new connection, currently in state init
[0m20:56:47.743540 [debug] [Thread-3 (]: SQL status: SUCCESS 1 in 0.404 seconds
[0m20:56:47.745671 [info ] [Thread-3 (]: 12 of 30 PASS not_null_gld_ml_training_set_TRANSACTION_ID ...................... [[32mPASS[0m in 0.42s]
[0m20:56:47.746676 [debug] [Thread-3 (]: Finished running node test.fraud_intelligence.not_null_gld_ml_training_set_TRANSACTION_ID.15daf58ed8
[0m20:56:47.747520 [debug] [Thread-3 (]: Began running node test.fraud_intelligence.source_not_null_fraud_intelligence_bronze_BRZ_RAW_ALERTS_CUSTOMER_ID.e524dfbea6
[0m20:56:47.748412 [info ] [Thread-3 (]: 16 of 30 START test source_not_null_fraud_intelligence_bronze_BRZ_RAW_ALERTS_CUSTOMER_ID  [RUN]
[0m20:56:47.749275 [debug] [Thread-3 (]: Re-using an available connection from the pool (formerly test.fraud_intelligence.not_null_gld_ml_training_set_TRANSACTION_ID.15daf58ed8, now test.fraud_intelligence.source_not_null_fraud_intelligence_bronze_BRZ_RAW_ALERTS_CUSTOMER_ID.e524dfbea6)
[0m20:56:47.749963 [debug] [Thread-3 (]: Began compiling node test.fraud_intelligence.source_not_null_fraud_intelligence_bronze_BRZ_RAW_ALERTS_CUSTOMER_ID.e524dfbea6
[0m20:56:47.756082 [debug] [Thread-3 (]: Writing injected SQL for node "test.fraud_intelligence.source_not_null_fraud_intelligence_bronze_BRZ_RAW_ALERTS_CUSTOMER_ID.e524dfbea6"
[0m20:56:47.757132 [debug] [Thread-3 (]: Began executing node test.fraud_intelligence.source_not_null_fraud_intelligence_bronze_BRZ_RAW_ALERTS_CUSTOMER_ID.e524dfbea6
[0m20:56:47.760388 [debug] [Thread-3 (]: Writing runtime sql for node "test.fraud_intelligence.source_not_null_fraud_intelligence_bronze_BRZ_RAW_ALERTS_CUSTOMER_ID.e524dfbea6"
[0m20:56:47.761847 [debug] [Thread-3 (]: Using snowflake connection "test.fraud_intelligence.source_not_null_fraud_intelligence_bronze_BRZ_RAW_ALERTS_CUSTOMER_ID.e524dfbea6"
[0m20:56:47.763671 [debug] [Thread-3 (]: On test.fraud_intelligence.source_not_null_fraud_intelligence_bronze_BRZ_RAW_ALERTS_CUSTOMER_ID.e524dfbea6: /* {"app": "dbt", "dbt_version": "1.9.4", "profile_name": "fraud_intelligence", "target_name": "dev", "node_id": "test.fraud_intelligence.source_not_null_fraud_intelligence_bronze_BRZ_RAW_ALERTS_CUSTOMER_ID.e524dfbea6"} */
select
      count(*) as failures,
      count(*) != 0 as should_warn,
      count(*) != 0 as should_error
    from (
      
    
    



select CUSTOMER_ID
from DEMO_DEV.FRAUD_INTELLIGENCE.BRZ_RAW_ALERTS
where CUSTOMER_ID is null



      
    ) dbt_internal_test
[0m20:56:47.765255 [debug] [Thread-3 (]: Opening a new connection, currently in state init
[0m20:56:48.033997 [debug] [Thread-5 (]: SQL status: SUCCESS 1 in 0.396 seconds
[0m20:56:48.036492 [info ] [Thread-5 (]: 13 of 30 PASS not_null_gld_velocity_counters_CUSTOMER_ID ....................... [[32mPASS[0m in 0.43s]
[0m20:56:48.037504 [debug] [Thread-5 (]: Finished running node test.fraud_intelligence.not_null_gld_velocity_counters_CUSTOMER_ID.5e8cde9ac4
[0m20:56:48.038382 [debug] [Thread-5 (]: Began running node test.fraud_intelligence.source_not_null_fraud_intelligence_bronze_BRZ_RAW_CUSTOMERS_CUSTOMER_ID.f168006016
[0m20:56:48.039241 [info ] [Thread-5 (]: 17 of 30 START test source_not_null_fraud_intelligence_bronze_BRZ_RAW_CUSTOMERS_CUSTOMER_ID  [RUN]
[0m20:56:48.040139 [debug] [Thread-5 (]: Re-using an available connection from the pool (formerly test.fraud_intelligence.not_null_gld_velocity_counters_CUSTOMER_ID.5e8cde9ac4, now test.fraud_intelligence.source_not_null_fraud_intelligence_bronze_BRZ_RAW_CUSTOMERS_CUSTOMER_ID.f168006016)
[0m20:56:48.040876 [debug] [Thread-5 (]: Began compiling node test.fraud_intelligence.source_not_null_fraud_intelligence_bronze_BRZ_RAW_CUSTOMERS_CUSTOMER_ID.f168006016
[0m20:56:48.046360 [debug] [Thread-5 (]: Writing injected SQL for node "test.fraud_intelligence.source_not_null_fraud_intelligence_bronze_BRZ_RAW_CUSTOMERS_CUSTOMER_ID.f168006016"
[0m20:56:48.047439 [debug] [Thread-5 (]: Began executing node test.fraud_intelligence.source_not_null_fraud_intelligence_bronze_BRZ_RAW_CUSTOMERS_CUSTOMER_ID.f168006016
[0m20:56:48.050850 [debug] [Thread-5 (]: Writing runtime sql for node "test.fraud_intelligence.source_not_null_fraud_intelligence_bronze_BRZ_RAW_CUSTOMERS_CUSTOMER_ID.f168006016"
[0m20:56:48.052499 [debug] [Thread-5 (]: Using snowflake connection "test.fraud_intelligence.source_not_null_fraud_intelligence_bronze_BRZ_RAW_CUSTOMERS_CUSTOMER_ID.f168006016"
[0m20:56:48.053589 [debug] [Thread-4 (]: SQL status: SUCCESS 1 in 0.414 seconds
[0m20:56:48.055219 [debug] [Thread-5 (]: On test.fraud_intelligence.source_not_null_fraud_intelligence_bronze_BRZ_RAW_CUSTOMERS_CUSTOMER_ID.f168006016: /* {"app": "dbt", "dbt_version": "1.9.4", "profile_name": "fraud_intelligence", "target_name": "dev", "node_id": "test.fraud_intelligence.source_not_null_fraud_intelligence_bronze_BRZ_RAW_CUSTOMERS_CUSTOMER_ID.f168006016"} */
select
      count(*) as failures,
      count(*) != 0 as should_warn,
      count(*) != 0 as should_error
    from (
      
    
    



select CUSTOMER_ID
from DEMO_DEV.FRAUD_INTELLIGENCE.BRZ_RAW_CUSTOMERS
where CUSTOMER_ID is null



      
    ) dbt_internal_test
[0m20:56:48.057461 [info ] [Thread-4 (]: 14 of 30 PASS not_null_int_rule_code_knowledge_map_RULE_CODE ................... [[32mPASS[0m in 0.45s]
[0m20:56:48.058437 [debug] [Thread-5 (]: Opening a new connection, currently in state init
[0m20:56:48.059484 [debug] [Thread-4 (]: Finished running node test.fraud_intelligence.not_null_int_rule_code_knowledge_map_RULE_CODE.7f0f488cad
[0m20:56:48.060773 [debug] [Thread-4 (]: Began running node test.fraud_intelligence.source_not_null_fraud_intelligence_bronze_BRZ_RAW_INVESTIGATION_DOCS_DOC_ID.8ea7f8c754
[0m20:56:48.061912 [info ] [Thread-4 (]: 18 of 30 START test source_not_null_fraud_intelligence_bronze_BRZ_RAW_INVESTIGATION_DOCS_DOC_ID  [RUN]
[0m20:56:48.062900 [debug] [Thread-4 (]: Re-using an available connection from the pool (formerly test.fraud_intelligence.not_null_int_rule_code_knowledge_map_RULE_CODE.7f0f488cad, now test.fraud_intelligence.source_not_null_fraud_intelligence_bronze_BRZ_RAW_INVESTIGATION_DOCS_DOC_ID.8ea7f8c754)
[0m20:56:48.063644 [debug] [Thread-4 (]: Began compiling node test.fraud_intelligence.source_not_null_fraud_intelligence_bronze_BRZ_RAW_INVESTIGATION_DOCS_DOC_ID.8ea7f8c754
[0m20:56:48.068626 [debug] [Thread-4 (]: Writing injected SQL for node "test.fraud_intelligence.source_not_null_fraud_intelligence_bronze_BRZ_RAW_INVESTIGATION_DOCS_DOC_ID.8ea7f8c754"
[0m20:56:48.069704 [debug] [Thread-4 (]: Began executing node test.fraud_intelligence.source_not_null_fraud_intelligence_bronze_BRZ_RAW_INVESTIGATION_DOCS_DOC_ID.8ea7f8c754
[0m20:56:48.074247 [debug] [Thread-4 (]: Writing runtime sql for node "test.fraud_intelligence.source_not_null_fraud_intelligence_bronze_BRZ_RAW_INVESTIGATION_DOCS_DOC_ID.8ea7f8c754"
[0m20:56:48.075736 [debug] [Thread-4 (]: Using snowflake connection "test.fraud_intelligence.source_not_null_fraud_intelligence_bronze_BRZ_RAW_INVESTIGATION_DOCS_DOC_ID.8ea7f8c754"
[0m20:56:48.076547 [debug] [Thread-4 (]: On test.fraud_intelligence.source_not_null_fraud_intelligence_bronze_BRZ_RAW_INVESTIGATION_DOCS_DOC_ID.8ea7f8c754: /* {"app": "dbt", "dbt_version": "1.9.4", "profile_name": "fraud_intelligence", "target_name": "dev", "node_id": "test.fraud_intelligence.source_not_null_fraud_intelligence_bronze_BRZ_RAW_INVESTIGATION_DOCS_DOC_ID.8ea7f8c754"} */
select
      count(*) as failures,
      count(*) != 0 as should_warn,
      count(*) != 0 as should_error
    from (
      
    
    



select DOC_ID
from DEMO_DEV.FRAUD_INTELLIGENCE.BRZ_RAW_INVESTIGATION_DOCS
where DOC_ID is null



      
    ) dbt_internal_test
[0m20:56:48.077265 [debug] [Thread-4 (]: Opening a new connection, currently in state init
[0m20:56:48.191707 [debug] [Thread-2 (]: SQL status: SUCCESS 1 in 0.457 seconds
[0m20:56:48.192656 [debug] [Thread-3 (]: SQL status: SUCCESS 1 in 0.427 seconds
[0m20:56:48.195271 [info ] [Thread-2 (]: 15 of 30 PASS source_not_null_fraud_intelligence_bronze_BRZ_RAW_ALERTS_ALERT_ID  [[32mPASS[0m in 0.47s]
[0m20:56:48.197478 [info ] [Thread-3 (]: 16 of 30 PASS source_not_null_fraud_intelligence_bronze_BRZ_RAW_ALERTS_CUSTOMER_ID  [[32mPASS[0m in 0.45s]
[0m20:56:48.198564 [debug] [Thread-2 (]: Finished running node test.fraud_intelligence.source_not_null_fraud_intelligence_bronze_BRZ_RAW_ALERTS_ALERT_ID.ddac98f314
[0m20:56:48.199586 [debug] [Thread-3 (]: Finished running node test.fraud_intelligence.source_not_null_fraud_intelligence_bronze_BRZ_RAW_ALERTS_CUSTOMER_ID.e524dfbea6
[0m20:56:48.200491 [debug] [Thread-2 (]: Began running node test.fraud_intelligence.source_not_null_fraud_intelligence_bronze_BRZ_RAW_RULE_DEFINITIONS_RULE_CODE.ec50b3ff2f
[0m20:56:48.201561 [debug] [Thread-3 (]: Began running node test.fraud_intelligence.source_not_null_fraud_intelligence_bronze_BRZ_RAW_TRANSACTIONS_CUSTOMER_ID.09920d23b0
[0m20:56:48.202517 [info ] [Thread-2 (]: 19 of 30 START test source_not_null_fraud_intelligence_bronze_BRZ_RAW_RULE_DEFINITIONS_RULE_CODE  [RUN]
[0m20:56:48.203447 [info ] [Thread-3 (]: 20 of 30 START test source_not_null_fraud_intelligence_bronze_BRZ_RAW_TRANSACTIONS_CUSTOMER_ID  [RUN]
[0m20:56:48.204427 [debug] [Thread-2 (]: Re-using an available connection from the pool (formerly test.fraud_intelligence.source_not_null_fraud_intelligence_bronze_BRZ_RAW_ALERTS_ALERT_ID.ddac98f314, now test.fraud_intelligence.source_not_null_fraud_intelligence_bronze_BRZ_RAW_RULE_DEFINITIONS_RULE_CODE.ec50b3ff2f)
[0m20:56:48.205323 [debug] [Thread-3 (]: Re-using an available connection from the pool (formerly test.fraud_intelligence.source_not_null_fraud_intelligence_bronze_BRZ_RAW_ALERTS_CUSTOMER_ID.e524dfbea6, now test.fraud_intelligence.source_not_null_fraud_intelligence_bronze_BRZ_RAW_TRANSACTIONS_CUSTOMER_ID.09920d23b0)
[0m20:56:48.206169 [debug] [Thread-2 (]: Began compiling node test.fraud_intelligence.source_not_null_fraud_intelligence_bronze_BRZ_RAW_RULE_DEFINITIONS_RULE_CODE.ec50b3ff2f
[0m20:56:48.207059 [debug] [Thread-3 (]: Began compiling node test.fraud_intelligence.source_not_null_fraud_intelligence_bronze_BRZ_RAW_TRANSACTIONS_CUSTOMER_ID.09920d23b0
[0m20:56:48.212512 [debug] [Thread-2 (]: Writing injected SQL for node "test.fraud_intelligence.source_not_null_fraud_intelligence_bronze_BRZ_RAW_RULE_DEFINITIONS_RULE_CODE.ec50b3ff2f"
[0m20:56:48.217765 [debug] [Thread-3 (]: Writing injected SQL for node "test.fraud_intelligence.source_not_null_fraud_intelligence_bronze_BRZ_RAW_TRANSACTIONS_CUSTOMER_ID.09920d23b0"
[0m20:56:48.219599 [debug] [Thread-2 (]: Began executing node test.fraud_intelligence.source_not_null_fraud_intelligence_bronze_BRZ_RAW_RULE_DEFINITIONS_RULE_CODE.ec50b3ff2f
[0m20:56:48.220545 [debug] [Thread-3 (]: Began executing node test.fraud_intelligence.source_not_null_fraud_intelligence_bronze_BRZ_RAW_TRANSACTIONS_CUSTOMER_ID.09920d23b0
[0m20:56:48.224181 [debug] [Thread-2 (]: Writing runtime sql for node "test.fraud_intelligence.source_not_null_fraud_intelligence_bronze_BRZ_RAW_RULE_DEFINITIONS_RULE_CODE.ec50b3ff2f"
[0m20:56:48.228870 [debug] [Thread-3 (]: Writing runtime sql for node "test.fraud_intelligence.source_not_null_fraud_intelligence_bronze_BRZ_RAW_TRANSACTIONS_CUSTOMER_ID.09920d23b0"
[0m20:56:48.230897 [debug] [Thread-2 (]: Using snowflake connection "test.fraud_intelligence.source_not_null_fraud_intelligence_bronze_BRZ_RAW_RULE_DEFINITIONS_RULE_CODE.ec50b3ff2f"
[0m20:56:48.232227 [debug] [Thread-3 (]: Using snowflake connection "test.fraud_intelligence.source_not_null_fraud_intelligence_bronze_BRZ_RAW_TRANSACTIONS_CUSTOMER_ID.09920d23b0"
[0m20:56:48.233014 [debug] [Thread-2 (]: On test.fraud_intelligence.source_not_null_fraud_intelligence_bronze_BRZ_RAW_RULE_DEFINITIONS_RULE_CODE.ec50b3ff2f: /* {"app": "dbt", "dbt_version": "1.9.4", "profile_name": "fraud_intelligence", "target_name": "dev", "node_id": "test.fraud_intelligence.source_not_null_fraud_intelligence_bronze_BRZ_RAW_RULE_DEFINITIONS_RULE_CODE.ec50b3ff2f"} */
select
      count(*) as failures,
      count(*) != 0 as should_warn,
      count(*) != 0 as should_error
    from (
      
    
    



select RULE_CODE
from DEMO_DEV.FRAUD_INTELLIGENCE.BRZ_RAW_RULE_DEFINITIONS
where RULE_CODE is null



      
    ) dbt_internal_test
[0m20:56:48.234016 [debug] [Thread-3 (]: On test.fraud_intelligence.source_not_null_fraud_intelligence_bronze_BRZ_RAW_TRANSACTIONS_CUSTOMER_ID.09920d23b0: /* {"app": "dbt", "dbt_version": "1.9.4", "profile_name": "fraud_intelligence", "target_name": "dev", "node_id": "test.fraud_intelligence.source_not_null_fraud_intelligence_bronze_BRZ_RAW_TRANSACTIONS_CUSTOMER_ID.09920d23b0"} */
select
      count(*) as failures,
      count(*) != 0 as should_warn,
      count(*) != 0 as should_error
    from (
      
    
    



select CUSTOMER_ID
from DEMO_DEV.FRAUD_INTELLIGENCE.BRZ_RAW_TRANSACTIONS
where CUSTOMER_ID is null



      
    ) dbt_internal_test
[0m20:56:48.234961 [debug] [Thread-2 (]: Opening a new connection, currently in state init
[0m20:56:48.235782 [debug] [Thread-3 (]: Opening a new connection, currently in state init
[0m20:56:48.501061 [debug] [Thread-4 (]: SQL status: SUCCESS 1 in 0.424 seconds
[0m20:56:48.503572 [info ] [Thread-4 (]: 18 of 30 PASS source_not_null_fraud_intelligence_bronze_BRZ_RAW_INVESTIGATION_DOCS_DOC_ID  [[32mPASS[0m in 0.44s]
[0m20:56:48.504607 [debug] [Thread-4 (]: Finished running node test.fraud_intelligence.source_not_null_fraud_intelligence_bronze_BRZ_RAW_INVESTIGATION_DOCS_DOC_ID.8ea7f8c754
[0m20:56:48.505512 [debug] [Thread-4 (]: Began running node test.fraud_intelligence.source_not_null_fraud_intelligence_bronze_BRZ_RAW_TRANSACTIONS_TRANSACTION_AMOUNT.9a738e20b5
[0m20:56:48.506454 [debug] [Thread-5 (]: SQL status: SUCCESS 1 in 0.448 seconds
[0m20:56:48.507321 [info ] [Thread-4 (]: 21 of 30 START test source_not_null_fraud_intelligence_bronze_BRZ_RAW_TRANSACTIONS_TRANSACTION_AMOUNT  [RUN]
[0m20:56:48.509551 [info ] [Thread-5 (]: 17 of 30 PASS source_not_null_fraud_intelligence_bronze_BRZ_RAW_CUSTOMERS_CUSTOMER_ID  [[32mPASS[0m in 0.47s]
[0m20:56:48.511420 [debug] [Thread-4 (]: Re-using an available connection from the pool (formerly test.fraud_intelligence.source_not_null_fraud_intelligence_bronze_BRZ_RAW_INVESTIGATION_DOCS_DOC_ID.8ea7f8c754, now test.fraud_intelligence.source_not_null_fraud_intelligence_bronze_BRZ_RAW_TRANSACTIONS_TRANSACTION_AMOUNT.9a738e20b5)
[0m20:56:48.512616 [debug] [Thread-5 (]: Finished running node test.fraud_intelligence.source_not_null_fraud_intelligence_bronze_BRZ_RAW_CUSTOMERS_CUSTOMER_ID.f168006016
[0m20:56:48.513570 [debug] [Thread-4 (]: Began compiling node test.fraud_intelligence.source_not_null_fraud_intelligence_bronze_BRZ_RAW_TRANSACTIONS_TRANSACTION_AMOUNT.9a738e20b5
[0m20:56:48.514535 [debug] [Thread-5 (]: Began running node test.fraud_intelligence.source_not_null_fraud_intelligence_bronze_BRZ_RAW_TRANSACTIONS_TRANSACTION_ID.13c5d65ab5
[0m20:56:48.520279 [debug] [Thread-4 (]: Writing injected SQL for node "test.fraud_intelligence.source_not_null_fraud_intelligence_bronze_BRZ_RAW_TRANSACTIONS_TRANSACTION_AMOUNT.9a738e20b5"
[0m20:56:48.521307 [info ] [Thread-5 (]: 22 of 30 START test source_not_null_fraud_intelligence_bronze_BRZ_RAW_TRANSACTIONS_TRANSACTION_ID  [RUN]
[0m20:56:48.523254 [debug] [Thread-5 (]: Re-using an available connection from the pool (formerly test.fraud_intelligence.source_not_null_fraud_intelligence_bronze_BRZ_RAW_CUSTOMERS_CUSTOMER_ID.f168006016, now test.fraud_intelligence.source_not_null_fraud_intelligence_bronze_BRZ_RAW_TRANSACTIONS_TRANSACTION_ID.13c5d65ab5)
[0m20:56:48.524138 [debug] [Thread-4 (]: Began executing node test.fraud_intelligence.source_not_null_fraud_intelligence_bronze_BRZ_RAW_TRANSACTIONS_TRANSACTION_AMOUNT.9a738e20b5
[0m20:56:48.524894 [debug] [Thread-5 (]: Began compiling node test.fraud_intelligence.source_not_null_fraud_intelligence_bronze_BRZ_RAW_TRANSACTIONS_TRANSACTION_ID.13c5d65ab5
[0m20:56:48.528631 [debug] [Thread-4 (]: Writing runtime sql for node "test.fraud_intelligence.source_not_null_fraud_intelligence_bronze_BRZ_RAW_TRANSACTIONS_TRANSACTION_AMOUNT.9a738e20b5"
[0m20:56:48.533686 [debug] [Thread-5 (]: Writing injected SQL for node "test.fraud_intelligence.source_not_null_fraud_intelligence_bronze_BRZ_RAW_TRANSACTIONS_TRANSACTION_ID.13c5d65ab5"
[0m20:56:48.535482 [debug] [Thread-4 (]: Using snowflake connection "test.fraud_intelligence.source_not_null_fraud_intelligence_bronze_BRZ_RAW_TRANSACTIONS_TRANSACTION_AMOUNT.9a738e20b5"
[0m20:56:48.536567 [debug] [Thread-5 (]: Began executing node test.fraud_intelligence.source_not_null_fraud_intelligence_bronze_BRZ_RAW_TRANSACTIONS_TRANSACTION_ID.13c5d65ab5
[0m20:56:48.537256 [debug] [Thread-4 (]: On test.fraud_intelligence.source_not_null_fraud_intelligence_bronze_BRZ_RAW_TRANSACTIONS_TRANSACTION_AMOUNT.9a738e20b5: /* {"app": "dbt", "dbt_version": "1.9.4", "profile_name": "fraud_intelligence", "target_name": "dev", "node_id": "test.fraud_intelligence.source_not_null_fraud_intelligence_bronze_BRZ_RAW_TRANSACTIONS_TRANSACTION_AMOUNT.9a738e20b5"} */
select
      count(*) as failures,
      count(*) != 0 as should_warn,
      count(*) != 0 as should_error
    from (
      
    
    



select TRANSACTION_AMOUNT
from DEMO_DEV.FRAUD_INTELLIGENCE.BRZ_RAW_TRANSACTIONS
where TRANSACTION_AMOUNT is null



      
    ) dbt_internal_test
[0m20:56:48.541929 [debug] [Thread-5 (]: Writing runtime sql for node "test.fraud_intelligence.source_not_null_fraud_intelligence_bronze_BRZ_RAW_TRANSACTIONS_TRANSACTION_ID.13c5d65ab5"
[0m20:56:48.542857 [debug] [Thread-4 (]: Opening a new connection, currently in state init
[0m20:56:48.545020 [debug] [Thread-5 (]: Using snowflake connection "test.fraud_intelligence.source_not_null_fraud_intelligence_bronze_BRZ_RAW_TRANSACTIONS_TRANSACTION_ID.13c5d65ab5"
[0m20:56:48.545996 [debug] [Thread-5 (]: On test.fraud_intelligence.source_not_null_fraud_intelligence_bronze_BRZ_RAW_TRANSACTIONS_TRANSACTION_ID.13c5d65ab5: /* {"app": "dbt", "dbt_version": "1.9.4", "profile_name": "fraud_intelligence", "target_name": "dev", "node_id": "test.fraud_intelligence.source_not_null_fraud_intelligence_bronze_BRZ_RAW_TRANSACTIONS_TRANSACTION_ID.13c5d65ab5"} */
select
      count(*) as failures,
      count(*) != 0 as should_warn,
      count(*) != 0 as should_error
    from (
      
    
    



select TRANSACTION_ID
from DEMO_DEV.FRAUD_INTELLIGENCE.BRZ_RAW_TRANSACTIONS
where TRANSACTION_ID is null



      
    ) dbt_internal_test
[0m20:56:48.546766 [debug] [Thread-5 (]: Opening a new connection, currently in state init
[0m20:56:48.640126 [debug] [Thread-2 (]: SQL status: SUCCESS 1 in 0.405 seconds
[0m20:56:48.642782 [info ] [Thread-2 (]: 19 of 30 PASS source_not_null_fraud_intelligence_bronze_BRZ_RAW_RULE_DEFINITIONS_RULE_CODE  [[32mPASS[0m in 0.44s]
[0m20:56:48.643691 [debug] [Thread-2 (]: Finished running node test.fraud_intelligence.source_not_null_fraud_intelligence_bronze_BRZ_RAW_RULE_DEFINITIONS_RULE_CODE.ec50b3ff2f
[0m20:56:48.644496 [debug] [Thread-2 (]: Began running node test.fraud_intelligence.source_not_null_fraud_intelligence_bronze_BRZ_RAW_VELOCITY_EVENTS_CUSTOMER_ID.e384a501cf
[0m20:56:48.645408 [info ] [Thread-2 (]: 23 of 30 START test source_not_null_fraud_intelligence_bronze_BRZ_RAW_VELOCITY_EVENTS_CUSTOMER_ID  [RUN]
[0m20:56:48.646289 [debug] [Thread-2 (]: Re-using an available connection from the pool (formerly test.fraud_intelligence.source_not_null_fraud_intelligence_bronze_BRZ_RAW_RULE_DEFINITIONS_RULE_CODE.ec50b3ff2f, now test.fraud_intelligence.source_not_null_fraud_intelligence_bronze_BRZ_RAW_VELOCITY_EVENTS_CUSTOMER_ID.e384a501cf)
[0m20:56:48.646974 [debug] [Thread-2 (]: Began compiling node test.fraud_intelligence.source_not_null_fraud_intelligence_bronze_BRZ_RAW_VELOCITY_EVENTS_CUSTOMER_ID.e384a501cf
[0m20:56:48.652077 [debug] [Thread-2 (]: Writing injected SQL for node "test.fraud_intelligence.source_not_null_fraud_intelligence_bronze_BRZ_RAW_VELOCITY_EVENTS_CUSTOMER_ID.e384a501cf"
[0m20:56:48.653197 [debug] [Thread-2 (]: Began executing node test.fraud_intelligence.source_not_null_fraud_intelligence_bronze_BRZ_RAW_VELOCITY_EVENTS_CUSTOMER_ID.e384a501cf
[0m20:56:48.656679 [debug] [Thread-2 (]: Writing runtime sql for node "test.fraud_intelligence.source_not_null_fraud_intelligence_bronze_BRZ_RAW_VELOCITY_EVENTS_CUSTOMER_ID.e384a501cf"
[0m20:56:48.658141 [debug] [Thread-2 (]: Using snowflake connection "test.fraud_intelligence.source_not_null_fraud_intelligence_bronze_BRZ_RAW_VELOCITY_EVENTS_CUSTOMER_ID.e384a501cf"
[0m20:56:48.659025 [debug] [Thread-2 (]: On test.fraud_intelligence.source_not_null_fraud_intelligence_bronze_BRZ_RAW_VELOCITY_EVENTS_CUSTOMER_ID.e384a501cf: /* {"app": "dbt", "dbt_version": "1.9.4", "profile_name": "fraud_intelligence", "target_name": "dev", "node_id": "test.fraud_intelligence.source_not_null_fraud_intelligence_bronze_BRZ_RAW_VELOCITY_EVENTS_CUSTOMER_ID.e384a501cf"} */
select
      count(*) as failures,
      count(*) != 0 as should_warn,
      count(*) != 0 as should_error
    from (
      
    
    



select CUSTOMER_ID
from DEMO_DEV.FRAUD_INTELLIGENCE.BRZ_RAW_VELOCITY_EVENTS
where CUSTOMER_ID is null



      
    ) dbt_internal_test
[0m20:56:48.659742 [debug] [Thread-2 (]: Opening a new connection, currently in state init
[0m20:56:48.676517 [debug] [Thread-3 (]: SQL status: SUCCESS 1 in 0.441 seconds
[0m20:56:48.678891 [info ] [Thread-3 (]: 20 of 30 PASS source_not_null_fraud_intelligence_bronze_BRZ_RAW_TRANSACTIONS_CUSTOMER_ID  [[32mPASS[0m in 0.47s]
[0m20:56:48.679914 [debug] [Thread-3 (]: Finished running node test.fraud_intelligence.source_not_null_fraud_intelligence_bronze_BRZ_RAW_TRANSACTIONS_CUSTOMER_ID.09920d23b0
[0m20:56:48.680775 [debug] [Thread-3 (]: Began running node test.fraud_intelligence.source_not_null_fraud_intelligence_bronze_BRZ_RAW_VELOCITY_EVENTS_EVENT_ID.ccbf58d9ec
[0m20:56:48.681736 [info ] [Thread-3 (]: 24 of 30 START test source_not_null_fraud_intelligence_bronze_BRZ_RAW_VELOCITY_EVENTS_EVENT_ID  [RUN]
[0m20:56:48.682648 [debug] [Thread-3 (]: Re-using an available connection from the pool (formerly test.fraud_intelligence.source_not_null_fraud_intelligence_bronze_BRZ_RAW_TRANSACTIONS_CUSTOMER_ID.09920d23b0, now test.fraud_intelligence.source_not_null_fraud_intelligence_bronze_BRZ_RAW_VELOCITY_EVENTS_EVENT_ID.ccbf58d9ec)
[0m20:56:48.683369 [debug] [Thread-3 (]: Began compiling node test.fraud_intelligence.source_not_null_fraud_intelligence_bronze_BRZ_RAW_VELOCITY_EVENTS_EVENT_ID.ccbf58d9ec
[0m20:56:48.688765 [debug] [Thread-3 (]: Writing injected SQL for node "test.fraud_intelligence.source_not_null_fraud_intelligence_bronze_BRZ_RAW_VELOCITY_EVENTS_EVENT_ID.ccbf58d9ec"
[0m20:56:48.689905 [debug] [Thread-3 (]: Began executing node test.fraud_intelligence.source_not_null_fraud_intelligence_bronze_BRZ_RAW_VELOCITY_EVENTS_EVENT_ID.ccbf58d9ec
[0m20:56:48.693394 [debug] [Thread-3 (]: Writing runtime sql for node "test.fraud_intelligence.source_not_null_fraud_intelligence_bronze_BRZ_RAW_VELOCITY_EVENTS_EVENT_ID.ccbf58d9ec"
[0m20:56:48.694851 [debug] [Thread-3 (]: Using snowflake connection "test.fraud_intelligence.source_not_null_fraud_intelligence_bronze_BRZ_RAW_VELOCITY_EVENTS_EVENT_ID.ccbf58d9ec"
[0m20:56:48.695709 [debug] [Thread-3 (]: On test.fraud_intelligence.source_not_null_fraud_intelligence_bronze_BRZ_RAW_VELOCITY_EVENTS_EVENT_ID.ccbf58d9ec: /* {"app": "dbt", "dbt_version": "1.9.4", "profile_name": "fraud_intelligence", "target_name": "dev", "node_id": "test.fraud_intelligence.source_not_null_fraud_intelligence_bronze_BRZ_RAW_VELOCITY_EVENTS_EVENT_ID.ccbf58d9ec"} */
select
      count(*) as failures,
      count(*) != 0 as should_warn,
      count(*) != 0 as should_error
    from (
      
    
    



select EVENT_ID
from DEMO_DEV.FRAUD_INTELLIGENCE.BRZ_RAW_VELOCITY_EVENTS
where EVENT_ID is null



      
    ) dbt_internal_test
[0m20:56:48.698452 [debug] [Thread-3 (]: Opening a new connection, currently in state init
[0m20:56:49.060601 [debug] [Thread-4 (]: SQL status: SUCCESS 1 in 0.518 seconds
[0m20:56:49.061497 [debug] [Thread-5 (]: SQL status: SUCCESS 1 in 0.515 seconds
[0m20:56:49.063955 [info ] [Thread-4 (]: 21 of 30 PASS source_not_null_fraud_intelligence_bronze_BRZ_RAW_TRANSACTIONS_TRANSACTION_AMOUNT  [[32mPASS[0m in 0.55s]
[0m20:56:49.066080 [info ] [Thread-5 (]: 22 of 30 PASS source_not_null_fraud_intelligence_bronze_BRZ_RAW_TRANSACTIONS_TRANSACTION_ID  [[32mPASS[0m in 0.54s]
[0m20:56:49.067143 [debug] [Thread-4 (]: Finished running node test.fraud_intelligence.source_not_null_fraud_intelligence_bronze_BRZ_RAW_TRANSACTIONS_TRANSACTION_AMOUNT.9a738e20b5
[0m20:56:49.068057 [debug] [Thread-5 (]: Finished running node test.fraud_intelligence.source_not_null_fraud_intelligence_bronze_BRZ_RAW_TRANSACTIONS_TRANSACTION_ID.13c5d65ab5
[0m20:56:49.068970 [debug] [Thread-4 (]: Began running node test.fraud_intelligence.source_unique_fraud_intelligence_bronze_BRZ_RAW_ALERTS_ALERT_ID.0c13adb32c
[0m20:56:49.070099 [debug] [Thread-5 (]: Began running node test.fraud_intelligence.source_unique_fraud_intelligence_bronze_BRZ_RAW_CUSTOMERS_CUSTOMER_ID.e2034a241d
[0m20:56:49.071019 [info ] [Thread-4 (]: 25 of 30 START test source_unique_fraud_intelligence_bronze_BRZ_RAW_ALERTS_ALERT_ID  [RUN]
[0m20:56:49.071961 [info ] [Thread-5 (]: 26 of 30 START test source_unique_fraud_intelligence_bronze_BRZ_RAW_CUSTOMERS_CUSTOMER_ID  [RUN]
[0m20:56:49.072948 [debug] [Thread-4 (]: Re-using an available connection from the pool (formerly test.fraud_intelligence.source_not_null_fraud_intelligence_bronze_BRZ_RAW_TRANSACTIONS_TRANSACTION_AMOUNT.9a738e20b5, now test.fraud_intelligence.source_unique_fraud_intelligence_bronze_BRZ_RAW_ALERTS_ALERT_ID.0c13adb32c)
[0m20:56:49.073835 [debug] [Thread-5 (]: Re-using an available connection from the pool (formerly test.fraud_intelligence.source_not_null_fraud_intelligence_bronze_BRZ_RAW_TRANSACTIONS_TRANSACTION_ID.13c5d65ab5, now test.fraud_intelligence.source_unique_fraud_intelligence_bronze_BRZ_RAW_CUSTOMERS_CUSTOMER_ID.e2034a241d)
[0m20:56:49.074648 [debug] [Thread-4 (]: Began compiling node test.fraud_intelligence.source_unique_fraud_intelligence_bronze_BRZ_RAW_ALERTS_ALERT_ID.0c13adb32c
[0m20:56:49.075464 [debug] [Thread-5 (]: Began compiling node test.fraud_intelligence.source_unique_fraud_intelligence_bronze_BRZ_RAW_CUSTOMERS_CUSTOMER_ID.e2034a241d
[0m20:56:49.082951 [debug] [Thread-4 (]: Writing injected SQL for node "test.fraud_intelligence.source_unique_fraud_intelligence_bronze_BRZ_RAW_ALERTS_ALERT_ID.0c13adb32c"
[0m20:56:49.088191 [debug] [Thread-5 (]: Writing injected SQL for node "test.fraud_intelligence.source_unique_fraud_intelligence_bronze_BRZ_RAW_CUSTOMERS_CUSTOMER_ID.e2034a241d"
[0m20:56:49.090187 [debug] [Thread-4 (]: Began executing node test.fraud_intelligence.source_unique_fraud_intelligence_bronze_BRZ_RAW_ALERTS_ALERT_ID.0c13adb32c
[0m20:56:49.091238 [debug] [Thread-5 (]: Began executing node test.fraud_intelligence.source_unique_fraud_intelligence_bronze_BRZ_RAW_CUSTOMERS_CUSTOMER_ID.e2034a241d
[0m20:56:49.094562 [debug] [Thread-4 (]: Writing runtime sql for node "test.fraud_intelligence.source_unique_fraud_intelligence_bronze_BRZ_RAW_ALERTS_ALERT_ID.0c13adb32c"
[0m20:56:49.098202 [debug] [Thread-5 (]: Writing runtime sql for node "test.fraud_intelligence.source_unique_fraud_intelligence_bronze_BRZ_RAW_CUSTOMERS_CUSTOMER_ID.e2034a241d"
[0m20:56:49.100083 [debug] [Thread-4 (]: Using snowflake connection "test.fraud_intelligence.source_unique_fraud_intelligence_bronze_BRZ_RAW_ALERTS_ALERT_ID.0c13adb32c"
[0m20:56:49.101353 [debug] [Thread-4 (]: On test.fraud_intelligence.source_unique_fraud_intelligence_bronze_BRZ_RAW_ALERTS_ALERT_ID.0c13adb32c: /* {"app": "dbt", "dbt_version": "1.9.4", "profile_name": "fraud_intelligence", "target_name": "dev", "node_id": "test.fraud_intelligence.source_unique_fraud_intelligence_bronze_BRZ_RAW_ALERTS_ALERT_ID.0c13adb32c"} */
select
      count(*) as failures,
      count(*) != 0 as should_warn,
      count(*) != 0 as should_error
    from (
      
    
    

select
    ALERT_ID as unique_field,
    count(*) as n_records

from DEMO_DEV.FRAUD_INTELLIGENCE.BRZ_RAW_ALERTS
where ALERT_ID is not null
group by ALERT_ID
having count(*) > 1



      
    ) dbt_internal_test
[0m20:56:49.102500 [debug] [Thread-5 (]: Using snowflake connection "test.fraud_intelligence.source_unique_fraud_intelligence_bronze_BRZ_RAW_CUSTOMERS_CUSTOMER_ID.e2034a241d"
[0m20:56:49.103291 [debug] [Thread-4 (]: Opening a new connection, currently in state init
[0m20:56:49.104144 [debug] [Thread-5 (]: On test.fraud_intelligence.source_unique_fraud_intelligence_bronze_BRZ_RAW_CUSTOMERS_CUSTOMER_ID.e2034a241d: /* {"app": "dbt", "dbt_version": "1.9.4", "profile_name": "fraud_intelligence", "target_name": "dev", "node_id": "test.fraud_intelligence.source_unique_fraud_intelligence_bronze_BRZ_RAW_CUSTOMERS_CUSTOMER_ID.e2034a241d"} */
select
      count(*) as failures,
      count(*) != 0 as should_warn,
      count(*) != 0 as should_error
    from (
      
    
    

select
    CUSTOMER_ID as unique_field,
    count(*) as n_records

from DEMO_DEV.FRAUD_INTELLIGENCE.BRZ_RAW_CUSTOMERS
where CUSTOMER_ID is not null
group by CUSTOMER_ID
having count(*) > 1



      
    ) dbt_internal_test
[0m20:56:49.105294 [debug] [Thread-5 (]: Opening a new connection, currently in state init
[0m20:56:49.274714 [debug] [Thread-2 (]: SQL status: SUCCESS 1 in 0.615 seconds
[0m20:56:49.277054 [info ] [Thread-2 (]: 23 of 30 PASS source_not_null_fraud_intelligence_bronze_BRZ_RAW_VELOCITY_EVENTS_CUSTOMER_ID  [[32mPASS[0m in 0.63s]
[0m20:56:49.277992 [debug] [Thread-2 (]: Finished running node test.fraud_intelligence.source_not_null_fraud_intelligence_bronze_BRZ_RAW_VELOCITY_EVENTS_CUSTOMER_ID.e384a501cf
[0m20:56:49.278774 [debug] [Thread-2 (]: Began running node test.fraud_intelligence.source_unique_fraud_intelligence_bronze_BRZ_RAW_INVESTIGATION_DOCS_DOC_ID.7e88e101b1
[0m20:56:49.279696 [info ] [Thread-2 (]: 27 of 30 START test source_unique_fraud_intelligence_bronze_BRZ_RAW_INVESTIGATION_DOCS_DOC_ID  [RUN]
[0m20:56:49.280643 [debug] [Thread-2 (]: Re-using an available connection from the pool (formerly test.fraud_intelligence.source_not_null_fraud_intelligence_bronze_BRZ_RAW_VELOCITY_EVENTS_CUSTOMER_ID.e384a501cf, now test.fraud_intelligence.source_unique_fraud_intelligence_bronze_BRZ_RAW_INVESTIGATION_DOCS_DOC_ID.7e88e101b1)
[0m20:56:49.281347 [debug] [Thread-2 (]: Began compiling node test.fraud_intelligence.source_unique_fraud_intelligence_bronze_BRZ_RAW_INVESTIGATION_DOCS_DOC_ID.7e88e101b1
[0m20:56:49.348234 [debug] [Thread-3 (]: SQL status: SUCCESS 1 in 0.650 seconds
[0m20:56:49.360750 [debug] [Thread-2 (]: Writing injected SQL for node "test.fraud_intelligence.source_unique_fraud_intelligence_bronze_BRZ_RAW_INVESTIGATION_DOCS_DOC_ID.7e88e101b1"
[0m20:56:49.362948 [info ] [Thread-3 (]: 24 of 30 PASS source_not_null_fraud_intelligence_bronze_BRZ_RAW_VELOCITY_EVENTS_EVENT_ID  [[32mPASS[0m in 0.68s]
[0m20:56:49.364373 [debug] [Thread-3 (]: Finished running node test.fraud_intelligence.source_not_null_fraud_intelligence_bronze_BRZ_RAW_VELOCITY_EVENTS_EVENT_ID.ccbf58d9ec
[0m20:56:49.365393 [debug] [Thread-2 (]: Began executing node test.fraud_intelligence.source_unique_fraud_intelligence_bronze_BRZ_RAW_INVESTIGATION_DOCS_DOC_ID.7e88e101b1
[0m20:56:49.366188 [debug] [Thread-3 (]: Began running node test.fraud_intelligence.unique_gld_alert_enriched_ALERT_ID.deb57c160c
[0m20:56:49.369778 [debug] [Thread-2 (]: Writing runtime sql for node "test.fraud_intelligence.source_unique_fraud_intelligence_bronze_BRZ_RAW_INVESTIGATION_DOCS_DOC_ID.7e88e101b1"
[0m20:56:49.370629 [info ] [Thread-3 (]: 28 of 30 START test unique_gld_alert_enriched_ALERT_ID ......................... [RUN]
[0m20:56:49.372708 [debug] [Thread-3 (]: Re-using an available connection from the pool (formerly test.fraud_intelligence.source_not_null_fraud_intelligence_bronze_BRZ_RAW_VELOCITY_EVENTS_EVENT_ID.ccbf58d9ec, now test.fraud_intelligence.unique_gld_alert_enriched_ALERT_ID.deb57c160c)
[0m20:56:49.373837 [debug] [Thread-2 (]: Using snowflake connection "test.fraud_intelligence.source_unique_fraud_intelligence_bronze_BRZ_RAW_INVESTIGATION_DOCS_DOC_ID.7e88e101b1"
[0m20:56:49.374538 [debug] [Thread-3 (]: Began compiling node test.fraud_intelligence.unique_gld_alert_enriched_ALERT_ID.deb57c160c
[0m20:56:49.375398 [debug] [Thread-2 (]: On test.fraud_intelligence.source_unique_fraud_intelligence_bronze_BRZ_RAW_INVESTIGATION_DOCS_DOC_ID.7e88e101b1: /* {"app": "dbt", "dbt_version": "1.9.4", "profile_name": "fraud_intelligence", "target_name": "dev", "node_id": "test.fraud_intelligence.source_unique_fraud_intelligence_bronze_BRZ_RAW_INVESTIGATION_DOCS_DOC_ID.7e88e101b1"} */
select
      count(*) as failures,
      count(*) != 0 as should_warn,
      count(*) != 0 as should_error
    from (
      
    
    

select
    DOC_ID as unique_field,
    count(*) as n_records

from DEMO_DEV.FRAUD_INTELLIGENCE.BRZ_RAW_INVESTIGATION_DOCS
where DOC_ID is not null
group by DOC_ID
having count(*) > 1



      
    ) dbt_internal_test
[0m20:56:49.379919 [debug] [Thread-3 (]: Writing injected SQL for node "test.fraud_intelligence.unique_gld_alert_enriched_ALERT_ID.deb57c160c"
[0m20:56:49.380714 [debug] [Thread-2 (]: Opening a new connection, currently in state init
[0m20:56:49.382201 [debug] [Thread-3 (]: Began executing node test.fraud_intelligence.unique_gld_alert_enriched_ALERT_ID.deb57c160c
[0m20:56:49.385544 [debug] [Thread-3 (]: Writing runtime sql for node "test.fraud_intelligence.unique_gld_alert_enriched_ALERT_ID.deb57c160c"
[0m20:56:49.386931 [debug] [Thread-3 (]: Using snowflake connection "test.fraud_intelligence.unique_gld_alert_enriched_ALERT_ID.deb57c160c"
[0m20:56:49.387620 [debug] [Thread-3 (]: On test.fraud_intelligence.unique_gld_alert_enriched_ALERT_ID.deb57c160c: /* {"app": "dbt", "dbt_version": "1.9.4", "profile_name": "fraud_intelligence", "target_name": "dev", "node_id": "test.fraud_intelligence.unique_gld_alert_enriched_ALERT_ID.deb57c160c"} */
select
      count(*) as failures,
      count(*) != 0 as should_warn,
      count(*) != 0 as should_error
    from (
      
    
    

select
    ALERT_ID as unique_field,
    count(*) as n_records

from DEMO_DEV.FRAUD_INTELLIGENCE.GLD_ALERT_ENRICHED
where ALERT_ID is not null
group by ALERT_ID
having count(*) > 1



      
    ) dbt_internal_test
[0m20:56:49.388275 [debug] [Thread-3 (]: Opening a new connection, currently in state init
[0m20:56:49.585097 [debug] [Thread-4 (]: SQL status: SUCCESS 1 in 0.482 seconds
[0m20:56:49.587558 [info ] [Thread-4 (]: 25 of 30 PASS source_unique_fraud_intelligence_bronze_BRZ_RAW_ALERTS_ALERT_ID .. [[32mPASS[0m in 0.51s]
[0m20:56:49.588564 [debug] [Thread-4 (]: Finished running node test.fraud_intelligence.source_unique_fraud_intelligence_bronze_BRZ_RAW_ALERTS_ALERT_ID.0c13adb32c
[0m20:56:49.589390 [debug] [Thread-4 (]: Began running node test.fraud_intelligence.unique_gld_customer_profile_CUSTOMER_ID.3a8574bc97
[0m20:56:49.590368 [info ] [Thread-4 (]: 29 of 30 START test unique_gld_customer_profile_CUSTOMER_ID .................... [RUN]
[0m20:56:49.591270 [debug] [Thread-4 (]: Re-using an available connection from the pool (formerly test.fraud_intelligence.source_unique_fraud_intelligence_bronze_BRZ_RAW_ALERTS_ALERT_ID.0c13adb32c, now test.fraud_intelligence.unique_gld_customer_profile_CUSTOMER_ID.3a8574bc97)
[0m20:56:49.592016 [debug] [Thread-4 (]: Began compiling node test.fraud_intelligence.unique_gld_customer_profile_CUSTOMER_ID.3a8574bc97
[0m20:56:49.598957 [debug] [Thread-4 (]: Writing injected SQL for node "test.fraud_intelligence.unique_gld_customer_profile_CUSTOMER_ID.3a8574bc97"
[0m20:56:49.599837 [debug] [Thread-5 (]: SQL status: SUCCESS 1 in 0.495 seconds
[0m20:56:49.602706 [info ] [Thread-5 (]: 26 of 30 PASS source_unique_fraud_intelligence_bronze_BRZ_RAW_CUSTOMERS_CUSTOMER_ID  [[32mPASS[0m in 0.53s]
[0m20:56:49.603578 [debug] [Thread-4 (]: Began executing node test.fraud_intelligence.unique_gld_customer_profile_CUSTOMER_ID.3a8574bc97
[0m20:56:49.604495 [debug] [Thread-5 (]: Finished running node test.fraud_intelligence.source_unique_fraud_intelligence_bronze_BRZ_RAW_CUSTOMERS_CUSTOMER_ID.e2034a241d
[0m20:56:49.608023 [debug] [Thread-4 (]: Writing runtime sql for node "test.fraud_intelligence.unique_gld_customer_profile_CUSTOMER_ID.3a8574bc97"
[0m20:56:49.609013 [debug] [Thread-5 (]: Began running node test.fraud_intelligence.unique_gld_velocity_counters_CUSTOMER_ID.c7cc1a1677
[0m20:56:49.610357 [info ] [Thread-5 (]: 30 of 30 START test unique_gld_velocity_counters_CUSTOMER_ID ................... [RUN]
[0m20:56:49.611869 [debug] [Thread-5 (]: Re-using an available connection from the pool (formerly test.fraud_intelligence.source_unique_fraud_intelligence_bronze_BRZ_RAW_CUSTOMERS_CUSTOMER_ID.e2034a241d, now test.fraud_intelligence.unique_gld_velocity_counters_CUSTOMER_ID.c7cc1a1677)
[0m20:56:49.613167 [debug] [Thread-4 (]: Using snowflake connection "test.fraud_intelligence.unique_gld_customer_profile_CUSTOMER_ID.3a8574bc97"
[0m20:56:49.614004 [debug] [Thread-5 (]: Began compiling node test.fraud_intelligence.unique_gld_velocity_counters_CUSTOMER_ID.c7cc1a1677
[0m20:56:49.614884 [debug] [Thread-4 (]: On test.fraud_intelligence.unique_gld_customer_profile_CUSTOMER_ID.3a8574bc97: /* {"app": "dbt", "dbt_version": "1.9.4", "profile_name": "fraud_intelligence", "target_name": "dev", "node_id": "test.fraud_intelligence.unique_gld_customer_profile_CUSTOMER_ID.3a8574bc97"} */
select
      count(*) as failures,
      count(*) != 0 as should_warn,
      count(*) != 0 as should_error
    from (
      
    
    

select
    CUSTOMER_ID as unique_field,
    count(*) as n_records

from DEMO_DEV.FRAUD_INTELLIGENCE.GLD_CUSTOMER_PROFILE
where CUSTOMER_ID is not null
group by CUSTOMER_ID
having count(*) > 1



      
    ) dbt_internal_test
[0m20:56:49.619967 [debug] [Thread-5 (]: Writing injected SQL for node "test.fraud_intelligence.unique_gld_velocity_counters_CUSTOMER_ID.c7cc1a1677"
[0m20:56:49.620920 [debug] [Thread-4 (]: Opening a new connection, currently in state init
[0m20:56:49.622321 [debug] [Thread-5 (]: Began executing node test.fraud_intelligence.unique_gld_velocity_counters_CUSTOMER_ID.c7cc1a1677
[0m20:56:49.625681 [debug] [Thread-5 (]: Writing runtime sql for node "test.fraud_intelligence.unique_gld_velocity_counters_CUSTOMER_ID.c7cc1a1677"
[0m20:56:49.627213 [debug] [Thread-5 (]: Using snowflake connection "test.fraud_intelligence.unique_gld_velocity_counters_CUSTOMER_ID.c7cc1a1677"
[0m20:56:49.628020 [debug] [Thread-5 (]: On test.fraud_intelligence.unique_gld_velocity_counters_CUSTOMER_ID.c7cc1a1677: /* {"app": "dbt", "dbt_version": "1.9.4", "profile_name": "fraud_intelligence", "target_name": "dev", "node_id": "test.fraud_intelligence.unique_gld_velocity_counters_CUSTOMER_ID.c7cc1a1677"} */
select
      count(*) as failures,
      count(*) != 0 as should_warn,
      count(*) != 0 as should_error
    from (
      
    
    

select
    CUSTOMER_ID as unique_field,
    count(*) as n_records

from DEMO_DEV.FRAUD_INTELLIGENCE.GLD_VELOCITY_COUNTERS
where CUSTOMER_ID is not null
group by CUSTOMER_ID
having count(*) > 1



      
    ) dbt_internal_test
[0m20:56:49.628733 [debug] [Thread-5 (]: Opening a new connection, currently in state init
[0m20:56:49.795683 [debug] [Thread-2 (]: SQL status: SUCCESS 1 in 0.415 seconds
[0m20:56:49.798134 [info ] [Thread-2 (]: 27 of 30 PASS source_unique_fraud_intelligence_bronze_BRZ_RAW_INVESTIGATION_DOCS_DOC_ID  [[32mPASS[0m in 0.52s]
[0m20:56:49.799174 [debug] [Thread-2 (]: Finished running node test.fraud_intelligence.source_unique_fraud_intelligence_bronze_BRZ_RAW_INVESTIGATION_DOCS_DOC_ID.7e88e101b1
[0m20:56:49.804972 [debug] [Thread-3 (]: SQL status: SUCCESS 1 in 0.417 seconds
[0m20:56:49.807118 [info ] [Thread-3 (]: 28 of 30 PASS unique_gld_alert_enriched_ALERT_ID ............................... [[32mPASS[0m in 0.43s]
[0m20:56:49.808160 [debug] [Thread-3 (]: Finished running node test.fraud_intelligence.unique_gld_alert_enriched_ALERT_ID.deb57c160c
[0m20:56:50.196981 [debug] [Thread-4 (]: SQL status: SUCCESS 1 in 0.576 seconds
[0m20:56:50.199409 [info ] [Thread-4 (]: 29 of 30 PASS unique_gld_customer_profile_CUSTOMER_ID .......................... [[32mPASS[0m in 0.61s]
[0m20:56:50.200296 [debug] [Thread-5 (]: SQL status: SUCCESS 1 in 0.572 seconds
[0m20:56:50.201233 [debug] [Thread-4 (]: Finished running node test.fraud_intelligence.unique_gld_customer_profile_CUSTOMER_ID.3a8574bc97
[0m20:56:50.203227 [info ] [Thread-5 (]: 30 of 30 PASS unique_gld_velocity_counters_CUSTOMER_ID ......................... [[32mPASS[0m in 0.59s]
[0m20:56:50.204598 [debug] [Thread-5 (]: Finished running node test.fraud_intelligence.unique_gld_velocity_counters_CUSTOMER_ID.c7cc1a1677
[0m20:56:50.209356 [debug] [Dummy-1   ]: Connection 'master' was properly closed.
[0m20:56:50.210226 [debug] [Dummy-1   ]: Connection 'test.fraud_intelligence.source_unique_fraud_intelligence_bronze_BRZ_RAW_INVESTIGATION_DOCS_DOC_ID.7e88e101b1' was properly closed.
[0m20:56:50.210966 [debug] [Dummy-1   ]: Connection 'test.fraud_intelligence.unique_gld_alert_enriched_ALERT_ID.deb57c160c' was properly closed.
[0m20:56:50.211603 [debug] [Dummy-1   ]: Connection 'test.fraud_intelligence.unique_gld_customer_profile_CUSTOMER_ID.3a8574bc97' was properly closed.
[0m20:56:50.212207 [debug] [Dummy-1   ]: Connection 'test.fraud_intelligence.unique_gld_velocity_counters_CUSTOMER_ID.c7cc1a1677' was properly closed.
[0m20:56:50.212907 [info ] [Dummy-1   ]: 
[0m20:56:50.213687 [info ] [Dummy-1   ]: Finished running 30 data tests in 0 hours 0 minutes and 4.87 seconds (4.87s).
[0m20:56:50.217434 [debug] [Dummy-1   ]: Command end result
[0m20:56:50.247819 [debug] [Dummy-1   ]: Wrote artifact WritableManifest to /tmp/dbt/target/manifest.json
[0m20:56:50.250524 [debug] [Dummy-1   ]: Wrote artifact SemanticManifest to /tmp/dbt/target/semantic_manifest.json
[0m20:56:50.258179 [debug] [Dummy-1   ]: Wrote artifact RunExecutionResult to /tmp/dbt/target/run_results.json
[0m20:56:50.258842 [info ] [Dummy-1   ]: 
[0m20:56:50.259627 [info ] [Dummy-1   ]: [32mCompleted successfully[0m
[0m20:56:50.260394 [info ] [Dummy-1   ]: 
[0m20:56:50.261150 [info ] [Dummy-1   ]: Done. PASS=30 WARN=0 ERROR=0 SKIP=0 TOTAL=30
[0m20:56:50.263803 [debug] [Dummy-1   ]: Resource report: {"command_name": "test", "command_success": true, "command_wall_clock_time": 7.3212814, "process_in_blocks": "0", "process_kernel_time": 0.76, "process_mem_max_rss": "520632", "process_out_blocks": "0", "process_user_time": 7.5}
[0m20:56:50.264637 [debug] [Dummy-1   ]: Command `cli test` succeeded at 20:56:50.264323 after 7.32 seconds
[0m20:56:50.265281 [debug] [Dummy-1   ]: Flushing usage events


============================== 08:50:54.112816 | bbc9d766-e9be-478d-a1c6-6520511f80fc ==============================
[0m08:50:54.112816 [info ] [Dummy-1   ]: Running with dbt=1.9.4
[0m08:50:54.114024 [debug] [Dummy-1   ]: running dbt with arguments {'printer_width': '80', 'indirect_selection': 'eager', 'write_json': 'True', 'log_cache_events': 'False', 'partial_parse': 'True', 'cache_selected_only': 'False', 'warn_error': 'None', 'fail_fast': 'False', 'version_check': 'True', 'log_path': '/tmp/dbt/logs', 'profiles_dir': '/tmp/dbt/', 'debug': 'False', 'use_colors': 'True', 'use_experimental_parser': 'False', 'empty': 'None', 'quiet': 'False', 'no_print': 'None', 'warn_error_options': 'WarnErrorOptions(include=[], exclude=[])', 'static_parser': 'True', 'invocation_command': 'dbt ', 'introspect': 'True', 'target_path': '/tmp/dbt/target/', 'log_format': 'default', 'send_anonymous_usage_stats': 'False'}
[0m08:50:54.380263 [info ] [Dummy-1   ]: Registered adapter: snowflake=1.9.2
[0m08:50:55.192126 [debug] [Dummy-1   ]: checksum: 53ed91fada2233efb98368d1716b44ab532c83a9c293cf1890b7905d5b45fb25, vars: {}, profile: , target: dev, version: 1.9.4
[0m08:50:55.495770 [debug] [Dummy-1   ]: Partial parsing enabled: 0 files deleted, 1 files added, 2 files changed.
[0m08:50:55.496953 [debug] [Dummy-1   ]: Partial parsing: added file: fraud_intelligence://models/staging/stg_analyst_decisions.sql
[0m08:50:55.498876 [debug] [Dummy-1   ]: Partial parsing: updated file: fraud_intelligence://models/staging/_stg_sources.yml
[0m08:50:55.499663 [debug] [Dummy-1   ]: Partial parsing: updated file: fraud_intelligence://models/marts/gld_ml_training_set.sql
[0m08:50:56.319708 [info ] [Dummy-1   ]: Performance info: /tmp/dbt/target/perf_info.json
[0m08:50:56.421862 [debug] [Dummy-1   ]: Wrote artifact WritableManifest to /tmp/dbt/target/manifest.json
[0m08:50:56.424763 [debug] [Dummy-1   ]: Wrote artifact SemanticManifest to /tmp/dbt/target/semantic_manifest.json
[0m08:50:56.427275 [debug] [Dummy-1   ]: Resource report: {"command_name": "parse", "command_success": true, "command_wall_clock_time": 2.3838296, "process_in_blocks": "0", "process_kernel_time": 0.76, "process_mem_max_rss": "463612", "process_out_blocks": "0", "process_user_time": 5.82}
[0m08:50:56.428115 [debug] [Dummy-1   ]: Command `cli parse` succeeded at 08:50:56.427815 after 2.39 seconds
[0m08:50:56.428902 [debug] [Dummy-1   ]: Flushing usage events


============================== 08:51:27.893467 | 572313b4-f34e-437a-bb62-19082936cff5 ==============================
[0m08:51:27.893467 [info ] [Dummy-1   ]: Running with dbt=1.9.4
[0m08:51:27.894632 [debug] [Dummy-1   ]: running dbt with arguments {'printer_width': '80', 'indirect_selection': 'eager', 'log_cache_events': 'False', 'write_json': 'True', 'partial_parse': 'True', 'cache_selected_only': 'False', 'profiles_dir': '/tmp/dbt/', 'debug': 'False', 'version_check': 'True', 'log_path': '/tmp/dbt/logs', 'warn_error': 'None', 'fail_fast': 'False', 'use_colors': 'True', 'use_experimental_parser': 'False', 'empty': 'False', 'quiet': 'False', 'no_print': 'None', 'log_format': 'default', 'static_parser': 'True', 'warn_error_options': 'WarnErrorOptions(include=[], exclude=[])', 'introspect': 'True', 'target_path': '/tmp/dbt/target/', 'invocation_command': 'dbt ', 'send_anonymous_usage_stats': 'False'}
[0m08:51:28.162443 [info ] [Dummy-1   ]: Registered adapter: snowflake=1.9.2
[0m08:51:28.996675 [debug] [Dummy-1   ]: checksum: 53ed91fada2233efb98368d1716b44ab532c83a9c293cf1890b7905d5b45fb25, vars: {}, profile: , target: dev, version: 1.9.4
[0m08:51:29.310937 [debug] [Dummy-1   ]: Partial parsing enabled: 0 files deleted, 0 files added, 0 files changed.
[0m08:51:29.311777 [debug] [Dummy-1   ]: Partial parsing enabled, no changes found, skipping parsing
[0m08:51:29.461564 [debug] [Dummy-1   ]: Wrote artifact WritableManifest to /tmp/dbt/target/manifest.json
[0m08:51:29.464568 [debug] [Dummy-1   ]: Wrote artifact SemanticManifest to /tmp/dbt/target/semantic_manifest.json
[0m08:51:29.514969 [info ] [Dummy-1   ]: Found 17 models, 34 data tests, 7 sources, 474 macros
[0m08:51:29.518278 [info ] [Dummy-1   ]: 
[0m08:51:29.519150 [info ] [Dummy-1   ]: Concurrency: 4 threads (target='dev')
[0m08:51:29.519924 [info ] [Dummy-1   ]: 
[0m08:51:29.521077 [debug] [Dummy-1   ]: Acquiring new snowflake connection 'master'
[0m08:51:29.527727 [debug] [ThreadPool]: Acquiring new snowflake connection 'list_DEMO_DEV'
[0m08:51:29.674961 [debug] [ThreadPool]: Using snowflake connection "list_DEMO_DEV"
[0m08:51:29.675841 [debug] [ThreadPool]: On list_DEMO_DEV: /* {"app": "dbt", "dbt_version": "1.9.4", "profile_name": "fraud_intelligence", "target_name": "dev", "connection_name": "list_DEMO_DEV"} */
show terse schemas in database DEMO_DEV
    limit 10000
[0m08:51:29.676545 [debug] [ThreadPool]: Opening a new connection, currently in state init
[0m08:51:30.043615 [debug] [ThreadPool]: SQL status: SUCCESS 11 in 0.367 seconds
[0m08:51:30.049193 [debug] [ThreadPool]: Acquiring new snowflake connection 'list_DEMO_DEV_FRAUD_INTELLIGENCE'
[0m08:51:30.060268 [debug] [ThreadPool]: Using snowflake connection "list_DEMO_DEV_FRAUD_INTELLIGENCE"
[0m08:51:30.061094 [debug] [ThreadPool]: On list_DEMO_DEV_FRAUD_INTELLIGENCE: /* {"app": "dbt", "dbt_version": "1.9.4", "profile_name": "fraud_intelligence", "target_name": "dev", "connection_name": "list_DEMO_DEV_FRAUD_INTELLIGENCE"} */
alter session set quoted_identifiers_ignore_case = false;
[0m08:51:30.061780 [debug] [ThreadPool]: Opening a new connection, currently in state init
[0m08:51:30.505765 [debug] [ThreadPool]: SQL status: SUCCESS 1 in 0.444 seconds
[0m08:51:30.510211 [debug] [ThreadPool]: Using snowflake connection "list_DEMO_DEV_FRAUD_INTELLIGENCE"
[0m08:51:30.510938 [debug] [ThreadPool]: On list_DEMO_DEV_FRAUD_INTELLIGENCE: /* {"app": "dbt", "dbt_version": "1.9.4", "profile_name": "fraud_intelligence", "target_name": "dev", "connection_name": "list_DEMO_DEV_FRAUD_INTELLIGENCE"} */
show objects in DEMO_DEV.FRAUD_INTELLIGENCE
    limit 10000
    
;
[0m08:51:30.619594 [debug] [ThreadPool]: SQL status: SUCCESS 25 in 0.108 seconds
[0m08:51:30.622273 [debug] [ThreadPool]: Using snowflake connection "list_DEMO_DEV_FRAUD_INTELLIGENCE"
[0m08:51:30.623007 [debug] [ThreadPool]: On list_DEMO_DEV_FRAUD_INTELLIGENCE: /* {"app": "dbt", "dbt_version": "1.9.4", "profile_name": "fraud_intelligence", "target_name": "dev", "connection_name": "list_DEMO_DEV_FRAUD_INTELLIGENCE"} */
alter session unset quoted_identifiers_ignore_case;
[0m08:51:30.737525 [debug] [ThreadPool]: SQL status: SUCCESS 1 in 0.114 seconds
[0m08:51:30.758976 [debug] [Thread-2 (]: Began running node model.fraud_intelligence.int_fraud_model_metadata
[0m08:51:30.759799 [debug] [Thread-3 (]: Began running node model.fraud_intelligence.int_model_performance_log
[0m08:51:30.760610 [debug] [Thread-4 (]: Began running node model.fraud_intelligence.stg_analyst_decisions
[0m08:51:30.761439 [debug] [Thread-5 (]: Began running node model.fraud_intelligence.stg_raw_alerts
[0m08:51:30.762350 [info ] [Thread-2 (]: 1 of 17 START sql table model FRAUD_INTELLIGENCE.SLV_FRAUD_MODEL_METADATA ...... [RUN]
[0m08:51:30.763412 [info ] [Thread-3 (]: 2 of 17 START sql table model FRAUD_INTELLIGENCE.SLV_MODEL_PERFORMANCE_LOG ..... [RUN]
[0m08:51:30.764427 [info ] [Thread-4 (]: 3 of 17 START sql view model FRAUD_INTELLIGENCE.stg_analyst_decisions .......... [RUN]
[0m08:51:30.765420 [info ] [Thread-5 (]: 4 of 17 START sql view model FRAUD_INTELLIGENCE.stg_raw_alerts ................. [RUN]
[0m08:51:30.766426 [debug] [Thread-2 (]: Re-using an available connection from the pool (formerly list_DEMO_DEV_FRAUD_INTELLIGENCE, now model.fraud_intelligence.int_fraud_model_metadata)
[0m08:51:30.767335 [debug] [Thread-3 (]: Re-using an available connection from the pool (formerly list_DEMO_DEV, now model.fraud_intelligence.int_model_performance_log)
[0m08:51:30.768292 [debug] [Thread-4 (]: Acquiring new snowflake connection 'model.fraud_intelligence.stg_analyst_decisions'
[0m08:51:30.769270 [debug] [Thread-5 (]: Acquiring new snowflake connection 'model.fraud_intelligence.stg_raw_alerts'
[0m08:51:30.770105 [debug] [Thread-2 (]: Began compiling node model.fraud_intelligence.int_fraud_model_metadata
[0m08:51:30.770897 [debug] [Thread-3 (]: Began compiling node model.fraud_intelligence.int_model_performance_log
[0m08:51:30.771675 [debug] [Thread-4 (]: Began compiling node model.fraud_intelligence.stg_analyst_decisions
[0m08:51:30.772471 [debug] [Thread-5 (]: Began compiling node model.fraud_intelligence.stg_raw_alerts
[0m08:51:30.780487 [debug] [Thread-2 (]: Writing injected SQL for node "model.fraud_intelligence.int_fraud_model_metadata"
[0m08:51:30.784709 [debug] [Thread-3 (]: Writing injected SQL for node "model.fraud_intelligence.int_model_performance_log"
[0m08:51:30.790815 [debug] [Thread-4 (]: Writing injected SQL for node "model.fraud_intelligence.stg_analyst_decisions"
[0m08:51:30.795193 [debug] [Thread-5 (]: Writing injected SQL for node "model.fraud_intelligence.stg_raw_alerts"
[0m08:51:30.797077 [debug] [Thread-2 (]: Began executing node model.fraud_intelligence.int_fraud_model_metadata
[0m08:51:30.798624 [debug] [Thread-3 (]: Began executing node model.fraud_intelligence.int_model_performance_log
[0m08:51:30.800336 [debug] [Thread-4 (]: Began executing node model.fraud_intelligence.stg_analyst_decisions
[0m08:51:30.811790 [debug] [Thread-5 (]: Began executing node model.fraud_intelligence.stg_raw_alerts
[0m08:51:30.830155 [debug] [Thread-2 (]: Writing runtime sql for node "model.fraud_intelligence.int_fraud_model_metadata"
[0m08:51:30.834338 [debug] [Thread-3 (]: Writing runtime sql for node "model.fraud_intelligence.int_model_performance_log"
[0m08:51:30.904643 [debug] [Thread-4 (]: Writing runtime sql for node "model.fraud_intelligence.stg_analyst_decisions"
[0m08:51:30.910208 [debug] [Thread-5 (]: Writing runtime sql for node "model.fraud_intelligence.stg_raw_alerts"
[0m08:51:30.912701 [debug] [Thread-2 (]: Using snowflake connection "model.fraud_intelligence.int_fraud_model_metadata"
[0m08:51:30.914794 [debug] [Thread-3 (]: Using snowflake connection "model.fraud_intelligence.int_model_performance_log"
[0m08:51:30.916865 [debug] [Thread-4 (]: Using snowflake connection "model.fraud_intelligence.stg_analyst_decisions"
[0m08:51:30.918235 [debug] [Thread-2 (]: On model.fraud_intelligence.int_fraud_model_metadata: /* {"app": "dbt", "dbt_version": "1.9.4", "profile_name": "fraud_intelligence", "target_name": "dev", "node_id": "model.fraud_intelligence.int_fraud_model_metadata"} */
create or replace transient table DEMO_DEV.FRAUD_INTELLIGENCE.SLV_FRAUD_MODEL_METADATA
         as
        (

SELECT
    'FRAUD_DETECTION_MODEL' AS MODEL_NAME,
    'v1' AS MODEL_VERSION,
    'XGBClassifier' AS MODEL_TYPE,
    'ACTIVE' AS MODEL_STATUS,
    CURRENT_TIMESTAMP() AS LAST_TRAINED_AT,
    CURRENT_TIMESTAMP() AS CREATED_AT
        );
[0m08:51:30.919454 [debug] [Thread-5 (]: Using snowflake connection "model.fraud_intelligence.stg_raw_alerts"
[0m08:51:30.920343 [debug] [Thread-3 (]: On model.fraud_intelligence.int_model_performance_log: /* {"app": "dbt", "dbt_version": "1.9.4", "profile_name": "fraud_intelligence", "target_name": "dev", "node_id": "model.fraud_intelligence.int_model_performance_log"} */
create or replace transient table DEMO_DEV.FRAUD_INTELLIGENCE.SLV_MODEL_PERFORMANCE_LOG
         as
        (

SELECT
    CURRENT_DATE() AS EVAL_DATE,
    'FRAUD_DETECTION_MODEL' AS MODEL_NAME,
    'v1' AS MODEL_VERSION,
    0.92 AS PRECISION_SCORE,
    0.87 AS RECALL_SCORE,
    0.89 AS F1_SCORE,
    0.95 AS AUC_ROC,
    CURRENT_TIMESTAMP() AS LOGGED_AT
        );
[0m08:51:30.921273 [debug] [Thread-4 (]: On model.fraud_intelligence.stg_analyst_decisions: /* {"app": "dbt", "dbt_version": "1.9.4", "profile_name": "fraud_intelligence", "target_name": "dev", "node_id": "model.fraud_intelligence.stg_analyst_decisions"} */
create or replace   view DEMO_DEV.FRAUD_INTELLIGENCE.stg_analyst_decisions
  
   as (
    

SELECT
    DECISION_ID,
    ALERT_ID,
    TRANSACTION_ID,
    CUSTOMER_ID,
    ANALYST_ID,
    DECISION_TIMESTAMP AS DECISION_DATE,
    DECISION,
    SAR_RECOMMENDED,
    SAR_FILED,
    SAR_FILED_DATE,
    ML_SCORE_AT_DECISION,
    AGENT_RECOMMENDATION,
    AGENT_CONFIDENCE,
    AGENT_REASONING_SUMMARY,
    RULE_TRIGGERED,
    RULE_ML_AGREEMENT,
    SAR_THRESHOLD_MET,
    CONFIDENCE_LEVEL,
    DECISION_NOTES,
    AGENT_SCORED_AT,
    AGENT_REASONED_AT,
    SOURCE_SYSTEM,
    INGESTED_AT
FROM DEMO_DEV.FRAUD_INTELLIGENCE.BRZ_ANALYST_DECISIONS
WHERE DECISION_ID IS NOT NULL
  );
[0m08:51:30.922288 [debug] [Thread-2 (]: Opening a new connection, currently in state init
[0m08:51:30.923154 [debug] [Thread-5 (]: On model.fraud_intelligence.stg_raw_alerts: /* {"app": "dbt", "dbt_version": "1.9.4", "profile_name": "fraud_intelligence", "target_name": "dev", "node_id": "model.fraud_intelligence.stg_raw_alerts"} */
create or replace   view DEMO_DEV.FRAUD_INTELLIGENCE.stg_raw_alerts
  
   as (
    

SELECT
    ALERT_ID,
    CUSTOMER_ID,
    ALERT_DATE,
    RULE_CODE,
    RULE_DESCRIPTION,
    ALERT_RISK_SCORE,
    ALERT_STATUS,
    ANALYST_ID,
    DISPOSITION,
    SAR_FILED,
    INGESTED_AT
FROM DEMO_DEV.FRAUD_INTELLIGENCE.BRZ_RAW_ALERTS
WHERE ALERT_ID IS NOT NULL
  );
[0m08:51:30.924134 [debug] [Thread-3 (]: Opening a new connection, currently in state init
[0m08:51:30.924984 [debug] [Thread-4 (]: Opening a new connection, currently in state init
[0m08:51:30.926254 [debug] [Thread-5 (]: Opening a new connection, currently in state init
[0m08:51:31.531333 [debug] [Thread-5 (]: SQL status: SUCCESS 1 in 0.605 seconds
[0m08:51:31.554050 [debug] [Thread-4 (]: SQL status: SUCCESS 1 in 0.629 seconds
[0m08:51:31.558818 [info ] [Thread-5 (]: 4 of 17 OK created sql view model FRAUD_INTELLIGENCE.stg_raw_alerts ............ [[32mSUCCESS 1[0m in 0.78s]
[0m08:51:31.559782 [info ] [Thread-4 (]: 3 of 17 OK created sql view model FRAUD_INTELLIGENCE.stg_analyst_decisions ..... [[32mSUCCESS 1[0m in 0.79s]
[0m08:51:31.560838 [debug] [Thread-5 (]: Finished running node model.fraud_intelligence.stg_raw_alerts
[0m08:51:31.561849 [debug] [Thread-4 (]: Finished running node model.fraud_intelligence.stg_analyst_decisions
[0m08:51:31.562903 [debug] [Thread-5 (]: Began running node model.fraud_intelligence.stg_raw_customers
[0m08:51:31.564475 [debug] [Thread-4 (]: Began running node model.fraud_intelligence.stg_raw_investigation_docs
[0m08:51:31.565753 [info ] [Thread-5 (]: 5 of 17 START sql view model FRAUD_INTELLIGENCE.stg_raw_customers .............. [RUN]
[0m08:51:31.566915 [info ] [Thread-4 (]: 6 of 17 START sql view model FRAUD_INTELLIGENCE.stg_raw_investigation_docs ..... [RUN]
[0m08:51:31.568107 [debug] [Thread-5 (]: Re-using an available connection from the pool (formerly model.fraud_intelligence.stg_raw_alerts, now model.fraud_intelligence.stg_raw_customers)
[0m08:51:31.569189 [debug] [Thread-4 (]: Re-using an available connection from the pool (formerly model.fraud_intelligence.stg_analyst_decisions, now model.fraud_intelligence.stg_raw_investigation_docs)
[0m08:51:31.570162 [debug] [Thread-5 (]: Began compiling node model.fraud_intelligence.stg_raw_customers
[0m08:51:31.571076 [debug] [Thread-4 (]: Began compiling node model.fraud_intelligence.stg_raw_investigation_docs
[0m08:51:31.576009 [debug] [Thread-5 (]: Writing injected SQL for node "model.fraud_intelligence.stg_raw_customers"
[0m08:51:31.580508 [debug] [Thread-4 (]: Writing injected SQL for node "model.fraud_intelligence.stg_raw_investigation_docs"
[0m08:51:31.582769 [debug] [Thread-5 (]: Began executing node model.fraud_intelligence.stg_raw_customers
[0m08:51:31.589393 [debug] [Thread-4 (]: Began executing node model.fraud_intelligence.stg_raw_investigation_docs
[0m08:51:31.589887 [debug] [Thread-5 (]: Writing runtime sql for node "model.fraud_intelligence.stg_raw_customers"
[0m08:51:31.594269 [debug] [Thread-4 (]: Writing runtime sql for node "model.fraud_intelligence.stg_raw_investigation_docs"
[0m08:51:31.597070 [debug] [Thread-5 (]: Using snowflake connection "model.fraud_intelligence.stg_raw_customers"
[0m08:51:31.598235 [debug] [Thread-5 (]: On model.fraud_intelligence.stg_raw_customers: /* {"app": "dbt", "dbt_version": "1.9.4", "profile_name": "fraud_intelligence", "target_name": "dev", "node_id": "model.fraud_intelligence.stg_raw_customers"} */
create or replace   view DEMO_DEV.FRAUD_INTELLIGENCE.stg_raw_customers
  
   as (
    

SELECT
    CUSTOMER_ID,
    FULL_NAME,
    DATE_OF_BIRTH,
    EMAIL,
    PHONE,
    RISK_SEGMENT,
    KYC_COMPLETE,
    IS_SYNTHETIC_FLAG,
    IS_MERGER_DUP_FLAG,
    CUSTOMER_SINCE,
    ACCOUNT_COUNT,
    DATEDIFF(DAY, CUSTOMER_SINCE, CURRENT_DATE()) AS CUSTOMER_TENURE_DAYS,
    INGESTED_AT
FROM DEMO_DEV.FRAUD_INTELLIGENCE.BRZ_RAW_CUSTOMERS
WHERE CUSTOMER_ID IS NOT NULL
  );
[0m08:51:31.599315 [debug] [Thread-4 (]: Using snowflake connection "model.fraud_intelligence.stg_raw_investigation_docs"
[0m08:51:31.600207 [debug] [Thread-5 (]: Opening a new connection, currently in state init
[0m08:51:31.601097 [debug] [Thread-4 (]: On model.fraud_intelligence.stg_raw_investigation_docs: /* {"app": "dbt", "dbt_version": "1.9.4", "profile_name": "fraud_intelligence", "target_name": "dev", "node_id": "model.fraud_intelligence.stg_raw_investigation_docs"} */
create or replace   view DEMO_DEV.FRAUD_INTELLIGENCE.stg_raw_investigation_docs
  
   as (
    

SELECT
    DOC_ID,
    DOC_TITLE,
    DOC_CONTENT,
    DOC_CATEGORY,
    EFFECTIVE_DATE,
    INGESTED_AT
FROM DEMO_DEV.FRAUD_INTELLIGENCE.BRZ_RAW_INVESTIGATION_DOCS
WHERE DOC_ID IS NOT NULL
  );
[0m08:51:31.602320 [debug] [Thread-4 (]: Opening a new connection, currently in state init
[0m08:51:32.070803 [debug] [Thread-2 (]: SQL status: SUCCESS 1 in 1.148 seconds
[0m08:51:32.071753 [debug] [Thread-3 (]: SQL status: SUCCESS 1 in 1.148 seconds
[0m08:51:32.075400 [info ] [Thread-2 (]: 1 of 17 OK created sql table model FRAUD_INTELLIGENCE.SLV_FRAUD_MODEL_METADATA . [[32mSUCCESS 1[0m in 1.31s]
[0m08:51:32.078503 [info ] [Thread-3 (]: 2 of 17 OK created sql table model FRAUD_INTELLIGENCE.SLV_MODEL_PERFORMANCE_LOG  [[32mSUCCESS 1[0m in 1.31s]
[0m08:51:32.079618 [debug] [Thread-2 (]: Finished running node model.fraud_intelligence.int_fraud_model_metadata
[0m08:51:32.080638 [debug] [Thread-3 (]: Finished running node model.fraud_intelligence.int_model_performance_log
[0m08:51:32.081619 [debug] [Thread-2 (]: Began running node model.fraud_intelligence.stg_raw_rule_definitions
[0m08:51:32.082669 [debug] [Thread-3 (]: Began running node model.fraud_intelligence.stg_raw_transactions
[0m08:51:32.083798 [info ] [Thread-2 (]: 7 of 17 START sql view model FRAUD_INTELLIGENCE.stg_raw_rule_definitions ....... [RUN]
[0m08:51:32.084846 [info ] [Thread-3 (]: 8 of 17 START sql view model FRAUD_INTELLIGENCE.stg_raw_transactions ........... [RUN]
[0m08:51:32.085944 [debug] [Thread-2 (]: Re-using an available connection from the pool (formerly model.fraud_intelligence.int_fraud_model_metadata, now model.fraud_intelligence.stg_raw_rule_definitions)
[0m08:51:32.086872 [debug] [Thread-3 (]: Re-using an available connection from the pool (formerly model.fraud_intelligence.int_model_performance_log, now model.fraud_intelligence.stg_raw_transactions)
[0m08:51:32.087813 [debug] [Thread-2 (]: Began compiling node model.fraud_intelligence.stg_raw_rule_definitions
[0m08:51:32.088675 [debug] [Thread-3 (]: Began compiling node model.fraud_intelligence.stg_raw_transactions
[0m08:51:32.093186 [debug] [Thread-2 (]: Writing injected SQL for node "model.fraud_intelligence.stg_raw_rule_definitions"
[0m08:51:32.097468 [debug] [Thread-3 (]: Writing injected SQL for node "model.fraud_intelligence.stg_raw_transactions"
[0m08:51:32.099310 [debug] [Thread-2 (]: Began executing node model.fraud_intelligence.stg_raw_rule_definitions
[0m08:51:32.104569 [debug] [Thread-2 (]: Writing runtime sql for node "model.fraud_intelligence.stg_raw_rule_definitions"
[0m08:51:32.105278 [debug] [Thread-3 (]: Began executing node model.fraud_intelligence.stg_raw_transactions
[0m08:51:32.109716 [debug] [Thread-3 (]: Writing runtime sql for node "model.fraud_intelligence.stg_raw_transactions"
[0m08:51:32.111165 [debug] [Thread-2 (]: Using snowflake connection "model.fraud_intelligence.stg_raw_rule_definitions"
[0m08:51:32.112192 [debug] [Thread-2 (]: On model.fraud_intelligence.stg_raw_rule_definitions: /* {"app": "dbt", "dbt_version": "1.9.4", "profile_name": "fraud_intelligence", "target_name": "dev", "node_id": "model.fraud_intelligence.stg_raw_rule_definitions"} */
create or replace   view DEMO_DEV.FRAUD_INTELLIGENCE.stg_raw_rule_definitions
  
   as (
    

SELECT
    RULE_CODE,
    RULE_NAME,
    RULE_DESCRIPTION,
    RULE_CATEGORY,
    RISK_WEIGHT,
    IS_ACTIVE,
    CREATED_DATE,
    INGESTED_AT
FROM DEMO_DEV.FRAUD_INTELLIGENCE.BRZ_RAW_RULE_DEFINITIONS
WHERE RULE_CODE IS NOT NULL
  );
[0m08:51:32.113100 [debug] [Thread-2 (]: Opening a new connection, currently in state init
[0m08:51:32.114304 [debug] [Thread-3 (]: Using snowflake connection "model.fraud_intelligence.stg_raw_transactions"
[0m08:51:32.115507 [debug] [Thread-3 (]: On model.fraud_intelligence.stg_raw_transactions: /* {"app": "dbt", "dbt_version": "1.9.4", "profile_name": "fraud_intelligence", "target_name": "dev", "node_id": "model.fraud_intelligence.stg_raw_transactions"} */
create or replace   view DEMO_DEV.FRAUD_INTELLIGENCE.stg_raw_transactions
  
   as (
    

SELECT
    TRANSACTION_ID,
    CUSTOMER_ID,
    ACCOUNT_ID,
    TRANSACTION_DATE,
    TRANSACTION_AMOUNT,
    TRANSACTION_TYPE,
    MERCHANT_CATEGORY,
    CHANNEL,
    MERCHANT_NAME,
    MERCHANT_COUNTRY,
    INGESTED_AT
FROM DEMO_DEV.FRAUD_INTELLIGENCE.BRZ_RAW_TRANSACTIONS
WHERE TRANSACTION_ID IS NOT NULL
  );
[0m08:51:32.116282 [debug] [Thread-3 (]: Opening a new connection, currently in state init
[0m08:51:32.172304 [debug] [Thread-4 (]: SQL status: SUCCESS 1 in 0.570 seconds
[0m08:51:32.175603 [info ] [Thread-4 (]: 6 of 17 OK created sql view model FRAUD_INTELLIGENCE.stg_raw_investigation_docs  [[32mSUCCESS 1[0m in 0.61s]
[0m08:51:32.189411 [debug] [Thread-4 (]: Finished running node model.fraud_intelligence.stg_raw_investigation_docs
[0m08:51:32.190710 [debug] [Thread-4 (]: Began running node model.fraud_intelligence.stg_raw_velocity_events
[0m08:51:32.192192 [info ] [Thread-4 (]: 9 of 17 START sql view model FRAUD_INTELLIGENCE.stg_raw_velocity_events ........ [RUN]
[0m08:51:32.193242 [debug] [Thread-4 (]: Re-using an available connection from the pool (formerly model.fraud_intelligence.stg_raw_investigation_docs, now model.fraud_intelligence.stg_raw_velocity_events)
[0m08:51:32.194052 [debug] [Thread-4 (]: Began compiling node model.fraud_intelligence.stg_raw_velocity_events
[0m08:51:32.198274 [debug] [Thread-4 (]: Writing injected SQL for node "model.fraud_intelligence.stg_raw_velocity_events"
[0m08:51:32.199387 [debug] [Thread-4 (]: Began executing node model.fraud_intelligence.stg_raw_velocity_events
[0m08:51:32.203398 [debug] [Thread-4 (]: Writing runtime sql for node "model.fraud_intelligence.stg_raw_velocity_events"
[0m08:51:32.205000 [debug] [Thread-4 (]: Using snowflake connection "model.fraud_intelligence.stg_raw_velocity_events"
[0m08:51:32.205843 [debug] [Thread-4 (]: On model.fraud_intelligence.stg_raw_velocity_events: /* {"app": "dbt", "dbt_version": "1.9.4", "profile_name": "fraud_intelligence", "target_name": "dev", "node_id": "model.fraud_intelligence.stg_raw_velocity_events"} */
create or replace   view DEMO_DEV.FRAUD_INTELLIGENCE.stg_raw_velocity_events
  
   as (
    

SELECT
    EVENT_ID,
    CUSTOMER_ID,
    EVENT_TIMESTAMP,
    TXN_COUNT_1H,
    TXN_COUNT_24H,
    TXN_AMOUNT_1H,
    TXN_AMOUNT_24H,
    DISTINCT_MERCHANTS_24H,
    RECENT_TXN_COUNT,
    RECENT_TXN_AMOUNT,
    FRAUD_RATE_7D,
    INGESTED_AT
FROM DEMO_DEV.FRAUD_INTELLIGENCE.BRZ_RAW_VELOCITY_EVENTS
WHERE CUSTOMER_ID IS NOT NULL
  );
[0m08:51:32.206578 [debug] [Thread-4 (]: Opening a new connection, currently in state init
[0m08:51:32.304190 [debug] [Thread-5 (]: SQL status: SUCCESS 1 in 0.704 seconds
[0m08:51:32.307605 [info ] [Thread-5 (]: 5 of 17 OK created sql view model FRAUD_INTELLIGENCE.stg_raw_customers ......... [[32mSUCCESS 1[0m in 0.74s]
[0m08:51:32.308761 [debug] [Thread-5 (]: Finished running node model.fraud_intelligence.stg_raw_customers
[0m08:51:32.309763 [debug] [Thread-5 (]: Began running node model.fraud_intelligence.gld_alert_enriched
[0m08:51:32.311170 [info ] [Thread-5 (]: 10 of 17 START sql table model FRAUD_INTELLIGENCE.GLD_ALERT_ENRICHED ........... [RUN]
[0m08:51:32.312196 [debug] [Thread-5 (]: Re-using an available connection from the pool (formerly model.fraud_intelligence.stg_raw_customers, now model.fraud_intelligence.gld_alert_enriched)
[0m08:51:32.312967 [debug] [Thread-5 (]: Began compiling node model.fraud_intelligence.gld_alert_enriched
[0m08:51:32.318832 [debug] [Thread-5 (]: Writing injected SQL for node "model.fraud_intelligence.gld_alert_enriched"
[0m08:51:32.320070 [debug] [Thread-5 (]: Began executing node model.fraud_intelligence.gld_alert_enriched
[0m08:51:32.323890 [debug] [Thread-5 (]: Writing runtime sql for node "model.fraud_intelligence.gld_alert_enriched"
[0m08:51:32.326532 [debug] [Thread-5 (]: Using snowflake connection "model.fraud_intelligence.gld_alert_enriched"
[0m08:51:32.327342 [debug] [Thread-5 (]: On model.fraud_intelligence.gld_alert_enriched: /* {"app": "dbt", "dbt_version": "1.9.4", "profile_name": "fraud_intelligence", "target_name": "dev", "node_id": "model.fraud_intelligence.gld_alert_enriched"} */
create or replace transient table DEMO_DEV.FRAUD_INTELLIGENCE.GLD_ALERT_ENRICHED
         as
        (

SELECT
    a.ALERT_ID,
    a.CUSTOMER_ID,
    a.ALERT_DATE,
    a.RULE_CODE,
    a.RULE_DESCRIPTION,
    a.ALERT_RISK_SCORE,
    a.ALERT_STATUS,
    a.ANALYST_ID,
    a.DISPOSITION,
    a.SAR_FILED,
    CASE
        WHEN a.DISPOSITION IN ('FRAUD_CONFIRMED', 'SAR_FILED') THEN TRUE
        ELSE FALSE
    END AS IS_FRAUD_DERIVED,
    a.INGESTED_AT AS DBT_LOADED_AT
FROM DEMO_DEV.FRAUD_INTELLIGENCE.stg_raw_alerts a
        );
[0m08:51:32.328200 [debug] [Thread-5 (]: Opening a new connection, currently in state init
[0m08:51:32.804100 [debug] [Thread-2 (]: SQL status: SUCCESS 1 in 0.691 seconds
[0m08:51:32.805156 [debug] [Thread-3 (]: SQL status: SUCCESS 1 in 0.689 seconds
[0m08:51:32.806029 [debug] [Thread-4 (]: SQL status: SUCCESS 1 in 0.599 seconds
[0m08:51:32.809239 [info ] [Thread-2 (]: 7 of 17 OK created sql view model FRAUD_INTELLIGENCE.stg_raw_rule_definitions .. [[32mSUCCESS 1[0m in 0.72s]
[0m08:51:32.812055 [info ] [Thread-3 (]: 8 of 17 OK created sql view model FRAUD_INTELLIGENCE.stg_raw_transactions ...... [[32mSUCCESS 1[0m in 0.73s]
[0m08:51:32.814865 [info ] [Thread-4 (]: 9 of 17 OK created sql view model FRAUD_INTELLIGENCE.stg_raw_velocity_events ... [[32mSUCCESS 1[0m in 0.62s]
[0m08:51:32.815915 [debug] [Thread-2 (]: Finished running node model.fraud_intelligence.stg_raw_rule_definitions
[0m08:51:32.816892 [debug] [Thread-3 (]: Finished running node model.fraud_intelligence.stg_raw_transactions
[0m08:51:32.817801 [debug] [Thread-4 (]: Finished running node model.fraud_intelligence.stg_raw_velocity_events
[0m08:51:32.818681 [debug] [Thread-2 (]: Began running node model.fraud_intelligence.int_investigation_knowledge_base
[0m08:51:32.819945 [debug] [Thread-3 (]: Began running node model.fraud_intelligence.gld_customer_profile
[0m08:51:32.820932 [debug] [Thread-4 (]: Began running node model.fraud_intelligence.int_rule_code_knowledge_map
[0m08:51:32.822261 [info ] [Thread-2 (]: 11 of 17 START sql table model FRAUD_INTELLIGENCE.SLV_INVESTIGATION_KNOWLEDGE_BASE  [RUN]
[0m08:51:32.823240 [info ] [Thread-3 (]: 12 of 17 START sql table model FRAUD_INTELLIGENCE.GLD_CUSTOMER_PROFILE ......... [RUN]
[0m08:51:32.824361 [info ] [Thread-4 (]: 13 of 17 START sql table model FRAUD_INTELLIGENCE.SLV_RULE_CODE_KNOWLEDGE_MAP .. [RUN]
[0m08:51:32.825413 [debug] [Thread-2 (]: Re-using an available connection from the pool (formerly model.fraud_intelligence.stg_raw_rule_definitions, now model.fraud_intelligence.int_investigation_knowledge_base)
[0m08:51:32.826318 [debug] [Thread-3 (]: Re-using an available connection from the pool (formerly model.fraud_intelligence.stg_raw_transactions, now model.fraud_intelligence.gld_customer_profile)
[0m08:51:32.827299 [debug] [Thread-4 (]: Re-using an available connection from the pool (formerly model.fraud_intelligence.stg_raw_velocity_events, now model.fraud_intelligence.int_rule_code_knowledge_map)
[0m08:51:32.828104 [debug] [Thread-2 (]: Began compiling node model.fraud_intelligence.int_investigation_knowledge_base
[0m08:51:32.828966 [debug] [Thread-3 (]: Began compiling node model.fraud_intelligence.gld_customer_profile
[0m08:51:32.829746 [debug] [Thread-4 (]: Began compiling node model.fraud_intelligence.int_rule_code_knowledge_map
[0m08:51:32.834525 [debug] [Thread-2 (]: Writing injected SQL for node "model.fraud_intelligence.int_investigation_knowledge_base"
[0m08:51:32.838910 [debug] [Thread-3 (]: Writing injected SQL for node "model.fraud_intelligence.gld_customer_profile"
[0m08:51:32.843037 [debug] [Thread-4 (]: Writing injected SQL for node "model.fraud_intelligence.int_rule_code_knowledge_map"
[0m08:51:32.845302 [debug] [Thread-2 (]: Began executing node model.fraud_intelligence.int_investigation_knowledge_base
[0m08:51:32.846656 [debug] [Thread-3 (]: Began executing node model.fraud_intelligence.gld_customer_profile
[0m08:51:32.852251 [debug] [Thread-2 (]: Writing runtime sql for node "model.fraud_intelligence.int_investigation_knowledge_base"
[0m08:51:32.853292 [debug] [Thread-4 (]: Began executing node model.fraud_intelligence.int_rule_code_knowledge_map
[0m08:51:32.857489 [debug] [Thread-3 (]: Writing runtime sql for node "model.fraud_intelligence.gld_customer_profile"
[0m08:51:32.862400 [debug] [Thread-4 (]: Writing runtime sql for node "model.fraud_intelligence.int_rule_code_knowledge_map"
[0m08:51:32.863744 [debug] [Thread-2 (]: Using snowflake connection "model.fraud_intelligence.int_investigation_knowledge_base"
[0m08:51:32.866166 [debug] [Thread-3 (]: Using snowflake connection "model.fraud_intelligence.gld_customer_profile"
[0m08:51:32.867365 [debug] [Thread-2 (]: On model.fraud_intelligence.int_investigation_knowledge_base: /* {"app": "dbt", "dbt_version": "1.9.4", "profile_name": "fraud_intelligence", "target_name": "dev", "node_id": "model.fraud_intelligence.int_investigation_knowledge_base"} */
create or replace transient table DEMO_DEV.FRAUD_INTELLIGENCE.SLV_INVESTIGATION_KNOWLEDGE_BASE
         as
        (

SELECT
    DOC_ID,
    DOC_TITLE AS TITLE,
    DOC_CONTENT AS CONTENT,
    DOC_CATEGORY AS CATEGORY,
    EFFECTIVE_DATE,
    INGESTED_AT AS LOADED_AT
FROM DEMO_DEV.FRAUD_INTELLIGENCE.stg_raw_investigation_docs
        );
[0m08:51:32.868706 [debug] [Thread-4 (]: Using snowflake connection "model.fraud_intelligence.int_rule_code_knowledge_map"
[0m08:51:32.869643 [debug] [Thread-3 (]: On model.fraud_intelligence.gld_customer_profile: /* {"app": "dbt", "dbt_version": "1.9.4", "profile_name": "fraud_intelligence", "target_name": "dev", "node_id": "model.fraud_intelligence.gld_customer_profile"} */
create or replace transient table DEMO_DEV.FRAUD_INTELLIGENCE.GLD_CUSTOMER_PROFILE
         as
        (

SELECT
    c.CUSTOMER_ID,
    c.FULL_NAME,
    c.RISK_SEGMENT,
    c.KYC_COMPLETE,
    c.IS_SYNTHETIC_FLAG,
    c.IS_MERGER_DUP_FLAG,
    c.ACCOUNT_COUNT,
    c.CUSTOMER_TENURE_DAYS,
    DATEDIFF(DAY, c.CUSTOMER_SINCE, CURRENT_DATE()) AS MIN_ACCOUNT_AGE_DAYS,
    DATEDIFF(DAY, c.CUSTOMER_SINCE, CURRENT_DATE()) AS MAX_ACCOUNT_AGE_DAYS,
    COALESCE(alert_counts.PRIOR_ALERT_COUNT, 0) AS PRIOR_ALERT_COUNT,
    c.INGESTED_AT AS DBT_LOADED_AT
FROM DEMO_DEV.FRAUD_INTELLIGENCE.stg_raw_customers c
LEFT JOIN (
    SELECT CUSTOMER_ID, COUNT(*) AS PRIOR_ALERT_COUNT
    FROM DEMO_DEV.FRAUD_INTELLIGENCE.stg_raw_alerts
    GROUP BY CUSTOMER_ID
) alert_counts ON c.CUSTOMER_ID = alert_counts.CUSTOMER_ID
        );
[0m08:51:32.870580 [debug] [Thread-2 (]: Opening a new connection, currently in state init
[0m08:51:32.871537 [debug] [Thread-4 (]: On model.fraud_intelligence.int_rule_code_knowledge_map: /* {"app": "dbt", "dbt_version": "1.9.4", "profile_name": "fraud_intelligence", "target_name": "dev", "node_id": "model.fraud_intelligence.int_rule_code_knowledge_map"} */
create or replace transient table DEMO_DEV.FRAUD_INTELLIGENCE.SLV_RULE_CODE_KNOWLEDGE_MAP
         as
        (

SELECT
    RULE_CODE,
    RULE_NAME,
    RULE_DESCRIPTION AS DESCRIPTION,
    RULE_CATEGORY AS CATEGORY,
    RISK_WEIGHT,
    IS_ACTIVE,
    CREATED_DATE,
    INGESTED_AT AS LOADED_AT
FROM DEMO_DEV.FRAUD_INTELLIGENCE.stg_raw_rule_definitions
        );
[0m08:51:32.872707 [debug] [Thread-3 (]: Opening a new connection, currently in state init
[0m08:51:32.874175 [debug] [Thread-4 (]: Opening a new connection, currently in state init
[0m08:51:33.546481 [debug] [Thread-5 (]: SQL status: SUCCESS 1 in 1.218 seconds
[0m08:51:33.549763 [info ] [Thread-5 (]: 10 of 17 OK created sql table model FRAUD_INTELLIGENCE.GLD_ALERT_ENRICHED ...... [[32mSUCCESS 1[0m in 1.24s]
[0m08:51:33.550810 [debug] [Thread-5 (]: Finished running node model.fraud_intelligence.gld_alert_enriched
[0m08:51:33.551724 [debug] [Thread-5 (]: Began running node model.fraud_intelligence.gld_velocity_counters
[0m08:51:33.552794 [info ] [Thread-5 (]: 14 of 17 START sql table model FRAUD_INTELLIGENCE.GLD_VELOCITY_COUNTERS ........ [RUN]
[0m08:51:33.553760 [debug] [Thread-5 (]: Re-using an available connection from the pool (formerly model.fraud_intelligence.gld_alert_enriched, now model.fraud_intelligence.gld_velocity_counters)
[0m08:51:33.554512 [debug] [Thread-5 (]: Began compiling node model.fraud_intelligence.gld_velocity_counters
[0m08:51:33.559191 [debug] [Thread-5 (]: Writing injected SQL for node "model.fraud_intelligence.gld_velocity_counters"
[0m08:51:33.560339 [debug] [Thread-5 (]: Began executing node model.fraud_intelligence.gld_velocity_counters
[0m08:51:33.565446 [debug] [Thread-5 (]: Writing runtime sql for node "model.fraud_intelligence.gld_velocity_counters"
[0m08:51:33.567319 [debug] [Thread-5 (]: Using snowflake connection "model.fraud_intelligence.gld_velocity_counters"
[0m08:51:33.568209 [debug] [Thread-5 (]: On model.fraud_intelligence.gld_velocity_counters: /* {"app": "dbt", "dbt_version": "1.9.4", "profile_name": "fraud_intelligence", "target_name": "dev", "node_id": "model.fraud_intelligence.gld_velocity_counters"} */
create or replace transient table DEMO_DEV.FRAUD_INTELLIGENCE.GLD_VELOCITY_COUNTERS
         as
        (

SELECT
    v.CUSTOMER_ID,
    MAX(v.EVENT_TIMESTAMP) AS LAST_UPDATED,
    MAX(v.TXN_COUNT_1H) AS TXN_COUNT_1H,
    MAX(v.TXN_COUNT_24H) AS TXN_COUNT_24H,
    MAX(v.TXN_AMOUNT_1H) AS TXN_AMOUNT_1H,
    MAX(v.TXN_AMOUNT_24H) AS TXN_AMOUNT_24H,
    MAX(v.DISTINCT_MERCHANTS_24H) AS DISTINCT_MERCHANTS_24H,
    MAX(v.RECENT_TXN_COUNT) AS RECENT_TXN_COUNT,
    MAX(v.RECENT_TXN_AMOUNT) AS RECENT_TXN_AMOUNT,
    MAX(v.FRAUD_RATE_7D) AS FRAUD_RATE_7D
FROM DEMO_DEV.FRAUD_INTELLIGENCE.stg_raw_velocity_events v
GROUP BY v.CUSTOMER_ID
        );
[0m08:51:33.568989 [debug] [Thread-5 (]: Opening a new connection, currently in state init
[0m08:51:33.947438 [debug] [Thread-4 (]: SQL status: SUCCESS 1 in 1.073 seconds
[0m08:51:33.950725 [info ] [Thread-4 (]: 13 of 17 OK created sql table model FRAUD_INTELLIGENCE.SLV_RULE_CODE_KNOWLEDGE_MAP  [[32mSUCCESS 1[0m in 1.12s]
[0m08:51:33.951682 [debug] [Thread-4 (]: Finished running node model.fraud_intelligence.int_rule_code_knowledge_map
[0m08:51:33.952550 [debug] [Thread-4 (]: Began running node model.fraud_intelligence.int_fraud_features
[0m08:51:33.953557 [info ] [Thread-4 (]: 15 of 17 START sql table model FRAUD_INTELLIGENCE.SLV_FRAUD_FEATURES ........... [RUN]
[0m08:51:33.954453 [debug] [Thread-4 (]: Re-using an available connection from the pool (formerly model.fraud_intelligence.int_rule_code_knowledge_map, now model.fraud_intelligence.int_fraud_features)
[0m08:51:33.955159 [debug] [Thread-4 (]: Began compiling node model.fraud_intelligence.int_fraud_features
[0m08:51:33.960316 [debug] [Thread-4 (]: Writing injected SQL for node "model.fraud_intelligence.int_fraud_features"
[0m08:51:33.961371 [debug] [Thread-4 (]: Began executing node model.fraud_intelligence.int_fraud_features
[0m08:51:33.965270 [debug] [Thread-4 (]: Writing runtime sql for node "model.fraud_intelligence.int_fraud_features"
[0m08:51:33.968087 [debug] [Thread-4 (]: Using snowflake connection "model.fraud_intelligence.int_fraud_features"
[0m08:51:33.968929 [debug] [Thread-4 (]: On model.fraud_intelligence.int_fraud_features: /* {"app": "dbt", "dbt_version": "1.9.4", "profile_name": "fraud_intelligence", "target_name": "dev", "node_id": "model.fraud_intelligence.int_fraud_features"} */
create or replace transient table DEMO_DEV.FRAUD_INTELLIGENCE.SLV_FRAUD_FEATURES
         as
        (

SELECT
    t.TRANSACTION_ID,
    t.CUSTOMER_ID,
    t.TRANSACTION_AMOUNT,
    t.TRANSACTION_TYPE,
    t.MERCHANT_CATEGORY,
    t.CHANNEL,
    DATEDIFF(DAY, c.CUSTOMER_SINCE, t.TRANSACTION_DATE) AS ACCOUNT_AGE_DAYS,
    t.TRANSACTION_AMOUNT * 10 AS CREDIT_LIMIT,
    t.TRANSACTION_AMOUNT * 3 AS CURRENT_BALANCE,
    COALESCE(t.ACCOUNT_ID, 'UNKNOWN') AS ACCOUNT_TYPE,
    CASE
        WHEN t.TRANSACTION_AMOUNT * 10 > 0
            THEN ROUND((t.TRANSACTION_AMOUNT * 3) / (t.TRANSACTION_AMOUNT * 10), 4)
        ELSE 0
    END AS UTILIZATION_RATIO,
    c.RISK_SEGMENT,
    c.KYC_COMPLETE,
    0 AS ADDRESS_CHANGE_COUNT,
    c.IS_SYNTHETIC_FLAG,
    c.IS_MERGER_DUP_FLAG,
    c.CUSTOMER_TENURE_DAYS,
    COALESCE(alert_counts.PRIOR_ALERT_COUNT, 0) AS PRIOR_ALERT_COUNT_CUSTOMER,
    COALESCE(alert_7d.ALERT_WITHIN_7D, 0) AS ALERT_WITHIN_7D,
    COALESCE(v.TXN_COUNT_1H, 0) AS TXN_COUNT_1H,
    COALESCE(v.TXN_COUNT_24H, 0) AS TXN_COUNT_24H,
    COALESCE(v.TXN_AMOUNT_1H, 0) AS TXN_AMOUNT_1H,
    COALESCE(v.TXN_AMOUNT_24H, 0) AS TXN_AMOUNT_24H,
    COALESCE(v.DISTINCT_MERCHANTS_24H, 0) AS DISTINCT_MERCHANTS_24H
FROM DEMO_DEV.FRAUD_INTELLIGENCE.stg_raw_transactions t
LEFT JOIN DEMO_DEV.FRAUD_INTELLIGENCE.stg_raw_customers c
    ON t.CUSTOMER_ID = c.CUSTOMER_ID
LEFT JOIN (
    SELECT CUSTOMER_ID, MAX(TXN_COUNT_1H) AS TXN_COUNT_1H, MAX(TXN_COUNT_24H) AS TXN_COUNT_24H,
           MAX(TXN_AMOUNT_1H) AS TXN_AMOUNT_1H, MAX(TXN_AMOUNT_24H) AS TXN_AMOUNT_24H,
           MAX(DISTINCT_MERCHANTS_24H) AS DISTINCT_MERCHANTS_24H
    FROM DEMO_DEV.FRAUD_INTELLIGENCE.stg_raw_velocity_events
    GROUP BY CUSTOMER_ID
) v ON t.CUSTOMER_ID = v.CUSTOMER_ID
LEFT JOIN (
    SELECT CUSTOMER_ID, COUNT(*) AS PRIOR_ALERT_COUNT
    FROM DEMO_DEV.FRAUD_INTELLIGENCE.stg_raw_alerts
    GROUP BY CUSTOMER_ID
) alert_counts ON t.CUSTOMER_ID = alert_counts.CUSTOMER_ID
LEFT JOIN (
    SELECT CUSTOMER_ID, COUNT(*) AS ALERT_WITHIN_7D
    FROM DEMO_DEV.FRAUD_INTELLIGENCE.stg_raw_alerts
    WHERE ALERT_DATE >= DATEADD(DAY, -7, CURRENT_TIMESTAMP())
    GROUP BY CUSTOMER_ID
) alert_7d ON t.CUSTOMER_ID = alert_7d.CUSTOMER_ID
        );
[0m08:51:33.969650 [debug] [Thread-4 (]: Opening a new connection, currently in state init
[0m08:51:34.039651 [debug] [Thread-3 (]: SQL status: SUCCESS 1 in 1.167 seconds
[0m08:51:34.042769 [info ] [Thread-3 (]: 12 of 17 OK created sql table model FRAUD_INTELLIGENCE.GLD_CUSTOMER_PROFILE .... [[32mSUCCESS 1[0m in 1.22s]
[0m08:51:34.043824 [debug] [Thread-3 (]: Finished running node model.fraud_intelligence.gld_customer_profile
[0m08:51:34.046522 [debug] [Thread-2 (]: SQL status: SUCCESS 1 in 1.176 seconds
[0m08:51:34.055465 [info ] [Thread-2 (]: 11 of 17 OK created sql table model FRAUD_INTELLIGENCE.SLV_INVESTIGATION_KNOWLEDGE_BASE  [[32mSUCCESS 1[0m in 1.23s]
[0m08:51:34.056594 [debug] [Thread-2 (]: Finished running node model.fraud_intelligence.int_investigation_knowledge_base
[0m08:51:34.495442 [debug] [Thread-5 (]: SQL status: SUCCESS 1 in 0.926 seconds
[0m08:51:34.498534 [info ] [Thread-5 (]: 14 of 17 OK created sql table model FRAUD_INTELLIGENCE.GLD_VELOCITY_COUNTERS ... [[32mSUCCESS 1[0m in 0.94s]
[0m08:51:34.499590 [debug] [Thread-5 (]: Finished running node model.fraud_intelligence.gld_velocity_counters
[0m08:51:34.500770 [debug] [Thread-3 (]: Began running node model.fraud_intelligence.gld_alert_enrichment_with_scoring
[0m08:51:34.501627 [info ] [Thread-3 (]: 16 of 17 START sql view model FRAUD_INTELLIGENCE.GLD_ALERT_ENRICHMENT_WITH_SCORING  [RUN]
[0m08:51:34.502581 [debug] [Thread-3 (]: Re-using an available connection from the pool (formerly model.fraud_intelligence.gld_customer_profile, now model.fraud_intelligence.gld_alert_enrichment_with_scoring)
[0m08:51:34.503328 [debug] [Thread-3 (]: Began compiling node model.fraud_intelligence.gld_alert_enrichment_with_scoring
[0m08:51:34.508237 [debug] [Thread-3 (]: Writing injected SQL for node "model.fraud_intelligence.gld_alert_enrichment_with_scoring"
[0m08:51:34.509341 [debug] [Thread-3 (]: Began executing node model.fraud_intelligence.gld_alert_enrichment_with_scoring
[0m08:51:34.514672 [debug] [Thread-3 (]: Writing runtime sql for node "model.fraud_intelligence.gld_alert_enrichment_with_scoring"
[0m08:51:34.518019 [debug] [Thread-3 (]: Using snowflake connection "model.fraud_intelligence.gld_alert_enrichment_with_scoring"
[0m08:51:34.518955 [debug] [Thread-3 (]: On model.fraud_intelligence.gld_alert_enrichment_with_scoring: /* {"app": "dbt", "dbt_version": "1.9.4", "profile_name": "fraud_intelligence", "target_name": "dev", "node_id": "model.fraud_intelligence.gld_alert_enrichment_with_scoring"} */
create or replace   view DEMO_DEV.FRAUD_INTELLIGENCE.GLD_ALERT_ENRICHMENT_WITH_SCORING
  
   as (
    

SELECT
    ae.ALERT_ID,
    ae.CUSTOMER_ID,
    ae.ALERT_DATE,
    ae.RULE_CODE,
    ae.RULE_DESCRIPTION,
    ae.ALERT_RISK_SCORE,
    ae.ALERT_STATUS,
    ae.ANALYST_ID,
    ae.DISPOSITION,
    ae.SAR_FILED,
    ae.IS_FRAUD_DERIVED,
    cp.FULL_NAME,
    cp.RISK_SEGMENT,
    cp.KYC_COMPLETE,
    cp.IS_SYNTHETIC_FLAG,
    cp.ACCOUNT_COUNT,
    cp.MIN_ACCOUNT_AGE_DAYS,
    cp.MAX_ACCOUNT_AGE_DAYS,
    cp.PRIOR_ALERT_COUNT,
    CASE
        WHEN cp.CUSTOMER_TENURE_DAYS < 90 THEN 'HIGH'
        WHEN cp.CUSTOMER_TENURE_DAYS < 365 THEN 'MEDIUM'
        ELSE 'LOW'
    END AS TENURE_RISK_TIER,
    CASE
        WHEN cp.PRIOR_ALERT_COUNT >= 5 THEN 'HIGH'
        WHEN cp.PRIOR_ALERT_COUNT >= 2 THEN 'MEDIUM'
        ELSE 'LOW'
    END AS ALERT_HISTORY_RISK_TIER,
    vc.TXN_COUNT_1H,
    vc.TXN_COUNT_24H,
    vc.TXN_AMOUNT_1H,
    vc.TXN_AMOUNT_24H,
    vc.DISTINCT_MERCHANTS_24H,
    vc.RECENT_TXN_COUNT,
    vc.RECENT_TXN_AMOUNT,
    vc.FRAUD_RATE_7D,
    ROUND(
        (ae.ALERT_RISK_SCORE * 0.30) +
        (CASE WHEN cp.CUSTOMER_TENURE_DAYS < 90 THEN 80 WHEN cp.CUSTOMER_TENURE_DAYS < 365 THEN 50 ELSE 20 END * 0.25) +
        (CASE WHEN cp.PRIOR_ALERT_COUNT >= 5 THEN 90 WHEN cp.PRIOR_ALERT_COUNT >= 2 THEN 60 ELSE 20 END * 0.20) +
        (CASE WHEN cp.IS_SYNTHETIC_FLAG THEN 95 ELSE 10 END * 0.15) +
        (COALESCE(vc.FRAUD_RATE_7D, 0) * 100 * 0.10),
        2
    ) AS COMPOSITE_RISK_SCORE,
    CASE
        WHEN ROUND(
            (ae.ALERT_RISK_SCORE * 0.30) +
            (CASE WHEN cp.CUSTOMER_TENURE_DAYS < 90 THEN 80 WHEN cp.CUSTOMER_TENURE_DAYS < 365 THEN 50 ELSE 20 END * 0.25) +
            (CASE WHEN cp.PRIOR_ALERT_COUNT >= 5 THEN 90 WHEN cp.PRIOR_ALERT_COUNT >= 2 THEN 60 ELSE 20 END * 0.20) +
            (CASE WHEN cp.IS_SYNTHETIC_FLAG THEN 95 ELSE 10 END * 0.15) +
            (COALESCE(vc.FRAUD_RATE_7D, 0) * 100 * 0.10), 2) >= 70 THEN 'CRITICAL'
        WHEN ROUND(
            (ae.ALERT_RISK_SCORE * 0.30) +
            (CASE WHEN cp.CUSTOMER_TENURE_DAYS < 90 THEN 80 WHEN cp.CUSTOMER_TENURE_DAYS < 365 THEN 50 ELSE 20 END * 0.25) +
            (CASE WHEN cp.PRIOR_ALERT_COUNT >= 5 THEN 90 WHEN cp.PRIOR_ALERT_COUNT >= 2 THEN 60 ELSE 20 END * 0.20) +
            (CASE WHEN cp.IS_SYNTHETIC_FLAG THEN 95 ELSE 10 END * 0.15) +
            (COALESCE(vc.FRAUD_RATE_7D, 0) * 100 * 0.10), 2) >= 45 THEN 'HIGH'
        ELSE 'STANDARD'
    END AS ENRICHMENT_PRIORITY,
    CURRENT_TIMESTAMP() AS ENRICHMENT_TIMESTAMP,
    TIMESTAMPDIFF(HOUR, ae.ALERT_DATE, CURRENT_TIMESTAMP()) AS HOURS_SINCE_ALERT
FROM DEMO_DEV.FRAUD_INTELLIGENCE.GLD_ALERT_ENRICHED ae
LEFT JOIN DEMO_DEV.FRAUD_INTELLIGENCE.GLD_CUSTOMER_PROFILE cp
    ON ae.CUSTOMER_ID = cp.CUSTOMER_ID
LEFT JOIN DEMO_DEV.FRAUD_INTELLIGENCE.GLD_VELOCITY_COUNTERS vc
    ON ae.CUSTOMER_ID = vc.CUSTOMER_ID
  );
[0m08:51:34.519749 [debug] [Thread-3 (]: Opening a new connection, currently in state init
[0m08:51:35.163923 [debug] [Thread-3 (]: SQL status: SUCCESS 1 in 0.644 seconds
[0m08:51:35.167261 [info ] [Thread-3 (]: 16 of 17 OK created sql view model FRAUD_INTELLIGENCE.GLD_ALERT_ENRICHMENT_WITH_SCORING  [[32mSUCCESS 1[0m in 0.66s]
[0m08:51:35.168324 [debug] [Thread-3 (]: Finished running node model.fraud_intelligence.gld_alert_enrichment_with_scoring
[0m08:51:35.332857 [debug] [Thread-4 (]: SQL status: SUCCESS 1 in 1.363 seconds
[0m08:51:35.335917 [info ] [Thread-4 (]: 15 of 17 OK created sql table model FRAUD_INTELLIGENCE.SLV_FRAUD_FEATURES ...... [[32mSUCCESS 1[0m in 1.38s]
[0m08:51:35.336972 [debug] [Thread-4 (]: Finished running node model.fraud_intelligence.int_fraud_features
[0m08:51:35.338892 [debug] [Thread-5 (]: Began running node model.fraud_intelligence.gld_ml_training_set
[0m08:51:35.340287 [info ] [Thread-5 (]: 17 of 17 START sql table model FRAUD_INTELLIGENCE.GLD_ML_TRAINING_SET .......... [RUN]
[0m08:51:35.341262 [debug] [Thread-5 (]: Re-using an available connection from the pool (formerly model.fraud_intelligence.gld_velocity_counters, now model.fraud_intelligence.gld_ml_training_set)
[0m08:51:35.341980 [debug] [Thread-5 (]: Began compiling node model.fraud_intelligence.gld_ml_training_set
[0m08:51:35.346956 [debug] [Thread-5 (]: Writing injected SQL for node "model.fraud_intelligence.gld_ml_training_set"
[0m08:51:35.348093 [debug] [Thread-5 (]: Began executing node model.fraud_intelligence.gld_ml_training_set
[0m08:51:35.352152 [debug] [Thread-5 (]: Writing runtime sql for node "model.fraud_intelligence.gld_ml_training_set"
[0m08:51:35.354965 [debug] [Thread-5 (]: Using snowflake connection "model.fraud_intelligence.gld_ml_training_set"
[0m08:51:35.355846 [debug] [Thread-5 (]: On model.fraud_intelligence.gld_ml_training_set: /* {"app": "dbt", "dbt_version": "1.9.4", "profile_name": "fraud_intelligence", "target_name": "dev", "node_id": "model.fraud_intelligence.gld_ml_training_set"} */
create or replace transient table DEMO_DEV.FRAUD_INTELLIGENCE.GLD_ML_TRAINING_SET
         as
        (

WITH fraud_labels AS (
    SELECT DISTINCT
        ad.CUSTOMER_ID,
        ad.TRANSACTION_ID
    FROM DEMO_DEV.FRAUD_INTELLIGENCE.stg_analyst_decisions ad
    WHERE ad.DECISION = 'CONFIRMED_FRAUD'
),
alert_fraud_labels AS (
    SELECT DISTINCT
        a.CUSTOMER_ID
    FROM DEMO_DEV.FRAUD_INTELLIGENCE.stg_raw_alerts a
    WHERE a.DISPOSITION IN ('FRAUD_CONFIRMED', 'SAR_FILED', 'CONFIRMED_FRAUD')
       OR a.SAR_FILED = TRUE
)

SELECT
    f.TRANSACTION_ID,
    f.CUSTOMER_ID,
    f.ACCOUNT_TYPE AS ACCOUNT_ID,
    CURRENT_TIMESTAMP() AS TRANSACTION_DATE,
    f.TRANSACTION_AMOUNT,
    f.TRANSACTION_TYPE,
    f.MERCHANT_CATEGORY,
    f.CHANNEL,
    f.ACCOUNT_AGE_DAYS,
    f.CREDIT_LIMIT,
    f.CURRENT_BALANCE,
    f.ACCOUNT_TYPE,
    f.UTILIZATION_RATIO,
    f.RISK_SEGMENT,
    f.KYC_COMPLETE,
    f.ADDRESS_CHANGE_COUNT,
    f.IS_SYNTHETIC_FLAG,
    f.IS_MERGER_DUP_FLAG,
    f.CUSTOMER_TENURE_DAYS,
    f.PRIOR_ALERT_COUNT_CUSTOMER,
    f.ALERT_WITHIN_7D,
    f.TXN_COUNT_1H,
    f.TXN_COUNT_24H,
    f.TXN_AMOUNT_1H,
    f.TXN_AMOUNT_24H,
    f.DISTINCT_MERCHANTS_24H,
    CASE
        WHEN fl.TRANSACTION_ID IS NOT NULL THEN TRUE
        WHEN afl.CUSTOMER_ID IS NOT NULL THEN TRUE
        ELSE FALSE
    END AS TARGET_LABEL,
    CASE
        WHEN fl.TRANSACTION_ID IS NOT NULL THEN 'FRAUD'
        WHEN afl.CUSTOMER_ID IS NOT NULL THEN 'FRAUD'
        ELSE 'NON_FRAUD'
    END AS CLASS_LABEL,
    CASE
        WHEN MOD(ABS(HASH(f.TRANSACTION_ID)), 5) = 0 THEN 'FOLD_1'
        WHEN MOD(ABS(HASH(f.TRANSACTION_ID)), 5) = 1 THEN 'FOLD_2'
        WHEN MOD(ABS(HASH(f.TRANSACTION_ID)), 5) = 2 THEN 'FOLD_3'
        WHEN MOD(ABS(HASH(f.TRANSACTION_ID)), 5) = 3 THEN 'FOLD_4'
        ELSE 'FOLD_5'
    END AS STRATIFIED_FOLD,
    'BALANCED' AS CLASS_WEIGHT_STRATEGY,
    CURRENT_TIMESTAMP() AS DBT_LOADED_AT
FROM DEMO_DEV.FRAUD_INTELLIGENCE.SLV_FRAUD_FEATURES f
LEFT JOIN fraud_labels fl
    ON f.TRANSACTION_ID = fl.TRANSACTION_ID
LEFT JOIN alert_fraud_labels afl
    ON f.CUSTOMER_ID = afl.CUSTOMER_ID
        );
[0m08:51:35.356624 [debug] [Thread-5 (]: Opening a new connection, currently in state init
[0m08:51:36.564192 [debug] [Thread-5 (]: SQL status: SUCCESS 1 in 1.207 seconds
[0m08:51:36.567306 [info ] [Thread-5 (]: 17 of 17 OK created sql table model FRAUD_INTELLIGENCE.GLD_ML_TRAINING_SET ..... [[32mSUCCESS 1[0m in 1.23s]
[0m08:51:36.568343 [debug] [Thread-5 (]: Finished running node model.fraud_intelligence.gld_ml_training_set
[0m08:51:36.572673 [debug] [Dummy-1   ]: Connection 'master' was properly closed.
[0m08:51:36.573606 [debug] [Dummy-1   ]: Connection 'model.fraud_intelligence.gld_alert_enrichment_with_scoring' was properly closed.
[0m08:51:36.574412 [debug] [Dummy-1   ]: Connection 'model.fraud_intelligence.int_investigation_knowledge_base' was properly closed.
[0m08:51:36.575081 [debug] [Dummy-1   ]: Connection 'model.fraud_intelligence.int_fraud_features' was properly closed.
[0m08:51:36.575741 [debug] [Dummy-1   ]: Connection 'model.fraud_intelligence.gld_ml_training_set' was properly closed.
[0m08:51:36.576593 [info ] [Dummy-1   ]: 
[0m08:51:36.577386 [info ] [Dummy-1   ]: Finished running 9 table models, 8 view models in 0 hours 0 minutes and 7.06 seconds (7.06s).
[0m08:51:36.580053 [debug] [Dummy-1   ]: Command end result
[0m08:51:36.701151 [debug] [Dummy-1   ]: Wrote artifact WritableManifest to /tmp/dbt/target/manifest.json
[0m08:51:36.704075 [debug] [Dummy-1   ]: Wrote artifact SemanticManifest to /tmp/dbt/target/semantic_manifest.json
[0m08:51:36.710836 [debug] [Dummy-1   ]: Wrote artifact RunExecutionResult to /tmp/dbt/target/run_results.json
[0m08:51:36.711590 [info ] [Dummy-1   ]: 
[0m08:51:36.712454 [info ] [Dummy-1   ]: [32mCompleted successfully[0m
[0m08:51:36.713143 [info ] [Dummy-1   ]: 
[0m08:51:36.713943 [info ] [Dummy-1   ]: Done. PASS=17 WARN=0 ERROR=0 SKIP=0 TOTAL=17
[0m08:51:36.716609 [debug] [Dummy-1   ]: Resource report: {"command_name": "run", "command_success": true, "command_wall_clock_time": 8.8938465, "process_in_blocks": "0", "process_kernel_time": 0.89, "process_mem_max_rss": "461944", "process_out_blocks": "0", "process_user_time": 6.37}
[0m08:51:36.717446 [debug] [Dummy-1   ]: Command `cli run` succeeded at 08:51:36.717127 after 8.90 seconds
[0m08:51:36.718173 [debug] [Dummy-1   ]: Flushing usage events


============================== 08:52:32.201646 | f3c341b4-e29c-461e-8bd5-7b757c7ce827 ==============================
[0m08:52:32.201646 [info ] [Dummy-1   ]: Running with dbt=1.9.4
[0m08:52:32.202826 [debug] [Dummy-1   ]: running dbt with arguments {'printer_width': '80', 'indirect_selection': 'eager', 'write_json': 'True', 'log_cache_events': 'False', 'partial_parse': 'True', 'cache_selected_only': 'False', 'profiles_dir': '/tmp/dbt/', 'debug': 'False', 'fail_fast': 'False', 'log_path': '/tmp/dbt/logs', 'version_check': 'True', 'warn_error': 'None', 'use_colors': 'True', 'use_experimental_parser': 'False', 'no_print': 'None', 'quiet': 'False', 'empty': 'False', 'warn_error_options': 'WarnErrorOptions(include=[], exclude=[])', 'introspect': 'True', 'static_parser': 'True', 'invocation_command': 'dbt ', 'target_path': '/tmp/dbt/target/', 'log_format': 'default', 'send_anonymous_usage_stats': 'False'}
[0m08:52:32.467178 [info ] [Dummy-1   ]: Registered adapter: snowflake=1.9.2
[0m08:52:33.321568 [debug] [Dummy-1   ]: checksum: 53ed91fada2233efb98368d1716b44ab532c83a9c293cf1890b7905d5b45fb25, vars: {}, profile: , target: dev, version: 1.9.4
[0m08:52:33.620854 [debug] [Dummy-1   ]: Partial parsing enabled: 0 files deleted, 0 files added, 1 files changed.
[0m08:52:33.622181 [debug] [Dummy-1   ]: Partial parsing: updated file: fraud_intelligence://models/marts/gld_alert_enriched.sql
[0m08:52:34.245432 [debug] [Dummy-1   ]: Wrote artifact WritableManifest to /tmp/dbt/target/manifest.json
[0m08:52:34.248435 [debug] [Dummy-1   ]: Wrote artifact SemanticManifest to /tmp/dbt/target/semantic_manifest.json
[0m08:52:34.299873 [info ] [Dummy-1   ]: Found 17 models, 34 data tests, 7 sources, 474 macros
[0m08:52:34.303337 [info ] [Dummy-1   ]: 
[0m08:52:34.304281 [info ] [Dummy-1   ]: Concurrency: 4 threads (target='dev')
[0m08:52:34.305077 [info ] [Dummy-1   ]: 
[0m08:52:34.306225 [debug] [Dummy-1   ]: Acquiring new snowflake connection 'master'
[0m08:52:34.312214 [debug] [ThreadPool]: Acquiring new snowflake connection 'list_DEMO_DEV'
[0m08:52:34.459780 [debug] [ThreadPool]: Using snowflake connection "list_DEMO_DEV"
[0m08:52:34.460614 [debug] [ThreadPool]: On list_DEMO_DEV: /* {"app": "dbt", "dbt_version": "1.9.4", "profile_name": "fraud_intelligence", "target_name": "dev", "connection_name": "list_DEMO_DEV"} */
show terse schemas in database DEMO_DEV
    limit 10000
[0m08:52:34.461294 [debug] [ThreadPool]: Opening a new connection, currently in state init
[0m08:52:34.954669 [debug] [ThreadPool]: SQL status: SUCCESS 11 in 0.493 seconds
[0m08:52:34.959847 [debug] [ThreadPool]: Acquiring new snowflake connection 'list_DEMO_DEV_FRAUD_INTELLIGENCE'
[0m08:52:34.970733 [debug] [ThreadPool]: Using snowflake connection "list_DEMO_DEV_FRAUD_INTELLIGENCE"
[0m08:52:34.971525 [debug] [ThreadPool]: On list_DEMO_DEV_FRAUD_INTELLIGENCE: /* {"app": "dbt", "dbt_version": "1.9.4", "profile_name": "fraud_intelligence", "target_name": "dev", "connection_name": "list_DEMO_DEV_FRAUD_INTELLIGENCE"} */
alter session set quoted_identifiers_ignore_case = false;
[0m08:52:34.972194 [debug] [ThreadPool]: Opening a new connection, currently in state init
[0m08:52:35.440412 [debug] [ThreadPool]: SQL status: SUCCESS 1 in 0.468 seconds
[0m08:52:35.444812 [debug] [ThreadPool]: Using snowflake connection "list_DEMO_DEV_FRAUD_INTELLIGENCE"
[0m08:52:35.445568 [debug] [ThreadPool]: On list_DEMO_DEV_FRAUD_INTELLIGENCE: /* {"app": "dbt", "dbt_version": "1.9.4", "profile_name": "fraud_intelligence", "target_name": "dev", "connection_name": "list_DEMO_DEV_FRAUD_INTELLIGENCE"} */
show objects in DEMO_DEV.FRAUD_INTELLIGENCE
    limit 10000
    
;
[0m08:52:35.635711 [debug] [ThreadPool]: SQL status: SUCCESS 26 in 0.189 seconds
[0m08:52:35.638468 [debug] [ThreadPool]: Using snowflake connection "list_DEMO_DEV_FRAUD_INTELLIGENCE"
[0m08:52:35.639198 [debug] [ThreadPool]: On list_DEMO_DEV_FRAUD_INTELLIGENCE: /* {"app": "dbt", "dbt_version": "1.9.4", "profile_name": "fraud_intelligence", "target_name": "dev", "connection_name": "list_DEMO_DEV_FRAUD_INTELLIGENCE"} */
alter session unset quoted_identifiers_ignore_case;
[0m08:52:35.702528 [debug] [ThreadPool]: SQL status: SUCCESS 1 in 0.063 seconds
[0m08:52:35.724448 [debug] [Thread-2 (]: Began running node model.fraud_intelligence.gld_alert_enriched
[0m08:52:35.725535 [info ] [Thread-2 (]: 1 of 2 START sql table model FRAUD_INTELLIGENCE.GLD_ALERT_ENRICHED ............. [RUN]
[0m08:52:35.726551 [debug] [Thread-2 (]: Re-using an available connection from the pool (formerly list_DEMO_DEV_FRAUD_INTELLIGENCE, now model.fraud_intelligence.gld_alert_enriched)
[0m08:52:35.727333 [debug] [Thread-2 (]: Began compiling node model.fraud_intelligence.gld_alert_enriched
[0m08:52:35.736456 [debug] [Thread-2 (]: Writing injected SQL for node "model.fraud_intelligence.gld_alert_enriched"
[0m08:52:35.737806 [debug] [Thread-2 (]: Began executing node model.fraud_intelligence.gld_alert_enriched
[0m08:52:35.766537 [debug] [Thread-2 (]: Writing runtime sql for node "model.fraud_intelligence.gld_alert_enriched"
[0m08:52:35.768422 [debug] [Thread-2 (]: Using snowflake connection "model.fraud_intelligence.gld_alert_enriched"
[0m08:52:35.769196 [debug] [Thread-2 (]: On model.fraud_intelligence.gld_alert_enriched: /* {"app": "dbt", "dbt_version": "1.9.4", "profile_name": "fraud_intelligence", "target_name": "dev", "node_id": "model.fraud_intelligence.gld_alert_enriched"} */
create or replace transient table DEMO_DEV.FRAUD_INTELLIGENCE.GLD_ALERT_ENRICHED
         as
        (

SELECT
    a.ALERT_ID,
    a.CUSTOMER_ID,
    a.ALERT_DATE,
    a.RULE_CODE,
    a.RULE_DESCRIPTION,
    a.ALERT_RISK_SCORE,
    a.ALERT_STATUS,
    a.ANALYST_ID,
    a.DISPOSITION,
    a.SAR_FILED,
    CASE
        WHEN a.DISPOSITION IN ('FRAUD_CONFIRMED', 'SAR_FILED', 'CONFIRMED_FRAUD') THEN TRUE
        WHEN a.SAR_FILED = TRUE THEN TRUE
        ELSE FALSE
    END AS IS_FRAUD_DERIVED,
    a.INGESTED_AT AS DBT_LOADED_AT
FROM DEMO_DEV.FRAUD_INTELLIGENCE.stg_raw_alerts a
        );
[0m08:52:35.770075 [debug] [Thread-2 (]: Opening a new connection, currently in state init
[0m08:52:37.128657 [debug] [Thread-2 (]: SQL status: SUCCESS 1 in 1.358 seconds
[0m08:52:37.151709 [info ] [Thread-2 (]: 1 of 2 OK created sql table model FRAUD_INTELLIGENCE.GLD_ALERT_ENRICHED ........ [[32mSUCCESS 1[0m in 1.42s]
[0m08:52:37.152746 [debug] [Thread-2 (]: Finished running node model.fraud_intelligence.gld_alert_enriched
[0m08:52:37.154513 [debug] [Thread-4 (]: Began running node model.fraud_intelligence.gld_alert_enrichment_with_scoring
[0m08:52:37.155937 [info ] [Thread-4 (]: 2 of 2 START sql view model FRAUD_INTELLIGENCE.GLD_ALERT_ENRICHMENT_WITH_SCORING  [RUN]
[0m08:52:37.157016 [debug] [Thread-4 (]: Acquiring new snowflake connection 'model.fraud_intelligence.gld_alert_enrichment_with_scoring'
[0m08:52:37.157741 [debug] [Thread-4 (]: Began compiling node model.fraud_intelligence.gld_alert_enrichment_with_scoring
[0m08:52:37.162895 [debug] [Thread-4 (]: Writing injected SQL for node "model.fraud_intelligence.gld_alert_enrichment_with_scoring"
[0m08:52:37.164148 [debug] [Thread-4 (]: Began executing node model.fraud_intelligence.gld_alert_enrichment_with_scoring
[0m08:52:37.205808 [debug] [Thread-4 (]: Writing runtime sql for node "model.fraud_intelligence.gld_alert_enrichment_with_scoring"
[0m08:52:37.209432 [debug] [Thread-4 (]: Using snowflake connection "model.fraud_intelligence.gld_alert_enrichment_with_scoring"
[0m08:52:37.210366 [debug] [Thread-4 (]: On model.fraud_intelligence.gld_alert_enrichment_with_scoring: /* {"app": "dbt", "dbt_version": "1.9.4", "profile_name": "fraud_intelligence", "target_name": "dev", "node_id": "model.fraud_intelligence.gld_alert_enrichment_with_scoring"} */
create or replace   view DEMO_DEV.FRAUD_INTELLIGENCE.GLD_ALERT_ENRICHMENT_WITH_SCORING
  
   as (
    

SELECT
    ae.ALERT_ID,
    ae.CUSTOMER_ID,
    ae.ALERT_DATE,
    ae.RULE_CODE,
    ae.RULE_DESCRIPTION,
    ae.ALERT_RISK_SCORE,
    ae.ALERT_STATUS,
    ae.ANALYST_ID,
    ae.DISPOSITION,
    ae.SAR_FILED,
    ae.IS_FRAUD_DERIVED,
    cp.FULL_NAME,
    cp.RISK_SEGMENT,
    cp.KYC_COMPLETE,
    cp.IS_SYNTHETIC_FLAG,
    cp.ACCOUNT_COUNT,
    cp.MIN_ACCOUNT_AGE_DAYS,
    cp.MAX_ACCOUNT_AGE_DAYS,
    cp.PRIOR_ALERT_COUNT,
    CASE
        WHEN cp.CUSTOMER_TENURE_DAYS < 90 THEN 'HIGH'
        WHEN cp.CUSTOMER_TENURE_DAYS < 365 THEN 'MEDIUM'
        ELSE 'LOW'
    END AS TENURE_RISK_TIER,
    CASE
        WHEN cp.PRIOR_ALERT_COUNT >= 5 THEN 'HIGH'
        WHEN cp.PRIOR_ALERT_COUNT >= 2 THEN 'MEDIUM'
        ELSE 'LOW'
    END AS ALERT_HISTORY_RISK_TIER,
    vc.TXN_COUNT_1H,
    vc.TXN_COUNT_24H,
    vc.TXN_AMOUNT_1H,
    vc.TXN_AMOUNT_24H,
    vc.DISTINCT_MERCHANTS_24H,
    vc.RECENT_TXN_COUNT,
    vc.RECENT_TXN_AMOUNT,
    vc.FRAUD_RATE_7D,
    ROUND(
        (ae.ALERT_RISK_SCORE * 0.30) +
        (CASE WHEN cp.CUSTOMER_TENURE_DAYS < 90 THEN 80 WHEN cp.CUSTOMER_TENURE_DAYS < 365 THEN 50 ELSE 20 END * 0.25) +
        (CASE WHEN cp.PRIOR_ALERT_COUNT >= 5 THEN 90 WHEN cp.PRIOR_ALERT_COUNT >= 2 THEN 60 ELSE 20 END * 0.20) +
        (CASE WHEN cp.IS_SYNTHETIC_FLAG THEN 95 ELSE 10 END * 0.15) +
        (COALESCE(vc.FRAUD_RATE_7D, 0) * 100 * 0.10),
        2
    ) AS COMPOSITE_RISK_SCORE,
    CASE
        WHEN ROUND(
            (ae.ALERT_RISK_SCORE * 0.30) +
            (CASE WHEN cp.CUSTOMER_TENURE_DAYS < 90 THEN 80 WHEN cp.CUSTOMER_TENURE_DAYS < 365 THEN 50 ELSE 20 END * 0.25) +
            (CASE WHEN cp.PRIOR_ALERT_COUNT >= 5 THEN 90 WHEN cp.PRIOR_ALERT_COUNT >= 2 THEN 60 ELSE 20 END * 0.20) +
            (CASE WHEN cp.IS_SYNTHETIC_FLAG THEN 95 ELSE 10 END * 0.15) +
            (COALESCE(vc.FRAUD_RATE_7D, 0) * 100 * 0.10), 2) >= 70 THEN 'CRITICAL'
        WHEN ROUND(
            (ae.ALERT_RISK_SCORE * 0.30) +
            (CASE WHEN cp.CUSTOMER_TENURE_DAYS < 90 THEN 80 WHEN cp.CUSTOMER_TENURE_DAYS < 365 THEN 50 ELSE 20 END * 0.25) +
            (CASE WHEN cp.PRIOR_ALERT_COUNT >= 5 THEN 90 WHEN cp.PRIOR_ALERT_COUNT >= 2 THEN 60 ELSE 20 END * 0.20) +
            (CASE WHEN cp.IS_SYNTHETIC_FLAG THEN 95 ELSE 10 END * 0.15) +
            (COALESCE(vc.FRAUD_RATE_7D, 0) * 100 * 0.10), 2) >= 45 THEN 'HIGH'
        ELSE 'STANDARD'
    END AS ENRICHMENT_PRIORITY,
    CURRENT_TIMESTAMP() AS ENRICHMENT_TIMESTAMP,
    TIMESTAMPDIFF(HOUR, ae.ALERT_DATE, CURRENT_TIMESTAMP()) AS HOURS_SINCE_ALERT
FROM DEMO_DEV.FRAUD_INTELLIGENCE.GLD_ALERT_ENRICHED ae
LEFT JOIN DEMO_DEV.FRAUD_INTELLIGENCE.GLD_CUSTOMER_PROFILE cp
    ON ae.CUSTOMER_ID = cp.CUSTOMER_ID
LEFT JOIN DEMO_DEV.FRAUD_INTELLIGENCE.GLD_VELOCITY_COUNTERS vc
    ON ae.CUSTOMER_ID = vc.CUSTOMER_ID
  );
[0m08:52:37.211223 [debug] [Thread-4 (]: Opening a new connection, currently in state init
[0m08:52:38.275037 [debug] [Thread-4 (]: SQL status: SUCCESS 1 in 1.064 seconds
[0m08:52:38.278310 [info ] [Thread-4 (]: 2 of 2 OK created sql view model FRAUD_INTELLIGENCE.GLD_ALERT_ENRICHMENT_WITH_SCORING  [[32mSUCCESS 1[0m in 1.12s]
[0m08:52:38.279328 [debug] [Thread-4 (]: Finished running node model.fraud_intelligence.gld_alert_enrichment_with_scoring
[0m08:52:38.283413 [debug] [Dummy-1   ]: Connection 'master' was properly closed.
[0m08:52:38.284201 [debug] [Dummy-1   ]: Connection 'list_DEMO_DEV' was properly closed.
[0m08:52:38.284855 [debug] [Dummy-1   ]: Connection 'model.fraud_intelligence.gld_alert_enriched' was properly closed.
[0m08:52:38.285450 [debug] [Dummy-1   ]: Connection 'model.fraud_intelligence.gld_alert_enrichment_with_scoring' was properly closed.
[0m08:52:38.286128 [info ] [Dummy-1   ]: 
[0m08:52:38.286944 [info ] [Dummy-1   ]: Finished running 1 table model, 1 view model in 0 hours 0 minutes and 3.98 seconds (3.98s).
[0m08:52:38.288197 [debug] [Dummy-1   ]: Command end result
[0m08:52:38.396281 [debug] [Dummy-1   ]: Wrote artifact WritableManifest to /tmp/dbt/target/manifest.json
[0m08:52:38.399065 [debug] [Dummy-1   ]: Wrote artifact SemanticManifest to /tmp/dbt/target/semantic_manifest.json
[0m08:52:38.404886 [debug] [Dummy-1   ]: Wrote artifact RunExecutionResult to /tmp/dbt/target/run_results.json
[0m08:52:38.405617 [info ] [Dummy-1   ]: 
[0m08:52:38.406545 [info ] [Dummy-1   ]: [32mCompleted successfully[0m
[0m08:52:38.407336 [info ] [Dummy-1   ]: 
[0m08:52:38.408152 [info ] [Dummy-1   ]: Done. PASS=2 WARN=0 ERROR=0 SKIP=0 TOTAL=2
[0m08:52:38.410815 [debug] [Dummy-1   ]: Resource report: {"command_name": "run", "command_success": true, "command_wall_clock_time": 6.2790184, "process_in_blocks": "0", "process_kernel_time": 0.79, "process_mem_max_rss": "512784", "process_out_blocks": "0", "process_user_time": 6.17}
[0m08:52:38.411709 [debug] [Dummy-1   ]: Command `cli run` succeeded at 08:52:38.411380 after 6.28 seconds
[0m08:52:38.412406 [debug] [Dummy-1   ]: Flushing usage events


============================== 09:10:17.497343 | 0f0dcf4d-7e81-4907-8ebd-a2a4753e1b6c ==============================
[0m09:10:17.497343 [info ] [Dummy-1   ]: Running with dbt=1.9.4
[0m09:10:17.498426 [debug] [Dummy-1   ]: running dbt with arguments {'printer_width': '80', 'indirect_selection': 'eager', 'log_cache_events': 'False', 'write_json': 'True', 'partial_parse': 'True', 'cache_selected_only': 'False', 'warn_error': 'None', 'debug': 'False', 'profiles_dir': '/tmp/dbt/', 'log_path': '/tmp/dbt/logs', 'fail_fast': 'False', 'version_check': 'True', 'use_colors': 'True', 'use_experimental_parser': 'False', 'empty': 'False', 'quiet': 'False', 'no_print': 'None', 'log_format': 'default', 'introspect': 'True', 'static_parser': 'True', 'invocation_command': 'dbt ', 'target_path': '/tmp/dbt/target/', 'warn_error_options': 'WarnErrorOptions(include=[], exclude=[])', 'send_anonymous_usage_stats': 'False'}
[0m09:10:17.752219 [info ] [Dummy-1   ]: Registered adapter: snowflake=1.9.2
[0m09:10:18.544386 [debug] [Dummy-1   ]: checksum: 53ed91fada2233efb98368d1716b44ab532c83a9c293cf1890b7905d5b45fb25, vars: {}, profile: , target: dev, version: 1.9.4
[0m09:10:18.847083 [debug] [Dummy-1   ]: Partial parsing enabled: 0 files deleted, 0 files added, 2 files changed.
[0m09:10:18.849504 [debug] [Dummy-1   ]: Partial parsing: updated file: fraud_intelligence://models/staging/_stg_sources.yml
[0m09:10:18.850277 [debug] [Dummy-1   ]: Partial parsing: updated file: fraud_intelligence://models/staging/stg_analyst_decisions.sql
[0m09:10:19.500402 [error] [Dummy-1   ]: Encountered an error:
Compilation Error
  dbt found two sources with the name "fraud_intelligence_bronze_BRZ_ANALYST_DECISIONS".
  
  Since these resources have the same name, dbt will be unable to find the correct resource
  when looking for source("fraud_intelligence_bronze", "BRZ_ANALYST_DECISIONS").
  
  To fix this, change the name of one of these resources:
  - source.fraud_intelligence.fraud_intelligence_bronze.BRZ_ANALYST_DECISIONS (models/staging/_stg_sources.yml)
  - source.fraud_intelligence.fraud_intelligence_bronze.BRZ_ANALYST_DECISIONS (models/staging/_stg_sources.yml)
[0m09:10:19.503149 [debug] [Dummy-1   ]: Resource report: {"command_name": "run", "command_success": false, "command_wall_clock_time": 2.073277, "process_in_blocks": "0", "process_kernel_time": 0.71, "process_mem_max_rss": "459468", "process_out_blocks": "0", "process_user_time": 5.51}
[0m09:10:19.504012 [debug] [Dummy-1   ]: Command `cli run` failed at 09:10:19.503700 after 2.07 seconds
[0m09:10:19.504799 [debug] [Dummy-1   ]: Flushing usage events


============================== 09:10:56.647375 | 83a27f9b-c08e-4b11-b46c-41c0985d7abd ==============================
[0m09:10:56.647375 [info ] [Dummy-1   ]: Running with dbt=1.9.4
[0m09:10:56.648618 [debug] [Dummy-1   ]: running dbt with arguments {'printer_width': '80', 'indirect_selection': 'eager', 'write_json': 'True', 'log_cache_events': 'False', 'partial_parse': 'True', 'cache_selected_only': 'False', 'warn_error': 'None', 'debug': 'False', 'version_check': 'True', 'log_path': '/tmp/dbt/logs', 'profiles_dir': '/tmp/dbt/', 'fail_fast': 'False', 'use_colors': 'True', 'use_experimental_parser': 'False', 'no_print': 'None', 'quiet': 'False', 'empty': 'False', 'log_format': 'default', 'invocation_command': 'dbt ', 'static_parser': 'True', 'introspect': 'True', 'target_path': '/tmp/dbt/target/', 'warn_error_options': 'WarnErrorOptions(include=[], exclude=[])', 'send_anonymous_usage_stats': 'False'}
[0m09:10:56.911987 [info ] [Dummy-1   ]: Registered adapter: snowflake=1.9.2
[0m09:10:57.722083 [debug] [Dummy-1   ]: checksum: 53ed91fada2233efb98368d1716b44ab532c83a9c293cf1890b7905d5b45fb25, vars: {}, profile: , target: dev, version: 1.9.4
[0m09:10:58.026738 [debug] [Dummy-1   ]: Partial parsing enabled: 0 files deleted, 0 files added, 2 files changed.
[0m09:10:58.029136 [debug] [Dummy-1   ]: Partial parsing: updated file: fraud_intelligence://models/staging/_stg_sources.yml
[0m09:10:58.029938 [debug] [Dummy-1   ]: Partial parsing: updated file: fraud_intelligence://models/staging/stg_analyst_decisions.sql
[0m09:10:58.945877 [debug] [Dummy-1   ]: Wrote artifact WritableManifest to /tmp/dbt/target/manifest.json
[0m09:10:58.948723 [debug] [Dummy-1   ]: Wrote artifact SemanticManifest to /tmp/dbt/target/semantic_manifest.json
[0m09:10:59.084699 [info ] [Dummy-1   ]: Found 17 models, 39 data tests, 7 sources, 474 macros
[0m09:10:59.087850 [info ] [Dummy-1   ]: 
[0m09:10:59.088611 [info ] [Dummy-1   ]: Concurrency: 4 threads (target='dev')
[0m09:10:59.089288 [info ] [Dummy-1   ]: 
[0m09:10:59.090303 [debug] [Dummy-1   ]: Acquiring new snowflake connection 'master'
[0m09:10:59.096168 [debug] [ThreadPool]: Acquiring new snowflake connection 'list_DEMO_DEV'
[0m09:10:59.239243 [debug] [ThreadPool]: Using snowflake connection "list_DEMO_DEV"
[0m09:10:59.240049 [debug] [ThreadPool]: On list_DEMO_DEV: /* {"app": "dbt", "dbt_version": "1.9.4", "profile_name": "fraud_intelligence", "target_name": "dev", "connection_name": "list_DEMO_DEV"} */
show terse schemas in database DEMO_DEV
    limit 10000
[0m09:10:59.240725 [debug] [ThreadPool]: Opening a new connection, currently in state init
[0m09:11:00.023884 [debug] [ThreadPool]: SQL status: SUCCESS 11 in 0.783 seconds
[0m09:11:00.029421 [debug] [ThreadPool]: Acquiring new snowflake connection 'list_DEMO_DEV_FRAUD_INTELLIGENCE'
[0m09:11:00.040748 [debug] [ThreadPool]: Using snowflake connection "list_DEMO_DEV_FRAUD_INTELLIGENCE"
[0m09:11:00.041577 [debug] [ThreadPool]: On list_DEMO_DEV_FRAUD_INTELLIGENCE: /* {"app": "dbt", "dbt_version": "1.9.4", "profile_name": "fraud_intelligence", "target_name": "dev", "connection_name": "list_DEMO_DEV_FRAUD_INTELLIGENCE"} */
alter session set quoted_identifiers_ignore_case = false;
[0m09:11:00.042250 [debug] [ThreadPool]: Opening a new connection, currently in state init
[0m09:11:00.820880 [debug] [ThreadPool]: SQL status: SUCCESS 1 in 0.778 seconds
[0m09:11:00.825167 [debug] [ThreadPool]: Using snowflake connection "list_DEMO_DEV_FRAUD_INTELLIGENCE"
[0m09:11:00.825847 [debug] [ThreadPool]: On list_DEMO_DEV_FRAUD_INTELLIGENCE: /* {"app": "dbt", "dbt_version": "1.9.4", "profile_name": "fraud_intelligence", "target_name": "dev", "connection_name": "list_DEMO_DEV_FRAUD_INTELLIGENCE"} */
show objects in DEMO_DEV.FRAUD_INTELLIGENCE
    limit 10000
    
;
[0m09:11:01.013549 [debug] [ThreadPool]: SQL status: SUCCESS 26 in 0.187 seconds
[0m09:11:01.016262 [debug] [ThreadPool]: Using snowflake connection "list_DEMO_DEV_FRAUD_INTELLIGENCE"
[0m09:11:01.016954 [debug] [ThreadPool]: On list_DEMO_DEV_FRAUD_INTELLIGENCE: /* {"app": "dbt", "dbt_version": "1.9.4", "profile_name": "fraud_intelligence", "target_name": "dev", "connection_name": "list_DEMO_DEV_FRAUD_INTELLIGENCE"} */
alter session unset quoted_identifiers_ignore_case;
[0m09:11:01.123241 [debug] [ThreadPool]: SQL status: SUCCESS 1 in 0.105 seconds
[0m09:11:01.144164 [debug] [Thread-2 (]: Began running node model.fraud_intelligence.gld_alert_enriched
[0m09:11:01.144964 [debug] [Thread-3 (]: Began running node model.fraud_intelligence.gld_customer_profile
[0m09:11:01.145813 [debug] [Thread-4 (]: Began running node model.fraud_intelligence.gld_velocity_counters
[0m09:11:01.146589 [debug] [Thread-5 (]: Began running node model.fraud_intelligence.int_fraud_features
[0m09:11:01.147550 [info ] [Thread-2 (]: 1 of 10 START sql table model FRAUD_INTELLIGENCE.GLD_ALERT_ENRICHED ............ [RUN]
[0m09:11:01.148614 [info ] [Thread-3 (]: 2 of 10 START sql table model FRAUD_INTELLIGENCE.GLD_CUSTOMER_PROFILE .......... [RUN]
[0m09:11:01.149569 [info ] [Thread-4 (]: 3 of 10 START sql table model FRAUD_INTELLIGENCE.GLD_VELOCITY_COUNTERS ......... [RUN]
[0m09:11:01.150682 [info ] [Thread-5 (]: 4 of 10 START sql table model FRAUD_INTELLIGENCE.SLV_FRAUD_FEATURES ............ [RUN]
[0m09:11:01.151810 [debug] [Thread-2 (]: Re-using an available connection from the pool (formerly list_DEMO_DEV_FRAUD_INTELLIGENCE, now model.fraud_intelligence.gld_alert_enriched)
[0m09:11:01.152847 [debug] [Thread-3 (]: Re-using an available connection from the pool (formerly list_DEMO_DEV, now model.fraud_intelligence.gld_customer_profile)
[0m09:11:01.153965 [debug] [Thread-4 (]: Acquiring new snowflake connection 'model.fraud_intelligence.gld_velocity_counters'
[0m09:11:01.155000 [debug] [Thread-5 (]: Acquiring new snowflake connection 'model.fraud_intelligence.int_fraud_features'
[0m09:11:01.155871 [debug] [Thread-2 (]: Began compiling node model.fraud_intelligence.gld_alert_enriched
[0m09:11:01.156754 [debug] [Thread-3 (]: Began compiling node model.fraud_intelligence.gld_customer_profile
[0m09:11:01.157627 [debug] [Thread-4 (]: Began compiling node model.fraud_intelligence.gld_velocity_counters
[0m09:11:01.158547 [debug] [Thread-5 (]: Began compiling node model.fraud_intelligence.int_fraud_features
[0m09:11:01.167066 [debug] [Thread-2 (]: Writing injected SQL for node "model.fraud_intelligence.gld_alert_enriched"
[0m09:11:01.171822 [debug] [Thread-3 (]: Writing injected SQL for node "model.fraud_intelligence.gld_customer_profile"
[0m09:11:01.176419 [debug] [Thread-4 (]: Writing injected SQL for node "model.fraud_intelligence.gld_velocity_counters"
[0m09:11:01.182025 [debug] [Thread-5 (]: Writing injected SQL for node "model.fraud_intelligence.int_fraud_features"
[0m09:11:01.184274 [debug] [Thread-2 (]: Began executing node model.fraud_intelligence.gld_alert_enriched
[0m09:11:01.185601 [debug] [Thread-3 (]: Began executing node model.fraud_intelligence.gld_customer_profile
[0m09:11:01.187239 [debug] [Thread-4 (]: Began executing node model.fraud_intelligence.gld_velocity_counters
[0m09:11:01.220958 [debug] [Thread-5 (]: Began executing node model.fraud_intelligence.int_fraud_features
[0m09:11:01.226000 [debug] [Thread-2 (]: Writing runtime sql for node "model.fraud_intelligence.gld_alert_enriched"
[0m09:11:01.236285 [debug] [Thread-3 (]: Writing runtime sql for node "model.fraud_intelligence.gld_customer_profile"
[0m09:11:01.240565 [debug] [Thread-4 (]: Writing runtime sql for node "model.fraud_intelligence.gld_velocity_counters"
[0m09:11:01.244909 [debug] [Thread-5 (]: Writing runtime sql for node "model.fraud_intelligence.int_fraud_features"
[0m09:11:01.247511 [debug] [Thread-2 (]: Using snowflake connection "model.fraud_intelligence.gld_alert_enriched"
[0m09:11:01.249879 [debug] [Thread-3 (]: Using snowflake connection "model.fraud_intelligence.gld_customer_profile"
[0m09:11:01.251736 [debug] [Thread-4 (]: Using snowflake connection "model.fraud_intelligence.gld_velocity_counters"
[0m09:11:01.253149 [debug] [Thread-2 (]: On model.fraud_intelligence.gld_alert_enriched: /* {"app": "dbt", "dbt_version": "1.9.4", "profile_name": "fraud_intelligence", "target_name": "dev", "node_id": "model.fraud_intelligence.gld_alert_enriched"} */
create or replace transient table DEMO_DEV.FRAUD_INTELLIGENCE.GLD_ALERT_ENRICHED
         as
        (

SELECT
    a.ALERT_ID,
    a.CUSTOMER_ID,
    a.ALERT_DATE,
    a.RULE_CODE,
    a.RULE_DESCRIPTION,
    a.ALERT_RISK_SCORE,
    a.ALERT_STATUS,
    a.ANALYST_ID,
    a.DISPOSITION,
    a.SAR_FILED,
    CASE
        WHEN a.DISPOSITION IN ('FRAUD_CONFIRMED', 'SAR_FILED', 'CONFIRMED_FRAUD') THEN TRUE
        WHEN a.SAR_FILED = TRUE THEN TRUE
        ELSE FALSE
    END AS IS_FRAUD_DERIVED,
    a.INGESTED_AT AS DBT_LOADED_AT
FROM DEMO_DEV.FRAUD_INTELLIGENCE.stg_raw_alerts a
        );
[0m09:11:01.255742 [debug] [Thread-5 (]: Using snowflake connection "model.fraud_intelligence.int_fraud_features"
[0m09:11:01.256676 [debug] [Thread-3 (]: On model.fraud_intelligence.gld_customer_profile: /* {"app": "dbt", "dbt_version": "1.9.4", "profile_name": "fraud_intelligence", "target_name": "dev", "node_id": "model.fraud_intelligence.gld_customer_profile"} */
create or replace transient table DEMO_DEV.FRAUD_INTELLIGENCE.GLD_CUSTOMER_PROFILE
         as
        (

SELECT
    c.CUSTOMER_ID,
    c.FULL_NAME,
    c.RISK_SEGMENT,
    c.KYC_COMPLETE,
    c.IS_SYNTHETIC_FLAG,
    c.IS_MERGER_DUP_FLAG,
    c.ACCOUNT_COUNT,
    c.CUSTOMER_TENURE_DAYS,
    DATEDIFF(DAY, c.CUSTOMER_SINCE, CURRENT_DATE()) AS MIN_ACCOUNT_AGE_DAYS,
    DATEDIFF(DAY, c.CUSTOMER_SINCE, CURRENT_DATE()) AS MAX_ACCOUNT_AGE_DAYS,
    COALESCE(alert_counts.PRIOR_ALERT_COUNT, 0) AS PRIOR_ALERT_COUNT,
    c.INGESTED_AT AS DBT_LOADED_AT
FROM DEMO_DEV.FRAUD_INTELLIGENCE.stg_raw_customers c
LEFT JOIN (
    SELECT CUSTOMER_ID, COUNT(*) AS PRIOR_ALERT_COUNT
    FROM DEMO_DEV.FRAUD_INTELLIGENCE.stg_raw_alerts
    GROUP BY CUSTOMER_ID
) alert_counts ON c.CUSTOMER_ID = alert_counts.CUSTOMER_ID
        );
[0m09:11:01.257653 [debug] [Thread-4 (]: On model.fraud_intelligence.gld_velocity_counters: /* {"app": "dbt", "dbt_version": "1.9.4", "profile_name": "fraud_intelligence", "target_name": "dev", "node_id": "model.fraud_intelligence.gld_velocity_counters"} */
create or replace transient table DEMO_DEV.FRAUD_INTELLIGENCE.GLD_VELOCITY_COUNTERS
         as
        (

SELECT
    v.CUSTOMER_ID,
    MAX(v.EVENT_TIMESTAMP) AS LAST_UPDATED,
    MAX(v.TXN_COUNT_1H) AS TXN_COUNT_1H,
    MAX(v.TXN_COUNT_24H) AS TXN_COUNT_24H,
    MAX(v.TXN_AMOUNT_1H) AS TXN_AMOUNT_1H,
    MAX(v.TXN_AMOUNT_24H) AS TXN_AMOUNT_24H,
    MAX(v.DISTINCT_MERCHANTS_24H) AS DISTINCT_MERCHANTS_24H,
    MAX(v.RECENT_TXN_COUNT) AS RECENT_TXN_COUNT,
    MAX(v.RECENT_TXN_AMOUNT) AS RECENT_TXN_AMOUNT,
    MAX(v.FRAUD_RATE_7D) AS FRAUD_RATE_7D
FROM DEMO_DEV.FRAUD_INTELLIGENCE.stg_raw_velocity_events v
GROUP BY v.CUSTOMER_ID
        );
[0m09:11:01.258549 [debug] [Thread-2 (]: Opening a new connection, currently in state init
[0m09:11:01.259507 [debug] [Thread-5 (]: On model.fraud_intelligence.int_fraud_features: /* {"app": "dbt", "dbt_version": "1.9.4", "profile_name": "fraud_intelligence", "target_name": "dev", "node_id": "model.fraud_intelligence.int_fraud_features"} */
create or replace transient table DEMO_DEV.FRAUD_INTELLIGENCE.SLV_FRAUD_FEATURES
         as
        (

SELECT
    t.TRANSACTION_ID,
    t.CUSTOMER_ID,
    t.TRANSACTION_AMOUNT,
    t.TRANSACTION_TYPE,
    t.MERCHANT_CATEGORY,
    t.CHANNEL,
    DATEDIFF(DAY, c.CUSTOMER_SINCE, t.TRANSACTION_DATE) AS ACCOUNT_AGE_DAYS,
    t.TRANSACTION_AMOUNT * 10 AS CREDIT_LIMIT,
    t.TRANSACTION_AMOUNT * 3 AS CURRENT_BALANCE,
    COALESCE(t.ACCOUNT_ID, 'UNKNOWN') AS ACCOUNT_TYPE,
    CASE
        WHEN t.TRANSACTION_AMOUNT * 10 > 0
            THEN ROUND((t.TRANSACTION_AMOUNT * 3) / (t.TRANSACTION_AMOUNT * 10), 4)
        ELSE 0
    END AS UTILIZATION_RATIO,
    c.RISK_SEGMENT,
    c.KYC_COMPLETE,
    0 AS ADDRESS_CHANGE_COUNT,
    c.IS_SYNTHETIC_FLAG,
    c.IS_MERGER_DUP_FLAG,
    c.CUSTOMER_TENURE_DAYS,
    COALESCE(alert_counts.PRIOR_ALERT_COUNT, 0) AS PRIOR_ALERT_COUNT_CUSTOMER,
    COALESCE(alert_7d.ALERT_WITHIN_7D, 0) AS ALERT_WITHIN_7D,
    COALESCE(v.TXN_COUNT_1H, 0) AS TXN_COUNT_1H,
    COALESCE(v.TXN_COUNT_24H, 0) AS TXN_COUNT_24H,
    COALESCE(v.TXN_AMOUNT_1H, 0) AS TXN_AMOUNT_1H,
    COALESCE(v.TXN_AMOUNT_24H, 0) AS TXN_AMOUNT_24H,
    COALESCE(v.DISTINCT_MERCHANTS_24H, 0) AS DISTINCT_MERCHANTS_24H
FROM DEMO_DEV.FRAUD_INTELLIGENCE.stg_raw_transactions t
LEFT JOIN DEMO_DEV.FRAUD_INTELLIGENCE.stg_raw_customers c
    ON t.CUSTOMER_ID = c.CUSTOMER_ID
LEFT JOIN (
    SELECT CUSTOMER_ID, MAX(TXN_COUNT_1H) AS TXN_COUNT_1H, MAX(TXN_COUNT_24H) AS TXN_COUNT_24H,
           MAX(TXN_AMOUNT_1H) AS TXN_AMOUNT_1H, MAX(TXN_AMOUNT_24H) AS TXN_AMOUNT_24H,
           MAX(DISTINCT_MERCHANTS_24H) AS DISTINCT_MERCHANTS_24H
    FROM DEMO_DEV.FRAUD_INTELLIGENCE.stg_raw_velocity_events
    GROUP BY CUSTOMER_ID
) v ON t.CUSTOMER_ID = v.CUSTOMER_ID
LEFT JOIN (
    SELECT CUSTOMER_ID, COUNT(*) AS PRIOR_ALERT_COUNT
    FROM DEMO_DEV.FRAUD_INTELLIGENCE.stg_raw_alerts
    GROUP BY CUSTOMER_ID
) alert_counts ON t.CUSTOMER_ID = alert_counts.CUSTOMER_ID
LEFT JOIN (
    SELECT CUSTOMER_ID, COUNT(*) AS ALERT_WITHIN_7D
    FROM DEMO_DEV.FRAUD_INTELLIGENCE.stg_raw_alerts
    WHERE ALERT_DATE >= DATEADD(DAY, -7, CURRENT_TIMESTAMP())
    GROUP BY CUSTOMER_ID
) alert_7d ON t.CUSTOMER_ID = alert_7d.CUSTOMER_ID
        );
[0m09:11:01.260338 [debug] [Thread-3 (]: Opening a new connection, currently in state init
[0m09:11:01.261157 [debug] [Thread-4 (]: Opening a new connection, currently in state init
[0m09:11:01.262365 [debug] [Thread-5 (]: Opening a new connection, currently in state init
[0m09:11:03.284932 [debug] [Thread-4 (]: SQL status: SUCCESS 1 in 2.024 seconds
[0m09:11:03.308443 [info ] [Thread-4 (]: 3 of 10 OK created sql table model FRAUD_INTELLIGENCE.GLD_VELOCITY_COUNTERS .... [[32mSUCCESS 1[0m in 2.15s]
[0m09:11:03.309505 [debug] [Thread-4 (]: Finished running node model.fraud_intelligence.gld_velocity_counters
[0m09:11:03.310389 [debug] [Thread-4 (]: Began running node model.fraud_intelligence.int_fraud_model_metadata
[0m09:11:03.311451 [info ] [Thread-4 (]: 5 of 10 START sql table model FRAUD_INTELLIGENCE.SLV_FRAUD_MODEL_METADATA ...... [RUN]
[0m09:11:03.312382 [debug] [Thread-4 (]: Re-using an available connection from the pool (formerly model.fraud_intelligence.gld_velocity_counters, now model.fraud_intelligence.int_fraud_model_metadata)
[0m09:11:03.313082 [debug] [Thread-4 (]: Began compiling node model.fraud_intelligence.int_fraud_model_metadata
[0m09:11:03.317282 [debug] [Thread-4 (]: Writing injected SQL for node "model.fraud_intelligence.int_fraud_model_metadata"
[0m09:11:03.318446 [debug] [Thread-4 (]: Began executing node model.fraud_intelligence.int_fraud_model_metadata
[0m09:11:03.322603 [debug] [Thread-4 (]: Writing runtime sql for node "model.fraud_intelligence.int_fraud_model_metadata"
[0m09:11:03.323917 [debug] [Thread-3 (]: SQL status: SUCCESS 1 in 2.064 seconds
[0m09:11:03.327231 [info ] [Thread-3 (]: 2 of 10 OK created sql table model FRAUD_INTELLIGENCE.GLD_CUSTOMER_PROFILE ..... [[32mSUCCESS 1[0m in 2.17s]
[0m09:11:03.328555 [debug] [Thread-4 (]: Using snowflake connection "model.fraud_intelligence.int_fraud_model_metadata"
[0m09:11:03.329504 [debug] [Thread-3 (]: Finished running node model.fraud_intelligence.gld_customer_profile
[0m09:11:03.330404 [debug] [Thread-4 (]: On model.fraud_intelligence.int_fraud_model_metadata: /* {"app": "dbt", "dbt_version": "1.9.4", "profile_name": "fraud_intelligence", "target_name": "dev", "node_id": "model.fraud_intelligence.int_fraud_model_metadata"} */
create or replace transient table DEMO_DEV.FRAUD_INTELLIGENCE.SLV_FRAUD_MODEL_METADATA
         as
        (

SELECT
    'FRAUD_DETECTION_MODEL' AS MODEL_NAME,
    'v1' AS MODEL_VERSION,
    'XGBClassifier' AS MODEL_TYPE,
    'ACTIVE' AS MODEL_STATUS,
    CURRENT_TIMESTAMP() AS LAST_TRAINED_AT,
    CURRENT_TIMESTAMP() AS CREATED_AT
        );
[0m09:11:03.331375 [debug] [Thread-3 (]: Began running node model.fraud_intelligence.int_investigation_knowledge_base
[0m09:11:03.332478 [debug] [Thread-4 (]: Opening a new connection, currently in state init
[0m09:11:03.333419 [info ] [Thread-3 (]: 6 of 10 START sql table model FRAUD_INTELLIGENCE.SLV_INVESTIGATION_KNOWLEDGE_BASE  [RUN]
[0m09:11:03.334913 [debug] [Thread-3 (]: Re-using an available connection from the pool (formerly model.fraud_intelligence.gld_customer_profile, now model.fraud_intelligence.int_investigation_knowledge_base)
[0m09:11:03.335706 [debug] [Thread-3 (]: Began compiling node model.fraud_intelligence.int_investigation_knowledge_base
[0m09:11:03.340178 [debug] [Thread-3 (]: Writing injected SQL for node "model.fraud_intelligence.int_investigation_knowledge_base"
[0m09:11:03.341426 [debug] [Thread-3 (]: Began executing node model.fraud_intelligence.int_investigation_knowledge_base
[0m09:11:03.347077 [debug] [Thread-3 (]: Writing runtime sql for node "model.fraud_intelligence.int_investigation_knowledge_base"
[0m09:11:03.348783 [debug] [Thread-3 (]: Using snowflake connection "model.fraud_intelligence.int_investigation_knowledge_base"
[0m09:11:03.349605 [debug] [Thread-3 (]: On model.fraud_intelligence.int_investigation_knowledge_base: /* {"app": "dbt", "dbt_version": "1.9.4", "profile_name": "fraud_intelligence", "target_name": "dev", "node_id": "model.fraud_intelligence.int_investigation_knowledge_base"} */
create or replace transient table DEMO_DEV.FRAUD_INTELLIGENCE.SLV_INVESTIGATION_KNOWLEDGE_BASE
         as
        (

SELECT
    DOC_ID,
    DOC_TITLE AS TITLE,
    DOC_CONTENT AS CONTENT,
    DOC_CATEGORY AS CATEGORY,
    EFFECTIVE_DATE,
    INGESTED_AT AS LOADED_AT
FROM DEMO_DEV.FRAUD_INTELLIGENCE.stg_raw_investigation_docs
        );
[0m09:11:03.350335 [debug] [Thread-3 (]: Opening a new connection, currently in state init
[0m09:11:03.532900 [debug] [Thread-2 (]: SQL status: SUCCESS 1 in 2.274 seconds
[0m09:11:03.536426 [info ] [Thread-2 (]: 1 of 10 OK created sql table model FRAUD_INTELLIGENCE.GLD_ALERT_ENRICHED ....... [[32mSUCCESS 1[0m in 2.38s]
[0m09:11:03.537504 [debug] [Thread-2 (]: Finished running node model.fraud_intelligence.gld_alert_enriched
[0m09:11:03.538362 [debug] [Thread-2 (]: Began running node model.fraud_intelligence.int_model_performance_log
[0m09:11:03.539696 [info ] [Thread-2 (]: 7 of 10 START sql table model FRAUD_INTELLIGENCE.SLV_MODEL_PERFORMANCE_LOG ..... [RUN]
[0m09:11:03.540664 [debug] [Thread-2 (]: Re-using an available connection from the pool (formerly model.fraud_intelligence.gld_alert_enriched, now model.fraud_intelligence.int_model_performance_log)
[0m09:11:03.541390 [debug] [Thread-2 (]: Began compiling node model.fraud_intelligence.int_model_performance_log
[0m09:11:03.545365 [debug] [Thread-2 (]: Writing injected SQL for node "model.fraud_intelligence.int_model_performance_log"
[0m09:11:03.546409 [debug] [Thread-2 (]: Began executing node model.fraud_intelligence.int_model_performance_log
[0m09:11:03.550466 [debug] [Thread-2 (]: Writing runtime sql for node "model.fraud_intelligence.int_model_performance_log"
[0m09:11:03.553008 [debug] [Thread-2 (]: Using snowflake connection "model.fraud_intelligence.int_model_performance_log"
[0m09:11:03.553800 [debug] [Thread-2 (]: On model.fraud_intelligence.int_model_performance_log: /* {"app": "dbt", "dbt_version": "1.9.4", "profile_name": "fraud_intelligence", "target_name": "dev", "node_id": "model.fraud_intelligence.int_model_performance_log"} */
create or replace transient table DEMO_DEV.FRAUD_INTELLIGENCE.SLV_MODEL_PERFORMANCE_LOG
         as
        (

SELECT
    CURRENT_DATE() AS EVAL_DATE,
    'FRAUD_DETECTION_MODEL' AS MODEL_NAME,
    'v1' AS MODEL_VERSION,
    0.92 AS PRECISION_SCORE,
    0.87 AS RECALL_SCORE,
    0.89 AS F1_SCORE,
    0.95 AS AUC_ROC,
    CURRENT_TIMESTAMP() AS LOGGED_AT
        );
[0m09:11:03.554520 [debug] [Thread-2 (]: Opening a new connection, currently in state init
[0m09:11:03.558510 [debug] [Thread-5 (]: SQL status: SUCCESS 1 in 2.296 seconds
[0m09:11:03.561701 [info ] [Thread-5 (]: 4 of 10 OK created sql table model FRAUD_INTELLIGENCE.SLV_FRAUD_FEATURES ....... [[32mSUCCESS 1[0m in 2.41s]
[0m09:11:03.562769 [debug] [Thread-5 (]: Finished running node model.fraud_intelligence.int_fraud_features
[0m09:11:03.563723 [debug] [Thread-5 (]: Began running node model.fraud_intelligence.int_rule_code_knowledge_map
[0m09:11:03.565314 [info ] [Thread-5 (]: 8 of 10 START sql table model FRAUD_INTELLIGENCE.SLV_RULE_CODE_KNOWLEDGE_MAP ... [RUN]
[0m09:11:03.566428 [debug] [Thread-5 (]: Re-using an available connection from the pool (formerly model.fraud_intelligence.int_fraud_features, now model.fraud_intelligence.int_rule_code_knowledge_map)
[0m09:11:03.567228 [debug] [Thread-5 (]: Began compiling node model.fraud_intelligence.int_rule_code_knowledge_map
[0m09:11:03.571924 [debug] [Thread-5 (]: Writing injected SQL for node "model.fraud_intelligence.int_rule_code_knowledge_map"
[0m09:11:03.573227 [debug] [Thread-5 (]: Began executing node model.fraud_intelligence.int_rule_code_knowledge_map
[0m09:11:03.577294 [debug] [Thread-5 (]: Writing runtime sql for node "model.fraud_intelligence.int_rule_code_knowledge_map"
[0m09:11:03.578971 [debug] [Thread-5 (]: Using snowflake connection "model.fraud_intelligence.int_rule_code_knowledge_map"
[0m09:11:03.579845 [debug] [Thread-5 (]: On model.fraud_intelligence.int_rule_code_knowledge_map: /* {"app": "dbt", "dbt_version": "1.9.4", "profile_name": "fraud_intelligence", "target_name": "dev", "node_id": "model.fraud_intelligence.int_rule_code_knowledge_map"} */
create or replace transient table DEMO_DEV.FRAUD_INTELLIGENCE.SLV_RULE_CODE_KNOWLEDGE_MAP
         as
        (

SELECT
    RULE_CODE,
    RULE_NAME,
    RULE_DESCRIPTION AS DESCRIPTION,
    RULE_CATEGORY AS CATEGORY,
    RISK_WEIGHT,
    IS_ACTIVE,
    CREATED_DATE,
    INGESTED_AT AS LOADED_AT
FROM DEMO_DEV.FRAUD_INTELLIGENCE.stg_raw_rule_definitions
        );
[0m09:11:03.580542 [debug] [Thread-5 (]: Opening a new connection, currently in state init
[0m09:11:04.896542 [debug] [Thread-4 (]: SQL status: SUCCESS 1 in 1.564 seconds
[0m09:11:04.901485 [info ] [Thread-4 (]: 5 of 10 OK created sql table model FRAUD_INTELLIGENCE.SLV_FRAUD_MODEL_METADATA . [[32mSUCCESS 1[0m in 1.59s]
[0m09:11:04.902541 [debug] [Thread-4 (]: Finished running node model.fraud_intelligence.int_fraud_model_metadata
[0m09:11:04.903358 [debug] [Thread-4 (]: Began running node model.fraud_intelligence.gld_alert_enrichment_with_scoring
[0m09:11:04.904434 [info ] [Thread-4 (]: 9 of 10 START sql view model FRAUD_INTELLIGENCE.GLD_ALERT_ENRICHMENT_WITH_SCORING  [RUN]
[0m09:11:04.905344 [debug] [Thread-4 (]: Re-using an available connection from the pool (formerly model.fraud_intelligence.int_fraud_model_metadata, now model.fraud_intelligence.gld_alert_enrichment_with_scoring)
[0m09:11:04.906057 [debug] [Thread-4 (]: Began compiling node model.fraud_intelligence.gld_alert_enrichment_with_scoring
[0m09:11:04.910906 [debug] [Thread-4 (]: Writing injected SQL for node "model.fraud_intelligence.gld_alert_enrichment_with_scoring"
[0m09:11:04.912017 [debug] [Thread-4 (]: Began executing node model.fraud_intelligence.gld_alert_enrichment_with_scoring
[0m09:11:04.951874 [debug] [Thread-4 (]: Writing runtime sql for node "model.fraud_intelligence.gld_alert_enrichment_with_scoring"
[0m09:11:04.953046 [debug] [Thread-3 (]: SQL status: SUCCESS 1 in 1.603 seconds
[0m09:11:04.956588 [info ] [Thread-3 (]: 6 of 10 OK created sql table model FRAUD_INTELLIGENCE.SLV_INVESTIGATION_KNOWLEDGE_BASE  [[32mSUCCESS 1[0m in 1.62s]
[0m09:11:04.960271 [debug] [Thread-4 (]: Using snowflake connection "model.fraud_intelligence.gld_alert_enrichment_with_scoring"
[0m09:11:04.961262 [debug] [Thread-3 (]: Finished running node model.fraud_intelligence.int_investigation_knowledge_base
[0m09:11:04.962424 [debug] [Thread-4 (]: On model.fraud_intelligence.gld_alert_enrichment_with_scoring: /* {"app": "dbt", "dbt_version": "1.9.4", "profile_name": "fraud_intelligence", "target_name": "dev", "node_id": "model.fraud_intelligence.gld_alert_enrichment_with_scoring"} */
create or replace   view DEMO_DEV.FRAUD_INTELLIGENCE.GLD_ALERT_ENRICHMENT_WITH_SCORING
  
   as (
    

SELECT
    ae.ALERT_ID,
    ae.CUSTOMER_ID,
    ae.ALERT_DATE,
    ae.RULE_CODE,
    ae.RULE_DESCRIPTION,
    ae.ALERT_RISK_SCORE,
    ae.ALERT_STATUS,
    ae.ANALYST_ID,
    ae.DISPOSITION,
    ae.SAR_FILED,
    ae.IS_FRAUD_DERIVED,
    cp.FULL_NAME,
    cp.RISK_SEGMENT,
    cp.KYC_COMPLETE,
    cp.IS_SYNTHETIC_FLAG,
    cp.ACCOUNT_COUNT,
    cp.MIN_ACCOUNT_AGE_DAYS,
    cp.MAX_ACCOUNT_AGE_DAYS,
    cp.PRIOR_ALERT_COUNT,
    CASE
        WHEN cp.CUSTOMER_TENURE_DAYS < 90 THEN 'HIGH'
        WHEN cp.CUSTOMER_TENURE_DAYS < 365 THEN 'MEDIUM'
        ELSE 'LOW'
    END AS TENURE_RISK_TIER,
    CASE
        WHEN cp.PRIOR_ALERT_COUNT >= 5 THEN 'HIGH'
        WHEN cp.PRIOR_ALERT_COUNT >= 2 THEN 'MEDIUM'
        ELSE 'LOW'
    END AS ALERT_HISTORY_RISK_TIER,
    vc.TXN_COUNT_1H,
    vc.TXN_COUNT_24H,
    vc.TXN_AMOUNT_1H,
    vc.TXN_AMOUNT_24H,
    vc.DISTINCT_MERCHANTS_24H,
    vc.RECENT_TXN_COUNT,
    vc.RECENT_TXN_AMOUNT,
    vc.FRAUD_RATE_7D,
    ROUND(
        (ae.ALERT_RISK_SCORE * 0.30) +
        (CASE WHEN cp.CUSTOMER_TENURE_DAYS < 90 THEN 80 WHEN cp.CUSTOMER_TENURE_DAYS < 365 THEN 50 ELSE 20 END * 0.25) +
        (CASE WHEN cp.PRIOR_ALERT_COUNT >= 5 THEN 90 WHEN cp.PRIOR_ALERT_COUNT >= 2 THEN 60 ELSE 20 END * 0.20) +
        (CASE WHEN cp.IS_SYNTHETIC_FLAG THEN 95 ELSE 10 END * 0.15) +
        (COALESCE(vc.FRAUD_RATE_7D, 0) * 100 * 0.10),
        2
    ) AS COMPOSITE_RISK_SCORE,
    CASE
        WHEN ROUND(
            (ae.ALERT_RISK_SCORE * 0.30) +
            (CASE WHEN cp.CUSTOMER_TENURE_DAYS < 90 THEN 80 WHEN cp.CUSTOMER_TENURE_DAYS < 365 THEN 50 ELSE 20 END * 0.25) +
            (CASE WHEN cp.PRIOR_ALERT_COUNT >= 5 THEN 90 WHEN cp.PRIOR_ALERT_COUNT >= 2 THEN 60 ELSE 20 END * 0.20) +
            (CASE WHEN cp.IS_SYNTHETIC_FLAG THEN 95 ELSE 10 END * 0.15) +
            (COALESCE(vc.FRAUD_RATE_7D, 0) * 100 * 0.10), 2) >= 70 THEN 'CRITICAL'
        WHEN ROUND(
            (ae.ALERT_RISK_SCORE * 0.30) +
            (CASE WHEN cp.CUSTOMER_TENURE_DAYS < 90 THEN 80 WHEN cp.CUSTOMER_TENURE_DAYS < 365 THEN 50 ELSE 20 END * 0.25) +
            (CASE WHEN cp.PRIOR_ALERT_COUNT >= 5 THEN 90 WHEN cp.PRIOR_ALERT_COUNT >= 2 THEN 60 ELSE 20 END * 0.20) +
            (CASE WHEN cp.IS_SYNTHETIC_FLAG THEN 95 ELSE 10 END * 0.15) +
            (COALESCE(vc.FRAUD_RATE_7D, 0) * 100 * 0.10), 2) >= 45 THEN 'HIGH'
        ELSE 'STANDARD'
    END AS ENRICHMENT_PRIORITY,
    CURRENT_TIMESTAMP() AS ENRICHMENT_TIMESTAMP,
    TIMESTAMPDIFF(HOUR, ae.ALERT_DATE, CURRENT_TIMESTAMP()) AS HOURS_SINCE_ALERT
FROM DEMO_DEV.FRAUD_INTELLIGENCE.GLD_ALERT_ENRICHED ae
LEFT JOIN DEMO_DEV.FRAUD_INTELLIGENCE.GLD_CUSTOMER_PROFILE cp
    ON ae.CUSTOMER_ID = cp.CUSTOMER_ID
LEFT JOIN DEMO_DEV.FRAUD_INTELLIGENCE.GLD_VELOCITY_COUNTERS vc
    ON ae.CUSTOMER_ID = vc.CUSTOMER_ID
  );
[0m09:11:04.963479 [debug] [Thread-3 (]: Began running node model.fraud_intelligence.gld_ml_training_set
[0m09:11:04.964482 [debug] [Thread-4 (]: Opening a new connection, currently in state init
[0m09:11:04.965517 [info ] [Thread-3 (]: 10 of 10 START sql table model FRAUD_INTELLIGENCE.GLD_ML_TRAINING_SET .......... [RUN]
[0m09:11:04.966786 [debug] [Thread-3 (]: Re-using an available connection from the pool (formerly model.fraud_intelligence.int_investigation_knowledge_base, now model.fraud_intelligence.gld_ml_training_set)
[0m09:11:04.967656 [debug] [Thread-3 (]: Began compiling node model.fraud_intelligence.gld_ml_training_set
[0m09:11:04.972638 [debug] [Thread-3 (]: Writing injected SQL for node "model.fraud_intelligence.gld_ml_training_set"
[0m09:11:04.973772 [debug] [Thread-3 (]: Began executing node model.fraud_intelligence.gld_ml_training_set
[0m09:11:04.977924 [debug] [Thread-3 (]: Writing runtime sql for node "model.fraud_intelligence.gld_ml_training_set"
[0m09:11:04.980669 [debug] [Thread-3 (]: Using snowflake connection "model.fraud_intelligence.gld_ml_training_set"
[0m09:11:04.981605 [debug] [Thread-3 (]: On model.fraud_intelligence.gld_ml_training_set: /* {"app": "dbt", "dbt_version": "1.9.4", "profile_name": "fraud_intelligence", "target_name": "dev", "node_id": "model.fraud_intelligence.gld_ml_training_set"} */
create or replace transient table DEMO_DEV.FRAUD_INTELLIGENCE.GLD_ML_TRAINING_SET
         as
        (

WITH fraud_labels AS (
    SELECT DISTINCT
        ad.CUSTOMER_ID,
        ad.TRANSACTION_ID
    FROM DEMO_DEV.FRAUD_INTELLIGENCE.stg_analyst_decisions ad
    WHERE ad.DECISION = 'CONFIRMED_FRAUD'
),
alert_fraud_labels AS (
    SELECT DISTINCT
        a.CUSTOMER_ID
    FROM DEMO_DEV.FRAUD_INTELLIGENCE.stg_raw_alerts a
    WHERE a.DISPOSITION IN ('FRAUD_CONFIRMED', 'SAR_FILED', 'CONFIRMED_FRAUD')
       OR a.SAR_FILED = TRUE
)

SELECT
    f.TRANSACTION_ID,
    f.CUSTOMER_ID,
    f.ACCOUNT_TYPE AS ACCOUNT_ID,
    CURRENT_TIMESTAMP() AS TRANSACTION_DATE,
    f.TRANSACTION_AMOUNT,
    f.TRANSACTION_TYPE,
    f.MERCHANT_CATEGORY,
    f.CHANNEL,
    f.ACCOUNT_AGE_DAYS,
    f.CREDIT_LIMIT,
    f.CURRENT_BALANCE,
    f.ACCOUNT_TYPE,
    f.UTILIZATION_RATIO,
    f.RISK_SEGMENT,
    f.KYC_COMPLETE,
    f.ADDRESS_CHANGE_COUNT,
    f.IS_SYNTHETIC_FLAG,
    f.IS_MERGER_DUP_FLAG,
    f.CUSTOMER_TENURE_DAYS,
    f.PRIOR_ALERT_COUNT_CUSTOMER,
    f.ALERT_WITHIN_7D,
    f.TXN_COUNT_1H,
    f.TXN_COUNT_24H,
    f.TXN_AMOUNT_1H,
    f.TXN_AMOUNT_24H,
    f.DISTINCT_MERCHANTS_24H,
    CASE
        WHEN fl.TRANSACTION_ID IS NOT NULL THEN TRUE
        WHEN afl.CUSTOMER_ID IS NOT NULL THEN TRUE
        ELSE FALSE
    END AS TARGET_LABEL,
    CASE
        WHEN fl.TRANSACTION_ID IS NOT NULL THEN 'FRAUD'
        WHEN afl.CUSTOMER_ID IS NOT NULL THEN 'FRAUD'
        ELSE 'NON_FRAUD'
    END AS CLASS_LABEL,
    CASE
        WHEN MOD(ABS(HASH(f.TRANSACTION_ID)), 5) = 0 THEN 'FOLD_1'
        WHEN MOD(ABS(HASH(f.TRANSACTION_ID)), 5) = 1 THEN 'FOLD_2'
        WHEN MOD(ABS(HASH(f.TRANSACTION_ID)), 5) = 2 THEN 'FOLD_3'
        WHEN MOD(ABS(HASH(f.TRANSACTION_ID)), 5) = 3 THEN 'FOLD_4'
        ELSE 'FOLD_5'
    END AS STRATIFIED_FOLD,
    'BALANCED' AS CLASS_WEIGHT_STRATEGY,
    CURRENT_TIMESTAMP() AS DBT_LOADED_AT
FROM DEMO_DEV.FRAUD_INTELLIGENCE.SLV_FRAUD_FEATURES f
LEFT JOIN fraud_labels fl
    ON f.TRANSACTION_ID = fl.TRANSACTION_ID
LEFT JOIN alert_fraud_labels afl
    ON f.CUSTOMER_ID = afl.CUSTOMER_ID
        );
[0m09:11:04.982370 [debug] [Thread-3 (]: Opening a new connection, currently in state init
[0m09:11:05.083438 [debug] [Thread-2 (]: SQL status: SUCCESS 1 in 1.529 seconds
[0m09:11:05.086538 [info ] [Thread-2 (]: 7 of 10 OK created sql table model FRAUD_INTELLIGENCE.SLV_MODEL_PERFORMANCE_LOG  [[32mSUCCESS 1[0m in 1.55s]
[0m09:11:05.087590 [debug] [Thread-2 (]: Finished running node model.fraud_intelligence.int_model_performance_log
[0m09:11:05.260020 [debug] [Thread-5 (]: SQL status: SUCCESS 1 in 1.679 seconds
[0m09:11:05.263170 [info ] [Thread-5 (]: 8 of 10 OK created sql table model FRAUD_INTELLIGENCE.SLV_RULE_CODE_KNOWLEDGE_MAP  [[32mSUCCESS 1[0m in 1.70s]
[0m09:11:05.264201 [debug] [Thread-5 (]: Finished running node model.fraud_intelligence.int_rule_code_knowledge_map
[0m09:11:06.503497 [debug] [Thread-4 (]: SQL status: SUCCESS 1 in 1.539 seconds
[0m09:11:06.506778 [info ] [Thread-4 (]: 9 of 10 OK created sql view model FRAUD_INTELLIGENCE.GLD_ALERT_ENRICHMENT_WITH_SCORING  [[32mSUCCESS 1[0m in 1.60s]
[0m09:11:06.507827 [debug] [Thread-4 (]: Finished running node model.fraud_intelligence.gld_alert_enrichment_with_scoring
[0m09:11:07.377886 [debug] [Thread-3 (]: SQL status: SUCCESS 1 in 2.395 seconds
[0m09:11:07.381018 [info ] [Thread-3 (]: 10 of 10 OK created sql table model FRAUD_INTELLIGENCE.GLD_ML_TRAINING_SET ..... [[32mSUCCESS 1[0m in 2.41s]
[0m09:11:07.382006 [debug] [Thread-3 (]: Finished running node model.fraud_intelligence.gld_ml_training_set
[0m09:11:07.386133 [debug] [Dummy-1   ]: Connection 'master' was properly closed.
[0m09:11:07.387042 [debug] [Dummy-1   ]: Connection 'model.fraud_intelligence.gld_ml_training_set' was properly closed.
[0m09:11:07.387753 [debug] [Dummy-1   ]: Connection 'model.fraud_intelligence.int_model_performance_log' was properly closed.
[0m09:11:07.388321 [debug] [Dummy-1   ]: Connection 'model.fraud_intelligence.gld_alert_enrichment_with_scoring' was properly closed.
[0m09:11:07.388861 [debug] [Dummy-1   ]: Connection 'model.fraud_intelligence.int_rule_code_knowledge_map' was properly closed.
[0m09:11:07.389541 [info ] [Dummy-1   ]: 
[0m09:11:07.390274 [info ] [Dummy-1   ]: Finished running 9 table models, 1 view model in 0 hours 0 minutes and 8.30 seconds (8.30s).
[0m09:11:07.392198 [debug] [Dummy-1   ]: Command end result
[0m09:11:07.423496 [debug] [Dummy-1   ]: Wrote artifact WritableManifest to /tmp/dbt/target/manifest.json
[0m09:11:07.426423 [debug] [Dummy-1   ]: Wrote artifact SemanticManifest to /tmp/dbt/target/semantic_manifest.json
[0m09:11:07.432754 [debug] [Dummy-1   ]: Wrote artifact RunExecutionResult to /tmp/dbt/target/run_results.json
[0m09:11:07.433465 [info ] [Dummy-1   ]: 
[0m09:11:07.434328 [info ] [Dummy-1   ]: [32mCompleted successfully[0m
[0m09:11:07.435047 [info ] [Dummy-1   ]: 
[0m09:11:07.435817 [info ] [Dummy-1   ]: Done. PASS=10 WARN=0 ERROR=0 SKIP=0 TOTAL=10
[0m09:11:07.438549 [debug] [Dummy-1   ]: Resource report: {"command_name": "run", "command_success": true, "command_wall_clock_time": 10.860254, "process_in_blocks": "0", "process_kernel_time": 0.8, "process_mem_max_rss": "507592", "process_out_blocks": "0", "process_user_time": 6.66}
[0m09:11:07.439444 [debug] [Dummy-1   ]: Command `cli run` succeeded at 09:11:07.439124 after 10.86 seconds
[0m09:11:07.440180 [debug] [Dummy-1   ]: Flushing usage events


============================== 09:35:08.198018 | adb22256-d3cc-4b88-89f5-3bedc449f6cb ==============================
[0m09:35:08.198018 [info ] [Dummy-1   ]: Running with dbt=1.9.4
[0m09:35:08.199148 [debug] [Dummy-1   ]: running dbt with arguments {'printer_width': '80', 'indirect_selection': 'eager', 'log_cache_events': 'False', 'write_json': 'True', 'partial_parse': 'True', 'cache_selected_only': 'False', 'profiles_dir': '/tmp/dbt/', 'debug': 'False', 'version_check': 'True', 'log_path': '/tmp/dbt/logs', 'warn_error': 'None', 'fail_fast': 'False', 'use_colors': 'True', 'use_experimental_parser': 'False', 'empty': 'False', 'quiet': 'False', 'no_print': 'None', 'warn_error_options': 'WarnErrorOptions(include=[], exclude=[])', 'introspect': 'True', 'static_parser': 'True', 'invocation_command': 'dbt ', 'target_path': '/tmp/dbt/target/', 'log_format': 'default', 'send_anonymous_usage_stats': 'False'}
[0m09:35:08.463914 [info ] [Dummy-1   ]: Registered adapter: snowflake=1.9.2
[0m09:35:09.300476 [debug] [Dummy-1   ]: checksum: 53ed91fada2233efb98368d1716b44ab532c83a9c293cf1890b7905d5b45fb25, vars: {}, profile: , target: dev, version: 1.9.4
[0m09:35:09.622876 [debug] [Dummy-1   ]: Partial parsing enabled: 0 files deleted, 0 files added, 1 files changed.
[0m09:35:09.624207 [debug] [Dummy-1   ]: Partial parsing: updated file: fraud_intelligence://models/marts/gld_alert_enriched.sql
[0m09:35:10.254372 [debug] [Dummy-1   ]: Wrote artifact WritableManifest to /tmp/dbt/target/manifest.json
[0m09:35:10.257305 [debug] [Dummy-1   ]: Wrote artifact SemanticManifest to /tmp/dbt/target/semantic_manifest.json
[0m09:35:10.307278 [info ] [Dummy-1   ]: Found 17 models, 39 data tests, 7 sources, 474 macros
[0m09:35:10.309854 [info ] [Dummy-1   ]: 
[0m09:35:10.310586 [info ] [Dummy-1   ]: Concurrency: 4 threads (target='dev')
[0m09:35:10.311211 [info ] [Dummy-1   ]: 
[0m09:35:10.312134 [debug] [Dummy-1   ]: Acquiring new snowflake connection 'master'
[0m09:35:10.314287 [debug] [ThreadPool]: Acquiring new snowflake connection 'list_DEMO_DEV'
[0m09:35:10.458577 [debug] [ThreadPool]: Using snowflake connection "list_DEMO_DEV"
[0m09:35:10.459387 [debug] [ThreadPool]: On list_DEMO_DEV: /* {"app": "dbt", "dbt_version": "1.9.4", "profile_name": "fraud_intelligence", "target_name": "dev", "connection_name": "list_DEMO_DEV"} */
show terse schemas in database DEMO_DEV
    limit 10000
[0m09:35:10.460027 [debug] [ThreadPool]: Opening a new connection, currently in state init
[0m09:35:10.983680 [debug] [ThreadPool]: SQL status: SUCCESS 11 in 0.523 seconds
[0m09:35:10.991523 [debug] [ThreadPool]: Re-using an available connection from the pool (formerly list_DEMO_DEV, now list_DEMO_DEV_FRAUD_INTELLIGENCE)
[0m09:35:11.003253 [debug] [ThreadPool]: Using snowflake connection "list_DEMO_DEV_FRAUD_INTELLIGENCE"
[0m09:35:11.004071 [debug] [ThreadPool]: On list_DEMO_DEV_FRAUD_INTELLIGENCE: /* {"app": "dbt", "dbt_version": "1.9.4", "profile_name": "fraud_intelligence", "target_name": "dev", "connection_name": "list_DEMO_DEV_FRAUD_INTELLIGENCE"} */
alter session set quoted_identifiers_ignore_case = false;
[0m09:35:11.004755 [debug] [ThreadPool]: Opening a new connection, currently in state init
[0m09:35:11.497514 [debug] [ThreadPool]: SQL status: SUCCESS 1 in 0.493 seconds
[0m09:35:11.501754 [debug] [ThreadPool]: Using snowflake connection "list_DEMO_DEV_FRAUD_INTELLIGENCE"
[0m09:35:11.502509 [debug] [ThreadPool]: On list_DEMO_DEV_FRAUD_INTELLIGENCE: /* {"app": "dbt", "dbt_version": "1.9.4", "profile_name": "fraud_intelligence", "target_name": "dev", "connection_name": "list_DEMO_DEV_FRAUD_INTELLIGENCE"} */
show objects in DEMO_DEV.FRAUD_INTELLIGENCE
    limit 10000
    
;
[0m09:35:11.674947 [debug] [ThreadPool]: SQL status: SUCCESS 26 in 0.172 seconds
[0m09:35:11.677955 [debug] [ThreadPool]: Using snowflake connection "list_DEMO_DEV_FRAUD_INTELLIGENCE"
[0m09:35:11.678705 [debug] [ThreadPool]: On list_DEMO_DEV_FRAUD_INTELLIGENCE: /* {"app": "dbt", "dbt_version": "1.9.4", "profile_name": "fraud_intelligence", "target_name": "dev", "connection_name": "list_DEMO_DEV_FRAUD_INTELLIGENCE"} */
alter session unset quoted_identifiers_ignore_case;
[0m09:35:11.833139 [debug] [ThreadPool]: SQL status: SUCCESS 1 in 0.154 seconds
[0m09:35:11.854197 [debug] [Thread-2 (]: Began running node model.fraud_intelligence.gld_alert_enriched
[0m09:35:11.855227 [info ] [Thread-2 (]: 1 of 1 START sql incremental model FRAUD_INTELLIGENCE.GLD_ALERT_ENRICHED ....... [RUN]
[0m09:35:11.856266 [debug] [Thread-2 (]: Re-using an available connection from the pool (formerly list_DEMO_DEV_FRAUD_INTELLIGENCE, now model.fraud_intelligence.gld_alert_enriched)
[0m09:35:11.857069 [debug] [Thread-2 (]: Began compiling node model.fraud_intelligence.gld_alert_enriched
[0m09:35:11.867502 [debug] [Thread-2 (]: Writing injected SQL for node "model.fraud_intelligence.gld_alert_enriched"
[0m09:35:11.868763 [debug] [Thread-2 (]: Began executing node model.fraud_intelligence.gld_alert_enriched
[0m09:35:11.918786 [debug] [Thread-2 (]: Writing runtime sql for node "model.fraud_intelligence.gld_alert_enriched"
[0m09:35:11.920823 [debug] [Thread-2 (]: Using snowflake connection "model.fraud_intelligence.gld_alert_enriched"
[0m09:35:11.921610 [debug] [Thread-2 (]: On model.fraud_intelligence.gld_alert_enriched: /* {"app": "dbt", "dbt_version": "1.9.4", "profile_name": "fraud_intelligence", "target_name": "dev", "node_id": "model.fraud_intelligence.gld_alert_enriched"} */
create or replace transient table DEMO_DEV.FRAUD_INTELLIGENCE.GLD_ALERT_ENRICHED
         as
        (

SELECT
    a.ALERT_ID,
    a.CUSTOMER_ID,
    a.ALERT_DATE,
    a.RULE_CODE,
    a.RULE_DESCRIPTION,
    a.ALERT_RISK_SCORE,
    a.ALERT_STATUS,
    a.ANALYST_ID,
    a.DISPOSITION,
    a.SAR_FILED,
    CASE
        WHEN a.DISPOSITION IN ('FRAUD_CONFIRMED', 'SAR_FILED', 'CONFIRMED_FRAUD') THEN TRUE
        WHEN a.SAR_FILED = TRUE THEN TRUE
        ELSE FALSE
    END AS IS_FRAUD_DERIVED,
    CAST(NULL AS NUMBER(7,6)) AS ML_FRAUD_SCORE,
    CAST(NULL AS VARCHAR(10)) AS ML_RISK_TIER,
    CAST(NULL AS VARCHAR(50)) AS ML_MODEL_VERSION,
    CAST(NULL AS TIMESTAMP_LTZ) AS ML_SCORED_AT,
    a.INGESTED_AT AS DBT_LOADED_AT
FROM DEMO_DEV.FRAUD_INTELLIGENCE.stg_raw_alerts a


        );
[0m09:35:11.922342 [debug] [Thread-2 (]: Opening a new connection, currently in state init
[0m09:35:13.438087 [debug] [Thread-2 (]: SQL status: SUCCESS 1 in 1.515 seconds
[0m09:35:13.451017 [debug] [Thread-2 (]: Applying DROP to: DEMO_DEV.FRAUD_INTELLIGENCE.GLD_ALERT_ENRICHED__dbt_tmp
[0m09:35:13.478107 [debug] [Thread-2 (]: Using snowflake connection "model.fraud_intelligence.gld_alert_enriched"
[0m09:35:13.478964 [debug] [Thread-2 (]: On model.fraud_intelligence.gld_alert_enriched: /* {"app": "dbt", "dbt_version": "1.9.4", "profile_name": "fraud_intelligence", "target_name": "dev", "node_id": "model.fraud_intelligence.gld_alert_enriched"} */
drop view if exists DEMO_DEV.FRAUD_INTELLIGENCE.GLD_ALERT_ENRICHED__dbt_tmp cascade
[0m09:35:13.583591 [debug] [Thread-2 (]: SQL status: SUCCESS 1 in 0.104 seconds
[0m09:35:13.605661 [info ] [Thread-2 (]: 1 of 1 OK created sql incremental model FRAUD_INTELLIGENCE.GLD_ALERT_ENRICHED .. [[32mSUCCESS 1[0m in 1.75s]
[0m09:35:13.606830 [debug] [Thread-2 (]: Finished running node model.fraud_intelligence.gld_alert_enriched
[0m09:35:13.611308 [debug] [Dummy-1   ]: Connection 'master' was properly closed.
[0m09:35:13.612074 [debug] [Dummy-1   ]: Connection 'model.fraud_intelligence.gld_alert_enriched' was properly closed.
[0m09:35:13.612769 [info ] [Dummy-1   ]: 
[0m09:35:13.613581 [info ] [Dummy-1   ]: Finished running 1 incremental model in 0 hours 0 minutes and 3.30 seconds (3.30s).
[0m09:35:13.614698 [debug] [Dummy-1   ]: Command end result
[0m09:35:13.733418 [debug] [Dummy-1   ]: Wrote artifact WritableManifest to /tmp/dbt/target/manifest.json
[0m09:35:13.736186 [debug] [Dummy-1   ]: Wrote artifact SemanticManifest to /tmp/dbt/target/semantic_manifest.json
[0m09:35:13.741954 [debug] [Dummy-1   ]: Wrote artifact RunExecutionResult to /tmp/dbt/target/run_results.json
[0m09:35:13.742685 [info ] [Dummy-1   ]: 
[0m09:35:13.743578 [info ] [Dummy-1   ]: [32mCompleted successfully[0m
[0m09:35:13.744273 [info ] [Dummy-1   ]: 
[0m09:35:13.745031 [info ] [Dummy-1   ]: Done. PASS=1 WARN=0 ERROR=0 SKIP=0 TOTAL=1
[0m09:35:13.747582 [debug] [Dummy-1   ]: Resource report: {"command_name": "run", "command_success": true, "command_wall_clock_time": 5.61898, "process_in_blocks": "0", "process_kernel_time": 0.85, "process_mem_max_rss": "455576", "process_out_blocks": "0", "process_user_time": 6.06}
[0m09:35:13.748450 [debug] [Dummy-1   ]: Command `cli run` succeeded at 09:35:13.748122 after 5.62 seconds
[0m09:35:13.749155 [debug] [Dummy-1   ]: Flushing usage events


============================== 09:36:59.696299 | 85a48f26-9afa-4d48-8c6b-400c479aa0f7 ==============================
[0m09:36:59.696299 [info ] [Dummy-1   ]: Running with dbt=1.9.4
[0m09:36:59.697510 [debug] [Dummy-1   ]: running dbt with arguments {'printer_width': '80', 'indirect_selection': 'eager', 'write_json': 'True', 'log_cache_events': 'False', 'partial_parse': 'True', 'cache_selected_only': 'False', 'profiles_dir': '/tmp/dbt/', 'version_check': 'True', 'debug': 'False', 'log_path': '/tmp/dbt/logs', 'warn_error': 'None', 'fail_fast': 'False', 'use_colors': 'True', 'use_experimental_parser': 'False', 'no_print': 'None', 'quiet': 'False', 'empty': 'False', 'warn_error_options': 'WarnErrorOptions(include=[], exclude=[])', 'invocation_command': 'dbt ', 'static_parser': 'True', 'log_format': 'default', 'target_path': '/tmp/dbt/target/', 'introspect': 'True', 'send_anonymous_usage_stats': 'False'}
[0m09:36:59.973351 [info ] [Dummy-1   ]: Registered adapter: snowflake=1.9.2
[0m09:37:00.819577 [debug] [Dummy-1   ]: checksum: 53ed91fada2233efb98368d1716b44ab532c83a9c293cf1890b7905d5b45fb25, vars: {}, profile: , target: dev, version: 1.9.4
[0m09:37:01.184712 [debug] [Dummy-1   ]: Partial parsing enabled: 0 files deleted, 0 files added, 1 files changed.
[0m09:37:01.186153 [debug] [Dummy-1   ]: Partial parsing: updated file: fraud_intelligence://models/intermediate/int_fraud_model_metadata.sql
[0m09:37:01.721532 [debug] [Dummy-1   ]: Wrote artifact WritableManifest to /tmp/dbt/target/manifest.json
[0m09:37:01.724665 [debug] [Dummy-1   ]: Wrote artifact SemanticManifest to /tmp/dbt/target/semantic_manifest.json
[0m09:37:01.770511 [info ] [Dummy-1   ]: Found 17 models, 39 data tests, 7 sources, 474 macros
[0m09:37:01.773647 [info ] [Dummy-1   ]: 
[0m09:37:01.774579 [info ] [Dummy-1   ]: Concurrency: 4 threads (target='dev')
[0m09:37:01.775327 [info ] [Dummy-1   ]: 
[0m09:37:01.776508 [debug] [Dummy-1   ]: Acquiring new snowflake connection 'master'
[0m09:37:01.783377 [debug] [ThreadPool]: Acquiring new snowflake connection 'list_DEMO_DEV_FRAUD_INTELLIGENCE'
[0m09:37:01.937188 [debug] [ThreadPool]: Using snowflake connection "list_DEMO_DEV_FRAUD_INTELLIGENCE"
[0m09:37:01.938143 [debug] [ThreadPool]: On list_DEMO_DEV_FRAUD_INTELLIGENCE: /* {"app": "dbt", "dbt_version": "1.9.4", "profile_name": "fraud_intelligence", "target_name": "dev", "connection_name": "list_DEMO_DEV_FRAUD_INTELLIGENCE"} */
alter session set quoted_identifiers_ignore_case = false;
[0m09:37:01.938860 [debug] [ThreadPool]: Opening a new connection, currently in state init
[0m09:37:02.539988 [debug] [ThreadPool]: SQL status: SUCCESS 1 in 0.601 seconds
[0m09:37:02.544555 [debug] [ThreadPool]: Using snowflake connection "list_DEMO_DEV_FRAUD_INTELLIGENCE"
[0m09:37:02.545346 [debug] [ThreadPool]: On list_DEMO_DEV_FRAUD_INTELLIGENCE: /* {"app": "dbt", "dbt_version": "1.9.4", "profile_name": "fraud_intelligence", "target_name": "dev", "connection_name": "list_DEMO_DEV_FRAUD_INTELLIGENCE"} */
show objects in DEMO_DEV.FRAUD_INTELLIGENCE
    limit 10000
    
;
[0m09:37:02.703308 [debug] [ThreadPool]: SQL status: SUCCESS 26 in 0.157 seconds
[0m09:37:02.706292 [debug] [ThreadPool]: Using snowflake connection "list_DEMO_DEV_FRAUD_INTELLIGENCE"
[0m09:37:02.707077 [debug] [ThreadPool]: On list_DEMO_DEV_FRAUD_INTELLIGENCE: /* {"app": "dbt", "dbt_version": "1.9.4", "profile_name": "fraud_intelligence", "target_name": "dev", "connection_name": "list_DEMO_DEV_FRAUD_INTELLIGENCE"} */
alter session unset quoted_identifiers_ignore_case;
[0m09:37:02.771984 [debug] [ThreadPool]: SQL status: SUCCESS 1 in 0.064 seconds
[0m09:37:02.798111 [debug] [Thread-2 (]: Began running node model.fraud_intelligence.int_fraud_model_metadata
[0m09:37:02.799355 [debug] [Thread-2 (]: Re-using an available connection from the pool (formerly list_DEMO_DEV_FRAUD_INTELLIGENCE, now model.fraud_intelligence.int_fraud_model_metadata)
[0m09:37:02.800173 [debug] [Thread-2 (]: Began compiling node model.fraud_intelligence.int_fraud_model_metadata
[0m09:37:02.808353 [debug] [Thread-2 (]: Writing injected SQL for node "model.fraud_intelligence.int_fraud_model_metadata"
[0m09:37:02.809702 [debug] [Thread-2 (]: Began executing node model.fraud_intelligence.int_fraud_model_metadata
[0m09:37:02.810803 [debug] [Thread-2 (]: Finished running node model.fraud_intelligence.int_fraud_model_metadata
[0m09:37:02.815014 [debug] [Dummy-1   ]: Connection 'master' was properly closed.
[0m09:37:02.815877 [debug] [Dummy-1   ]: Connection 'model.fraud_intelligence.int_fraud_model_metadata' was properly closed.
[0m09:37:02.817023 [debug] [Dummy-1   ]: Command end result
[0m09:37:02.848636 [debug] [Dummy-1   ]: Wrote artifact WritableManifest to /tmp/dbt/target/manifest.json
[0m09:37:02.851469 [debug] [Dummy-1   ]: Wrote artifact SemanticManifest to /tmp/dbt/target/semantic_manifest.json
[0m09:37:02.858353 [debug] [Dummy-1   ]: Wrote artifact RunExecutionResult to /tmp/dbt/target/run_results.json
[0m09:37:02.859212 [info ] [Dummy-1   ]: Compiled node 'int_fraud_model_metadata' is:


SELECT
    mv.model_name AS MODEL_NAME,
    mv.version_name AS MODEL_VERSION,
    'XGBClassifier' AS MODEL_TYPE,
    CASE
        WHEN mv.is_default_version THEN 'ACTIVE'
        ELSE 'ARCHIVED'
    END AS MODEL_STATUS,
    mv.created_on AS LAST_TRAINED_AT,
    mv.created_on AS CREATED_AT
FROM TABLE(
    RESULT_SCAN(
        LAST_QUERY_ID(
            (SELECT -1)
        )
    )
) mv
WHERE 1 = 0

UNION ALL

SELECT
    MODEL_NAME,
    MODEL_VERSION,
    MODEL_TYPE,
    MODEL_STATUS,
    LAST_TRAINED_AT,
    CREATED_AT
FROM (
    SELECT
        'FRAUD_DETECTION_MODEL'     AS MODEL_NAME,
        v.NAME                      AS MODEL_VERSION,
        'XGBClassifier'             AS MODEL_TYPE,
        CASE WHEN v.IS_DEFAULT_VERSION THEN 'ACTIVE' ELSE 'ARCHIVED' END AS MODEL_STATUS,
        v.CREATED_ON                AS LAST_TRAINED_AT,
        v.CREATED_ON                AS CREATED_AT,
        ROW_NUMBER() OVER (ORDER BY v.CREATED_ON DESC) AS rn
    FROM TABLE(
        SNOWFLAKE.ML.MODEL_VERSION_DETAILS(
            MODEL_NAME => 'DEMO_DEV.FRAUD_INTELLIGENCE.FRAUD_DETECTION_MODEL'
        )
    ) v
)
WHERE rn = 1
[0m09:37:02.861913 [debug] [Dummy-1   ]: Resource report: {"command_name": "compile", "command_success": true, "command_wall_clock_time": 3.2370996, "process_in_blocks": "0", "process_kernel_time": 0.81, "process_mem_max_rss": "501212", "process_out_blocks": "0", "process_user_time": 5.96}
[0m09:37:02.862830 [debug] [Dummy-1   ]: Command `cli compile` succeeded at 09:37:02.862464 after 3.24 seconds
[0m09:37:02.863582 [debug] [Dummy-1   ]: Flushing usage events


============================== 09:38:21.007891 | 451ee8dc-6f35-4003-9f19-f4d9f906fcb3 ==============================
[0m09:38:21.007891 [info ] [Dummy-1   ]: Running with dbt=1.9.4
[0m09:38:21.009061 [debug] [Dummy-1   ]: running dbt with arguments {'printer_width': '80', 'indirect_selection': 'eager', 'log_cache_events': 'False', 'write_json': 'True', 'partial_parse': 'True', 'cache_selected_only': 'False', 'profiles_dir': '/tmp/dbt/', 'version_check': 'True', 'fail_fast': 'False', 'log_path': '/tmp/dbt/logs', 'warn_error': 'None', 'debug': 'False', 'use_colors': 'True', 'use_experimental_parser': 'False', 'empty': 'False', 'quiet': 'False', 'no_print': 'None', 'warn_error_options': 'WarnErrorOptions(include=[], exclude=[])', 'introspect': 'True', 'log_format': 'default', 'invocation_command': 'dbt ', 'target_path': '/tmp/dbt/target/', 'static_parser': 'True', 'send_anonymous_usage_stats': 'False'}
[0m09:38:21.278082 [info ] [Dummy-1   ]: Registered adapter: snowflake=1.9.2
[0m09:38:22.112764 [debug] [Dummy-1   ]: checksum: 53ed91fada2233efb98368d1716b44ab532c83a9c293cf1890b7905d5b45fb25, vars: {}, profile: , target: dev, version: 1.9.4
[0m09:38:22.437214 [debug] [Dummy-1   ]: Partial parsing enabled: 0 files deleted, 0 files added, 1 files changed.
[0m09:38:22.438546 [debug] [Dummy-1   ]: Partial parsing: updated file: fraud_intelligence://models/intermediate/int_fraud_model_metadata.sql
[0m09:38:22.960250 [debug] [Dummy-1   ]: Wrote artifact WritableManifest to /tmp/dbt/target/manifest.json
[0m09:38:22.963435 [debug] [Dummy-1   ]: Wrote artifact SemanticManifest to /tmp/dbt/target/semantic_manifest.json
[0m09:38:23.016999 [info ] [Dummy-1   ]: Found 17 models, 39 data tests, 7 sources, 474 macros
[0m09:38:23.019924 [info ] [Dummy-1   ]: 
[0m09:38:23.020765 [info ] [Dummy-1   ]: Concurrency: 4 threads (target='dev')
[0m09:38:23.021549 [info ] [Dummy-1   ]: 
[0m09:38:23.022764 [debug] [Dummy-1   ]: Acquiring new snowflake connection 'master'
[0m09:38:23.025202 [debug] [ThreadPool]: Acquiring new snowflake connection 'list_DEMO_DEV'
[0m09:38:23.171838 [debug] [ThreadPool]: Using snowflake connection "list_DEMO_DEV"
[0m09:38:23.172693 [debug] [ThreadPool]: On list_DEMO_DEV: /* {"app": "dbt", "dbt_version": "1.9.4", "profile_name": "fraud_intelligence", "target_name": "dev", "connection_name": "list_DEMO_DEV"} */
show terse schemas in database DEMO_DEV
    limit 10000
[0m09:38:23.173412 [debug] [ThreadPool]: Opening a new connection, currently in state init
[0m09:38:23.802459 [debug] [ThreadPool]: SQL status: SUCCESS 11 in 0.629 seconds
[0m09:38:23.810791 [debug] [ThreadPool]: Re-using an available connection from the pool (formerly list_DEMO_DEV, now list_DEMO_DEV_FRAUD_INTELLIGENCE)
[0m09:38:23.823072 [debug] [ThreadPool]: Using snowflake connection "list_DEMO_DEV_FRAUD_INTELLIGENCE"
[0m09:38:23.823917 [debug] [ThreadPool]: On list_DEMO_DEV_FRAUD_INTELLIGENCE: /* {"app": "dbt", "dbt_version": "1.9.4", "profile_name": "fraud_intelligence", "target_name": "dev", "connection_name": "list_DEMO_DEV_FRAUD_INTELLIGENCE"} */
alter session set quoted_identifiers_ignore_case = false;
[0m09:38:23.824577 [debug] [ThreadPool]: Opening a new connection, currently in state init
[0m09:38:24.263762 [debug] [ThreadPool]: SQL status: SUCCESS 1 in 0.439 seconds
[0m09:38:24.268144 [debug] [ThreadPool]: Using snowflake connection "list_DEMO_DEV_FRAUD_INTELLIGENCE"
[0m09:38:24.268907 [debug] [ThreadPool]: On list_DEMO_DEV_FRAUD_INTELLIGENCE: /* {"app": "dbt", "dbt_version": "1.9.4", "profile_name": "fraud_intelligence", "target_name": "dev", "connection_name": "list_DEMO_DEV_FRAUD_INTELLIGENCE"} */
show objects in DEMO_DEV.FRAUD_INTELLIGENCE
    limit 10000
    
;
[0m09:38:24.416069 [debug] [ThreadPool]: SQL status: SUCCESS 26 in 0.146 seconds
[0m09:38:24.419201 [debug] [ThreadPool]: Using snowflake connection "list_DEMO_DEV_FRAUD_INTELLIGENCE"
[0m09:38:24.419923 [debug] [ThreadPool]: On list_DEMO_DEV_FRAUD_INTELLIGENCE: /* {"app": "dbt", "dbt_version": "1.9.4", "profile_name": "fraud_intelligence", "target_name": "dev", "connection_name": "list_DEMO_DEV_FRAUD_INTELLIGENCE"} */
alter session unset quoted_identifiers_ignore_case;
[0m09:38:24.578694 [debug] [ThreadPool]: SQL status: SUCCESS 1 in 0.158 seconds
[0m09:38:24.600967 [debug] [Thread-2 (]: Began running node model.fraud_intelligence.int_fraud_model_metadata
[0m09:38:24.602029 [info ] [Thread-2 (]: 1 of 1 START sql table model FRAUD_INTELLIGENCE.SLV_FRAUD_MODEL_METADATA ....... [RUN]
[0m09:38:24.603077 [debug] [Thread-2 (]: Re-using an available connection from the pool (formerly list_DEMO_DEV_FRAUD_INTELLIGENCE, now model.fraud_intelligence.int_fraud_model_metadata)
[0m09:38:24.603865 [debug] [Thread-2 (]: Began compiling node model.fraud_intelligence.int_fraud_model_metadata
[0m09:38:24.612274 [debug] [Thread-2 (]: Writing injected SQL for node "model.fraud_intelligence.int_fraud_model_metadata"
[0m09:38:24.613575 [debug] [Thread-2 (]: Began executing node model.fraud_intelligence.int_fraud_model_metadata
[0m09:38:24.643390 [debug] [Thread-2 (]: Writing runtime sql for node "model.fraud_intelligence.int_fraud_model_metadata"
[0m09:38:24.645364 [debug] [Thread-2 (]: Using snowflake connection "model.fraud_intelligence.int_fraud_model_metadata"
[0m09:38:24.646214 [debug] [Thread-2 (]: On model.fraud_intelligence.int_fraud_model_metadata: /* {"app": "dbt", "dbt_version": "1.9.4", "profile_name": "fraud_intelligence", "target_name": "dev", "node_id": "model.fraud_intelligence.int_fraud_model_metadata"} */
create or replace transient table DEMO_DEV.FRAUD_INTELLIGENCE.SLV_FRAUD_MODEL_METADATA
         as
        (

SELECT
    MODEL_NAME,
    MODEL_VERSION_NAME                              AS MODEL_VERSION,
    'XGBClassifier'                                 AS MODEL_TYPE,
    CASE
        WHEN VERSION_ALIASES ILIKE '%DEFAULT%' THEN 'ACTIVE'
        ELSE 'ARCHIVED'
    END                                             AS MODEL_STATUS,
    CREATED_ON                                      AS LAST_TRAINED_AT,
    CREATED_ON                                      AS CREATED_AT
FROM DEMO_DEV.INFORMATION_SCHEMA.MODEL_VERSIONS
WHERE MODEL_NAME = 'FRAUD_DETECTION_MODEL'
  AND VERSION_ALIASES ILIKE '%DEFAULT%'
ORDER BY CREATED_ON DESC
LIMIT 1
        );
[0m09:38:24.646961 [debug] [Thread-2 (]: Opening a new connection, currently in state init
[0m09:38:26.270963 [debug] [Thread-2 (]: SQL status: SUCCESS 1 in 1.624 seconds
[0m09:38:26.294480 [info ] [Thread-2 (]: 1 of 1 OK created sql table model FRAUD_INTELLIGENCE.SLV_FRAUD_MODEL_METADATA .. [[32mSUCCESS 1[0m in 1.69s]
[0m09:38:26.295648 [debug] [Thread-2 (]: Finished running node model.fraud_intelligence.int_fraud_model_metadata
[0m09:38:26.299745 [debug] [Dummy-1   ]: Connection 'master' was properly closed.
[0m09:38:26.300561 [debug] [Dummy-1   ]: Connection 'model.fraud_intelligence.int_fraud_model_metadata' was properly closed.
[0m09:38:26.301266 [info ] [Dummy-1   ]: 
[0m09:38:26.302053 [info ] [Dummy-1   ]: Finished running 1 table model in 0 hours 0 minutes and 3.28 seconds (3.28s).
[0m09:38:26.303195 [debug] [Dummy-1   ]: Command end result
[0m09:38:26.334801 [debug] [Dummy-1   ]: Wrote artifact WritableManifest to /tmp/dbt/target/manifest.json
[0m09:38:26.337609 [debug] [Dummy-1   ]: Wrote artifact SemanticManifest to /tmp/dbt/target/semantic_manifest.json
[0m09:38:26.343244 [debug] [Dummy-1   ]: Wrote artifact RunExecutionResult to /tmp/dbt/target/run_results.json
[0m09:38:26.343957 [info ] [Dummy-1   ]: 
[0m09:38:26.344825 [info ] [Dummy-1   ]: [32mCompleted successfully[0m
[0m09:38:26.345564 [info ] [Dummy-1   ]: 
[0m09:38:26.346368 [info ] [Dummy-1   ]: Done. PASS=1 WARN=0 ERROR=0 SKIP=0 TOTAL=1
[0m09:38:26.348935 [debug] [Dummy-1   ]: Resource report: {"command_name": "run", "command_success": true, "command_wall_clock_time": 5.4138775, "process_in_blocks": "0", "process_kernel_time": 0.85, "process_mem_max_rss": "500344", "process_out_blocks": "0", "process_user_time": 5.91}
[0m09:38:26.349771 [debug] [Dummy-1   ]: Command `cli run` succeeded at 09:38:26.349457 after 5.42 seconds
[0m09:38:26.350470 [debug] [Dummy-1   ]: Flushing usage events


============================== 09:40:07.358800 | bc8acf31-ed0e-4991-be61-8073698e095a ==============================
[0m09:40:07.358800 [info ] [Dummy-1   ]: Running with dbt=1.9.4
[0m09:40:07.360085 [debug] [Dummy-1   ]: running dbt with arguments {'printer_width': '80', 'indirect_selection': 'eager', 'write_json': 'True', 'log_cache_events': 'False', 'partial_parse': 'True', 'cache_selected_only': 'False', 'profiles_dir': '/tmp/dbt/', 'fail_fast': 'False', 'version_check': 'True', 'log_path': '/tmp/dbt/logs', 'debug': 'False', 'warn_error': 'None', 'use_colors': 'True', 'use_experimental_parser': 'False', 'no_print': 'None', 'quiet': 'False', 'empty': 'False', 'log_format': 'default', 'introspect': 'True', 'static_parser': 'True', 'invocation_command': 'dbt ', 'target_path': '/tmp/dbt/target/', 'warn_error_options': 'WarnErrorOptions(include=[], exclude=[])', 'send_anonymous_usage_stats': 'False'}
[0m09:40:07.633249 [info ] [Dummy-1   ]: Registered adapter: snowflake=1.9.2
[0m09:40:08.479541 [debug] [Dummy-1   ]: checksum: 53ed91fada2233efb98368d1716b44ab532c83a9c293cf1890b7905d5b45fb25, vars: {}, profile: , target: dev, version: 1.9.4
[0m09:40:08.826553 [debug] [Dummy-1   ]: Partial parsing enabled: 0 files deleted, 0 files added, 1 files changed.
[0m09:40:08.827846 [debug] [Dummy-1   ]: Partial parsing: updated file: fraud_intelligence://models/intermediate/int_fraud_model_metadata.sql
[0m09:40:09.365013 [debug] [Dummy-1   ]: Wrote artifact WritableManifest to /tmp/dbt/target/manifest.json
[0m09:40:09.368196 [debug] [Dummy-1   ]: Wrote artifact SemanticManifest to /tmp/dbt/target/semantic_manifest.json
[0m09:40:09.420843 [info ] [Dummy-1   ]: Found 17 models, 39 data tests, 7 sources, 474 macros
[0m09:40:09.423910 [info ] [Dummy-1   ]: 
[0m09:40:09.424754 [info ] [Dummy-1   ]: Concurrency: 4 threads (target='dev')
[0m09:40:09.425471 [info ] [Dummy-1   ]: 
[0m09:40:09.426646 [debug] [Dummy-1   ]: Acquiring new snowflake connection 'master'
[0m09:40:09.429165 [debug] [ThreadPool]: Acquiring new snowflake connection 'list_DEMO_DEV'
[0m09:40:09.575367 [debug] [ThreadPool]: Using snowflake connection "list_DEMO_DEV"
[0m09:40:09.576226 [debug] [ThreadPool]: On list_DEMO_DEV: /* {"app": "dbt", "dbt_version": "1.9.4", "profile_name": "fraud_intelligence", "target_name": "dev", "connection_name": "list_DEMO_DEV"} */
show terse schemas in database DEMO_DEV
    limit 10000
[0m09:40:09.576906 [debug] [ThreadPool]: Opening a new connection, currently in state init
[0m09:40:10.102347 [debug] [ThreadPool]: SQL status: SUCCESS 11 in 0.525 seconds
[0m09:40:10.110959 [debug] [ThreadPool]: Re-using an available connection from the pool (formerly list_DEMO_DEV, now list_DEMO_DEV_FRAUD_INTELLIGENCE)
[0m09:40:10.123711 [debug] [ThreadPool]: Using snowflake connection "list_DEMO_DEV_FRAUD_INTELLIGENCE"
[0m09:40:10.124554 [debug] [ThreadPool]: On list_DEMO_DEV_FRAUD_INTELLIGENCE: /* {"app": "dbt", "dbt_version": "1.9.4", "profile_name": "fraud_intelligence", "target_name": "dev", "connection_name": "list_DEMO_DEV_FRAUD_INTELLIGENCE"} */
alter session set quoted_identifiers_ignore_case = false;
[0m09:40:10.125234 [debug] [ThreadPool]: Opening a new connection, currently in state init
[0m09:40:10.659745 [debug] [ThreadPool]: SQL status: SUCCESS 1 in 0.534 seconds
[0m09:40:10.664501 [debug] [ThreadPool]: Using snowflake connection "list_DEMO_DEV_FRAUD_INTELLIGENCE"
[0m09:40:10.665378 [debug] [ThreadPool]: On list_DEMO_DEV_FRAUD_INTELLIGENCE: /* {"app": "dbt", "dbt_version": "1.9.4", "profile_name": "fraud_intelligence", "target_name": "dev", "connection_name": "list_DEMO_DEV_FRAUD_INTELLIGENCE"} */
show objects in DEMO_DEV.FRAUD_INTELLIGENCE
    limit 10000
    
;
[0m09:40:10.907756 [debug] [ThreadPool]: SQL status: SUCCESS 26 in 0.241 seconds
[0m09:40:10.910871 [debug] [ThreadPool]: Using snowflake connection "list_DEMO_DEV_FRAUD_INTELLIGENCE"
[0m09:40:10.911668 [debug] [ThreadPool]: On list_DEMO_DEV_FRAUD_INTELLIGENCE: /* {"app": "dbt", "dbt_version": "1.9.4", "profile_name": "fraud_intelligence", "target_name": "dev", "connection_name": "list_DEMO_DEV_FRAUD_INTELLIGENCE"} */
alter session unset quoted_identifiers_ignore_case;
[0m09:40:10.989825 [debug] [ThreadPool]: SQL status: SUCCESS 1 in 0.077 seconds
[0m09:40:11.013311 [debug] [Thread-2 (]: Began running node model.fraud_intelligence.int_fraud_model_metadata
[0m09:40:11.014412 [info ] [Thread-2 (]: 1 of 1 START sql table model FRAUD_INTELLIGENCE.SLV_FRAUD_MODEL_METADATA ....... [RUN]
[0m09:40:11.015448 [debug] [Thread-2 (]: Re-using an available connection from the pool (formerly list_DEMO_DEV_FRAUD_INTELLIGENCE, now model.fraud_intelligence.int_fraud_model_metadata)
[0m09:40:11.016225 [debug] [Thread-2 (]: Began compiling node model.fraud_intelligence.int_fraud_model_metadata
[0m09:40:11.024515 [debug] [Thread-2 (]: Writing injected SQL for node "model.fraud_intelligence.int_fraud_model_metadata"
[0m09:40:11.025732 [debug] [Thread-2 (]: Began executing node model.fraud_intelligence.int_fraud_model_metadata
[0m09:40:11.055417 [debug] [Thread-2 (]: Writing runtime sql for node "model.fraud_intelligence.int_fraud_model_metadata"
[0m09:40:11.057490 [debug] [Thread-2 (]: Using snowflake connection "model.fraud_intelligence.int_fraud_model_metadata"
[0m09:40:11.058327 [debug] [Thread-2 (]: On model.fraud_intelligence.int_fraud_model_metadata: /* {"app": "dbt", "dbt_version": "1.9.4", "profile_name": "fraud_intelligence", "target_name": "dev", "node_id": "model.fraud_intelligence.int_fraud_model_metadata"} */
create or replace transient table DEMO_DEV.FRAUD_INTELLIGENCE.SLV_FRAUD_MODEL_METADATA
         as
        (

SELECT
    MODEL_NAME,
    MODEL_VERSION_NAME          AS MODEL_VERSION,
    'XGBClassifier'             AS MODEL_TYPE,
    'ACTIVE'                    AS MODEL_STATUS,
    CREATED_ON                  AS LAST_TRAINED_AT,
    CREATED_ON                  AS CREATED_AT
FROM (
    SELECT
        MODEL_NAME,
        MODEL_VERSION_NAME,
        METADATA:metrics:auc_roc::FLOAT AS AUC_ROC,
        CREATED_ON,
        ROW_NUMBER() OVER (ORDER BY METADATA:metrics:auc_roc::FLOAT DESC NULLS LAST,
                                    CREATED_ON DESC) AS rn
    FROM DEMO_DEV.INFORMATION_SCHEMA.MODEL_VERSIONS
    WHERE MODEL_NAME = 'FRAUD_DETECTION_MODEL'
      AND METADATA:metrics:auc_roc::FLOAT > 0.6
)
WHERE rn = 1
        );
[0m09:40:11.059060 [debug] [Thread-2 (]: Opening a new connection, currently in state init
[0m09:40:13.323472 [debug] [Thread-2 (]: SQL status: SUCCESS 1 in 2.264 seconds
[0m09:40:13.347699 [info ] [Thread-2 (]: 1 of 1 OK created sql table model FRAUD_INTELLIGENCE.SLV_FRAUD_MODEL_METADATA .. [[32mSUCCESS 1[0m in 2.33s]
[0m09:40:13.348855 [debug] [Thread-2 (]: Finished running node model.fraud_intelligence.int_fraud_model_metadata
[0m09:40:13.353406 [debug] [Dummy-1   ]: Connection 'master' was properly closed.
[0m09:40:13.354219 [debug] [Dummy-1   ]: Connection 'model.fraud_intelligence.int_fraud_model_metadata' was properly closed.
[0m09:40:13.354950 [info ] [Dummy-1   ]: 
[0m09:40:13.355798 [info ] [Dummy-1   ]: Finished running 1 table model in 0 hours 0 minutes and 3.93 seconds (3.93s).
[0m09:40:13.356919 [debug] [Dummy-1   ]: Command end result
[0m09:40:13.389044 [debug] [Dummy-1   ]: Wrote artifact WritableManifest to /tmp/dbt/target/manifest.json
[0m09:40:13.392067 [debug] [Dummy-1   ]: Wrote artifact SemanticManifest to /tmp/dbt/target/semantic_manifest.json
[0m09:40:13.398216 [debug] [Dummy-1   ]: Wrote artifact RunExecutionResult to /tmp/dbt/target/run_results.json
[0m09:40:13.399006 [info ] [Dummy-1   ]: 
[0m09:40:13.399993 [info ] [Dummy-1   ]: [32mCompleted successfully[0m
[0m09:40:13.400775 [info ] [Dummy-1   ]: 
[0m09:40:13.401584 [info ] [Dummy-1   ]: Done. PASS=1 WARN=0 ERROR=0 SKIP=0 TOTAL=1
[0m09:40:13.404429 [debug] [Dummy-1   ]: Resource report: {"command_name": "run", "command_success": true, "command_wall_clock_time": 6.119833, "process_in_blocks": "0", "process_kernel_time": 0.87, "process_mem_max_rss": "502164", "process_out_blocks": "0", "process_user_time": 6.03}
[0m09:40:13.405369 [debug] [Dummy-1   ]: Command `cli run` succeeded at 09:40:13.405024 after 6.12 seconds
[0m09:40:13.406172 [debug] [Dummy-1   ]: Flushing usage events


============================== 09:43:06.260076 | 2ac4e459-ac35-4026-a17a-51608ae989d3 ==============================
[0m09:43:06.260076 [info ] [Dummy-1   ]: Running with dbt=1.9.4
[0m09:43:06.261326 [debug] [Dummy-1   ]: running dbt with arguments {'printer_width': '80', 'indirect_selection': 'eager', 'write_json': 'True', 'log_cache_events': 'False', 'partial_parse': 'True', 'cache_selected_only': 'False', 'profiles_dir': '/tmp/dbt/', 'version_check': 'True', 'debug': 'False', 'log_path': '/tmp/dbt/logs', 'warn_error': 'None', 'fail_fast': 'False', 'use_colors': 'True', 'use_experimental_parser': 'False', 'no_print': 'None', 'quiet': 'False', 'empty': 'False', 'log_format': 'default', 'introspect': 'True', 'invocation_command': 'dbt ', 'static_parser': 'True', 'target_path': '/tmp/dbt/target/', 'warn_error_options': 'WarnErrorOptions(include=[], exclude=[])', 'send_anonymous_usage_stats': 'False'}
[0m09:43:06.536945 [info ] [Dummy-1   ]: Registered adapter: snowflake=1.9.2
[0m09:43:07.392972 [debug] [Dummy-1   ]: checksum: 53ed91fada2233efb98368d1716b44ab532c83a9c293cf1890b7905d5b45fb25, vars: {}, profile: , target: dev, version: 1.9.4
[0m09:43:07.730432 [debug] [Dummy-1   ]: Partial parsing enabled: 0 files deleted, 0 files added, 0 files changed.
[0m09:43:07.731316 [debug] [Dummy-1   ]: Partial parsing enabled, no changes found, skipping parsing
[0m09:43:07.890950 [debug] [Dummy-1   ]: Wrote artifact WritableManifest to /tmp/dbt/target/manifest.json
[0m09:43:07.894090 [debug] [Dummy-1   ]: Wrote artifact SemanticManifest to /tmp/dbt/target/semantic_manifest.json
[0m09:43:07.945584 [info ] [Dummy-1   ]: Found 17 models, 39 data tests, 7 sources, 474 macros
[0m09:43:07.948860 [info ] [Dummy-1   ]: 
[0m09:43:07.949800 [info ] [Dummy-1   ]: Concurrency: 4 threads (target='dev')
[0m09:43:07.950560 [info ] [Dummy-1   ]: 
[0m09:43:07.951692 [debug] [Dummy-1   ]: Acquiring new snowflake connection 'master'
[0m09:43:07.958312 [debug] [ThreadPool]: Acquiring new snowflake connection 'list_DEMO_DEV'
[0m09:43:08.109809 [debug] [ThreadPool]: Using snowflake connection "list_DEMO_DEV"
[0m09:43:08.110667 [debug] [ThreadPool]: On list_DEMO_DEV: /* {"app": "dbt", "dbt_version": "1.9.4", "profile_name": "fraud_intelligence", "target_name": "dev", "connection_name": "list_DEMO_DEV"} */
show terse schemas in database DEMO_DEV
    limit 10000
[0m09:43:08.111318 [debug] [ThreadPool]: Opening a new connection, currently in state init
[0m09:43:08.768327 [debug] [ThreadPool]: SQL status: SUCCESS 11 in 0.657 seconds
[0m09:43:08.774133 [debug] [ThreadPool]: Acquiring new snowflake connection 'list_DEMO_DEV_FRAUD_INTELLIGENCE'
[0m09:43:08.786014 [debug] [ThreadPool]: Using snowflake connection "list_DEMO_DEV_FRAUD_INTELLIGENCE"
[0m09:43:08.786886 [debug] [ThreadPool]: On list_DEMO_DEV_FRAUD_INTELLIGENCE: /* {"app": "dbt", "dbt_version": "1.9.4", "profile_name": "fraud_intelligence", "target_name": "dev", "connection_name": "list_DEMO_DEV_FRAUD_INTELLIGENCE"} */
alter session set quoted_identifiers_ignore_case = false;
[0m09:43:08.787576 [debug] [ThreadPool]: Opening a new connection, currently in state init
[0m09:43:09.396417 [debug] [ThreadPool]: SQL status: SUCCESS 1 in 0.609 seconds
[0m09:43:09.400999 [debug] [ThreadPool]: Using snowflake connection "list_DEMO_DEV_FRAUD_INTELLIGENCE"
[0m09:43:09.401791 [debug] [ThreadPool]: On list_DEMO_DEV_FRAUD_INTELLIGENCE: /* {"app": "dbt", "dbt_version": "1.9.4", "profile_name": "fraud_intelligence", "target_name": "dev", "connection_name": "list_DEMO_DEV_FRAUD_INTELLIGENCE"} */
show objects in DEMO_DEV.FRAUD_INTELLIGENCE
    limit 10000
    
;
[0m09:43:09.588350 [debug] [ThreadPool]: SQL status: SUCCESS 26 in 0.186 seconds
[0m09:43:09.591280 [debug] [ThreadPool]: Using snowflake connection "list_DEMO_DEV_FRAUD_INTELLIGENCE"
[0m09:43:09.592062 [debug] [ThreadPool]: On list_DEMO_DEV_FRAUD_INTELLIGENCE: /* {"app": "dbt", "dbt_version": "1.9.4", "profile_name": "fraud_intelligence", "target_name": "dev", "connection_name": "list_DEMO_DEV_FRAUD_INTELLIGENCE"} */
alter session unset quoted_identifiers_ignore_case;
[0m09:43:09.716879 [debug] [ThreadPool]: SQL status: SUCCESS 1 in 0.124 seconds
[0m09:43:09.740685 [debug] [Thread-2 (]: Began running node model.fraud_intelligence.gld_alert_enriched
[0m09:43:09.741563 [debug] [Thread-3 (]: Began running node model.fraud_intelligence.gld_customer_profile
[0m09:43:09.742444 [debug] [Thread-4 (]: Began running node model.fraud_intelligence.gld_velocity_counters
[0m09:43:09.743374 [debug] [Thread-5 (]: Began running node model.fraud_intelligence.int_fraud_features
[0m09:43:09.744372 [info ] [Thread-2 (]: 1 of 10 START sql incremental model FRAUD_INTELLIGENCE.GLD_ALERT_ENRICHED ...... [RUN]
[0m09:43:09.745578 [info ] [Thread-3 (]: 2 of 10 START sql table model FRAUD_INTELLIGENCE.GLD_CUSTOMER_PROFILE .......... [RUN]
[0m09:43:09.746704 [info ] [Thread-4 (]: 3 of 10 START sql table model FRAUD_INTELLIGENCE.GLD_VELOCITY_COUNTERS ......... [RUN]
[0m09:43:09.747807 [info ] [Thread-5 (]: 4 of 10 START sql table model FRAUD_INTELLIGENCE.SLV_FRAUD_FEATURES ............ [RUN]
[0m09:43:09.748951 [debug] [Thread-2 (]: Re-using an available connection from the pool (formerly list_DEMO_DEV_FRAUD_INTELLIGENCE, now model.fraud_intelligence.gld_alert_enriched)
[0m09:43:09.749995 [debug] [Thread-3 (]: Re-using an available connection from the pool (formerly list_DEMO_DEV, now model.fraud_intelligence.gld_customer_profile)
[0m09:43:09.751103 [debug] [Thread-4 (]: Acquiring new snowflake connection 'model.fraud_intelligence.gld_velocity_counters'
[0m09:43:09.752166 [debug] [Thread-5 (]: Acquiring new snowflake connection 'model.fraud_intelligence.int_fraud_features'
[0m09:43:09.753140 [debug] [Thread-2 (]: Began compiling node model.fraud_intelligence.gld_alert_enriched
[0m09:43:09.754017 [debug] [Thread-3 (]: Began compiling node model.fraud_intelligence.gld_customer_profile
[0m09:43:09.754921 [debug] [Thread-4 (]: Began compiling node model.fraud_intelligence.gld_velocity_counters
[0m09:43:09.755834 [debug] [Thread-5 (]: Began compiling node model.fraud_intelligence.int_fraud_features
[0m09:43:09.770636 [debug] [Thread-2 (]: Writing injected SQL for node "model.fraud_intelligence.gld_alert_enriched"
[0m09:43:09.775987 [debug] [Thread-3 (]: Writing injected SQL for node "model.fraud_intelligence.gld_customer_profile"
[0m09:43:09.783099 [debug] [Thread-4 (]: Writing injected SQL for node "model.fraud_intelligence.gld_velocity_counters"
[0m09:43:09.789150 [debug] [Thread-5 (]: Writing injected SQL for node "model.fraud_intelligence.int_fraud_features"
[0m09:43:09.791269 [debug] [Thread-2 (]: Began executing node model.fraud_intelligence.gld_alert_enriched
[0m09:43:09.793145 [debug] [Thread-3 (]: Began executing node model.fraud_intelligence.gld_customer_profile
[0m09:43:09.794858 [debug] [Thread-4 (]: Began executing node model.fraud_intelligence.gld_velocity_counters
[0m09:43:09.815405 [debug] [Thread-5 (]: Began executing node model.fraud_intelligence.int_fraud_features
[0m09:43:09.861277 [debug] [Thread-2 (]: Using snowflake connection "model.fraud_intelligence.gld_alert_enriched"
[0m09:43:09.873224 [debug] [Thread-3 (]: Writing runtime sql for node "model.fraud_intelligence.gld_customer_profile"
[0m09:43:09.879037 [debug] [Thread-4 (]: Writing runtime sql for node "model.fraud_intelligence.gld_velocity_counters"
[0m09:43:09.883512 [debug] [Thread-5 (]: Writing runtime sql for node "model.fraud_intelligence.int_fraud_features"
[0m09:43:09.884728 [debug] [Thread-2 (]: On model.fraud_intelligence.gld_alert_enriched: /* {"app": "dbt", "dbt_version": "1.9.4", "profile_name": "fraud_intelligence", "target_name": "dev", "node_id": "model.fraud_intelligence.gld_alert_enriched"} */
create or replace  temporary view DEMO_DEV.FRAUD_INTELLIGENCE.GLD_ALERT_ENRICHED__dbt_tmp
  
   as (
    

SELECT
    a.ALERT_ID,
    a.CUSTOMER_ID,
    a.ALERT_DATE,
    a.RULE_CODE,
    a.RULE_DESCRIPTION,
    a.ALERT_RISK_SCORE,
    a.ALERT_STATUS,
    a.ANALYST_ID,
    a.DISPOSITION,
    a.SAR_FILED,
    CASE
        WHEN a.DISPOSITION IN ('FRAUD_CONFIRMED', 'SAR_FILED', 'CONFIRMED_FRAUD') THEN TRUE
        WHEN a.SAR_FILED = TRUE THEN TRUE
        ELSE FALSE
    END AS IS_FRAUD_DERIVED,
    CAST(NULL AS NUMBER(7,6)) AS ML_FRAUD_SCORE,
    CAST(NULL AS VARCHAR(10)) AS ML_RISK_TIER,
    CAST(NULL AS VARCHAR(50)) AS ML_MODEL_VERSION,
    CAST(NULL AS TIMESTAMP_LTZ) AS ML_SCORED_AT,
    a.INGESTED_AT AS DBT_LOADED_AT
FROM DEMO_DEV.FRAUD_INTELLIGENCE.stg_raw_alerts a


WHERE a.ALERT_ID NOT IN (SELECT ALERT_ID FROM DEMO_DEV.FRAUD_INTELLIGENCE.GLD_ALERT_ENRICHED WHERE ML_FRAUD_SCORE IS NOT NULL)

  );
[0m09:43:09.887780 [debug] [Thread-3 (]: Using snowflake connection "model.fraud_intelligence.gld_customer_profile"
[0m09:43:09.889991 [debug] [Thread-4 (]: Using snowflake connection "model.fraud_intelligence.gld_velocity_counters"
[0m09:43:09.890899 [debug] [Thread-2 (]: Opening a new connection, currently in state init
[0m09:43:09.893534 [debug] [Thread-5 (]: Using snowflake connection "model.fraud_intelligence.int_fraud_features"
[0m09:43:09.894487 [debug] [Thread-3 (]: On model.fraud_intelligence.gld_customer_profile: /* {"app": "dbt", "dbt_version": "1.9.4", "profile_name": "fraud_intelligence", "target_name": "dev", "node_id": "model.fraud_intelligence.gld_customer_profile"} */
create or replace transient table DEMO_DEV.FRAUD_INTELLIGENCE.GLD_CUSTOMER_PROFILE
         as
        (

SELECT
    c.CUSTOMER_ID,
    c.FULL_NAME,
    c.RISK_SEGMENT,
    c.KYC_COMPLETE,
    c.IS_SYNTHETIC_FLAG,
    c.IS_MERGER_DUP_FLAG,
    c.ACCOUNT_COUNT,
    c.CUSTOMER_TENURE_DAYS,
    DATEDIFF(DAY, c.CUSTOMER_SINCE, CURRENT_DATE()) AS MIN_ACCOUNT_AGE_DAYS,
    DATEDIFF(DAY, c.CUSTOMER_SINCE, CURRENT_DATE()) AS MAX_ACCOUNT_AGE_DAYS,
    COALESCE(alert_counts.PRIOR_ALERT_COUNT, 0) AS PRIOR_ALERT_COUNT,
    c.INGESTED_AT AS DBT_LOADED_AT
FROM DEMO_DEV.FRAUD_INTELLIGENCE.stg_raw_customers c
LEFT JOIN (
    SELECT CUSTOMER_ID, COUNT(*) AS PRIOR_ALERT_COUNT
    FROM DEMO_DEV.FRAUD_INTELLIGENCE.stg_raw_alerts
    GROUP BY CUSTOMER_ID
) alert_counts ON c.CUSTOMER_ID = alert_counts.CUSTOMER_ID
        );
[0m09:43:09.895506 [debug] [Thread-4 (]: On model.fraud_intelligence.gld_velocity_counters: /* {"app": "dbt", "dbt_version": "1.9.4", "profile_name": "fraud_intelligence", "target_name": "dev", "node_id": "model.fraud_intelligence.gld_velocity_counters"} */
create or replace transient table DEMO_DEV.FRAUD_INTELLIGENCE.GLD_VELOCITY_COUNTERS
         as
        (

SELECT
    v.CUSTOMER_ID,
    MAX(v.EVENT_TIMESTAMP) AS LAST_UPDATED,
    MAX(v.TXN_COUNT_1H) AS TXN_COUNT_1H,
    MAX(v.TXN_COUNT_24H) AS TXN_COUNT_24H,
    MAX(v.TXN_AMOUNT_1H) AS TXN_AMOUNT_1H,
    MAX(v.TXN_AMOUNT_24H) AS TXN_AMOUNT_24H,
    MAX(v.DISTINCT_MERCHANTS_24H) AS DISTINCT_MERCHANTS_24H,
    MAX(v.RECENT_TXN_COUNT) AS RECENT_TXN_COUNT,
    MAX(v.RECENT_TXN_AMOUNT) AS RECENT_TXN_AMOUNT,
    MAX(v.FRAUD_RATE_7D) AS FRAUD_RATE_7D
FROM DEMO_DEV.FRAUD_INTELLIGENCE.stg_raw_velocity_events v
GROUP BY v.CUSTOMER_ID
        );
[0m09:43:09.897019 [debug] [Thread-5 (]: On model.fraud_intelligence.int_fraud_features: /* {"app": "dbt", "dbt_version": "1.9.4", "profile_name": "fraud_intelligence", "target_name": "dev", "node_id": "model.fraud_intelligence.int_fraud_features"} */
create or replace transient table DEMO_DEV.FRAUD_INTELLIGENCE.SLV_FRAUD_FEATURES
         as
        (

SELECT
    t.TRANSACTION_ID,
    t.CUSTOMER_ID,
    t.TRANSACTION_AMOUNT,
    t.TRANSACTION_TYPE,
    t.MERCHANT_CATEGORY,
    t.CHANNEL,
    DATEDIFF(DAY, c.CUSTOMER_SINCE, t.TRANSACTION_DATE) AS ACCOUNT_AGE_DAYS,
    t.TRANSACTION_AMOUNT * 10 AS CREDIT_LIMIT,
    t.TRANSACTION_AMOUNT * 3 AS CURRENT_BALANCE,
    COALESCE(t.ACCOUNT_ID, 'UNKNOWN') AS ACCOUNT_TYPE,
    CASE
        WHEN t.TRANSACTION_AMOUNT * 10 > 0
            THEN ROUND((t.TRANSACTION_AMOUNT * 3) / (t.TRANSACTION_AMOUNT * 10), 4)
        ELSE 0
    END AS UTILIZATION_RATIO,
    c.RISK_SEGMENT,
    c.KYC_COMPLETE,
    0 AS ADDRESS_CHANGE_COUNT,
    c.IS_SYNTHETIC_FLAG,
    c.IS_MERGER_DUP_FLAG,
    c.CUSTOMER_TENURE_DAYS,
    COALESCE(alert_counts.PRIOR_ALERT_COUNT, 0) AS PRIOR_ALERT_COUNT_CUSTOMER,
    COALESCE(alert_7d.ALERT_WITHIN_7D, 0) AS ALERT_WITHIN_7D,
    COALESCE(v.TXN_COUNT_1H, 0) AS TXN_COUNT_1H,
    COALESCE(v.TXN_COUNT_24H, 0) AS TXN_COUNT_24H,
    COALESCE(v.TXN_AMOUNT_1H, 0) AS TXN_AMOUNT_1H,
    COALESCE(v.TXN_AMOUNT_24H, 0) AS TXN_AMOUNT_24H,
    COALESCE(v.DISTINCT_MERCHANTS_24H, 0) AS DISTINCT_MERCHANTS_24H
FROM DEMO_DEV.FRAUD_INTELLIGENCE.stg_raw_transactions t
LEFT JOIN DEMO_DEV.FRAUD_INTELLIGENCE.stg_raw_customers c
    ON t.CUSTOMER_ID = c.CUSTOMER_ID
LEFT JOIN (
    SELECT CUSTOMER_ID, MAX(TXN_COUNT_1H) AS TXN_COUNT_1H, MAX(TXN_COUNT_24H) AS TXN_COUNT_24H,
           MAX(TXN_AMOUNT_1H) AS TXN_AMOUNT_1H, MAX(TXN_AMOUNT_24H) AS TXN_AMOUNT_24H,
           MAX(DISTINCT_MERCHANTS_24H) AS DISTINCT_MERCHANTS_24H
    FROM DEMO_DEV.FRAUD_INTELLIGENCE.stg_raw_velocity_events
    GROUP BY CUSTOMER_ID
) v ON t.CUSTOMER_ID = v.CUSTOMER_ID
LEFT JOIN (
    SELECT CUSTOMER_ID, COUNT(*) AS PRIOR_ALERT_COUNT
    FROM DEMO_DEV.FRAUD_INTELLIGENCE.stg_raw_alerts
    GROUP BY CUSTOMER_ID
) alert_counts ON t.CUSTOMER_ID = alert_counts.CUSTOMER_ID
LEFT JOIN (
    SELECT CUSTOMER_ID, COUNT(*) AS ALERT_WITHIN_7D
    FROM DEMO_DEV.FRAUD_INTELLIGENCE.stg_raw_alerts
    WHERE ALERT_DATE >= DATEADD(DAY, -7, CURRENT_TIMESTAMP())
    GROUP BY CUSTOMER_ID
) alert_7d ON t.CUSTOMER_ID = alert_7d.CUSTOMER_ID
        );
[0m09:43:09.898063 [debug] [Thread-3 (]: Opening a new connection, currently in state init
[0m09:43:09.899039 [debug] [Thread-4 (]: Opening a new connection, currently in state init
[0m09:43:09.899887 [debug] [Thread-5 (]: Opening a new connection, currently in state init
[0m09:43:10.688259 [debug] [Thread-2 (]: SQL status: SUCCESS 1 in 0.797 seconds
[0m09:43:10.699091 [debug] [Thread-2 (]: Using snowflake connection "model.fraud_intelligence.gld_alert_enriched"
[0m09:43:10.700005 [debug] [Thread-2 (]: On model.fraud_intelligence.gld_alert_enriched: /* {"app": "dbt", "dbt_version": "1.9.4", "profile_name": "fraud_intelligence", "target_name": "dev", "node_id": "model.fraud_intelligence.gld_alert_enriched"} */
describe table DEMO_DEV.FRAUD_INTELLIGENCE.GLD_ALERT_ENRICHED__dbt_tmp
[0m09:43:11.393758 [debug] [Thread-2 (]: SQL status: SUCCESS 16 in 0.693 seconds
[0m09:43:11.399845 [debug] [Thread-2 (]: Using snowflake connection "model.fraud_intelligence.gld_alert_enriched"
[0m09:43:11.400754 [debug] [Thread-2 (]: On model.fraud_intelligence.gld_alert_enriched: /* {"app": "dbt", "dbt_version": "1.9.4", "profile_name": "fraud_intelligence", "target_name": "dev", "node_id": "model.fraud_intelligence.gld_alert_enriched"} */
describe table DEMO_DEV.FRAUD_INTELLIGENCE.GLD_ALERT_ENRICHED
[0m09:43:11.480546 [debug] [Thread-2 (]: SQL status: SUCCESS 16 in 0.079 seconds
[0m09:43:11.491426 [debug] [Thread-2 (]: Using snowflake connection "model.fraud_intelligence.gld_alert_enriched"
[0m09:43:11.492306 [debug] [Thread-2 (]: On model.fraud_intelligence.gld_alert_enriched: /* {"app": "dbt", "dbt_version": "1.9.4", "profile_name": "fraud_intelligence", "target_name": "dev", "node_id": "model.fraud_intelligence.gld_alert_enriched"} */
describe table "DEMO_DEV"."FRAUD_INTELLIGENCE"."GLD_ALERT_ENRICHED"
[0m09:43:11.707379 [debug] [Thread-2 (]: SQL status: SUCCESS 16 in 0.214 seconds
[0m09:43:11.841723 [debug] [Thread-2 (]: Writing runtime sql for node "model.fraud_intelligence.gld_alert_enriched"
[0m09:43:11.844426 [debug] [Thread-2 (]: Using snowflake connection "model.fraud_intelligence.gld_alert_enriched"
[0m09:43:11.845509 [debug] [Thread-2 (]: On model.fraud_intelligence.gld_alert_enriched: /* {"app": "dbt", "dbt_version": "1.9.4", "profile_name": "fraud_intelligence", "target_name": "dev", "node_id": "model.fraud_intelligence.gld_alert_enriched"} */
-- back compat for old kwarg name
  
  begin;
[0m09:43:12.652575 [debug] [Thread-2 (]: SQL status: SUCCESS 1 in 0.806 seconds
[0m09:43:12.653581 [debug] [Thread-2 (]: Using snowflake connection "model.fraud_intelligence.gld_alert_enriched"
[0m09:43:12.654482 [debug] [Thread-2 (]: On model.fraud_intelligence.gld_alert_enriched: /* {"app": "dbt", "dbt_version": "1.9.4", "profile_name": "fraud_intelligence", "target_name": "dev", "node_id": "model.fraud_intelligence.gld_alert_enriched"} */
merge into DEMO_DEV.FRAUD_INTELLIGENCE.GLD_ALERT_ENRICHED as DBT_INTERNAL_DEST
        using DEMO_DEV.FRAUD_INTELLIGENCE.GLD_ALERT_ENRICHED__dbt_tmp as DBT_INTERNAL_SOURCE
        on ((DBT_INTERNAL_SOURCE.ALERT_ID = DBT_INTERNAL_DEST.ALERT_ID))

    
    when matched then update set
        "ALERT_ID" = DBT_INTERNAL_SOURCE."ALERT_ID","CUSTOMER_ID" = DBT_INTERNAL_SOURCE."CUSTOMER_ID","ALERT_DATE" = DBT_INTERNAL_SOURCE."ALERT_DATE","RULE_CODE" = DBT_INTERNAL_SOURCE."RULE_CODE","RULE_DESCRIPTION" = DBT_INTERNAL_SOURCE."RULE_DESCRIPTION","ALERT_RISK_SCORE" = DBT_INTERNAL_SOURCE."ALERT_RISK_SCORE","ALERT_STATUS" = DBT_INTERNAL_SOURCE."ALERT_STATUS","ANALYST_ID" = DBT_INTERNAL_SOURCE."ANALYST_ID","DISPOSITION" = DBT_INTERNAL_SOURCE."DISPOSITION","SAR_FILED" = DBT_INTERNAL_SOURCE."SAR_FILED","IS_FRAUD_DERIVED" = DBT_INTERNAL_SOURCE."IS_FRAUD_DERIVED","ML_FRAUD_SCORE" = DBT_INTERNAL_SOURCE."ML_FRAUD_SCORE","ML_RISK_TIER" = DBT_INTERNAL_SOURCE."ML_RISK_TIER","ML_MODEL_VERSION" = DBT_INTERNAL_SOURCE."ML_MODEL_VERSION","ML_SCORED_AT" = DBT_INTERNAL_SOURCE."ML_SCORED_AT","DBT_LOADED_AT" = DBT_INTERNAL_SOURCE."DBT_LOADED_AT"
    

    when not matched then insert
        ("ALERT_ID", "CUSTOMER_ID", "ALERT_DATE", "RULE_CODE", "RULE_DESCRIPTION", "ALERT_RISK_SCORE", "ALERT_STATUS", "ANALYST_ID", "DISPOSITION", "SAR_FILED", "IS_FRAUD_DERIVED", "ML_FRAUD_SCORE", "ML_RISK_TIER", "ML_MODEL_VERSION", "ML_SCORED_AT", "DBT_LOADED_AT")
    values
        ("ALERT_ID", "CUSTOMER_ID", "ALERT_DATE", "RULE_CODE", "RULE_DESCRIPTION", "ALERT_RISK_SCORE", "ALERT_STATUS", "ANALYST_ID", "DISPOSITION", "SAR_FILED", "IS_FRAUD_DERIVED", "ML_FRAUD_SCORE", "ML_RISK_TIER", "ML_MODEL_VERSION", "ML_SCORED_AT", "DBT_LOADED_AT")

;
[0m09:43:12.903691 [debug] [Thread-3 (]: SQL status: SUCCESS 1 in 3.005 seconds
[0m09:43:12.914763 [debug] [Thread-4 (]: SQL status: SUCCESS 1 in 3.016 seconds
[0m09:43:12.931959 [info ] [Thread-3 (]: 2 of 10 OK created sql table model FRAUD_INTELLIGENCE.GLD_CUSTOMER_PROFILE ..... [[32mSUCCESS 1[0m in 3.18s]
[0m09:43:12.932968 [info ] [Thread-4 (]: 3 of 10 OK created sql table model FRAUD_INTELLIGENCE.GLD_VELOCITY_COUNTERS .... [[32mSUCCESS 1[0m in 3.18s]
[0m09:43:12.934064 [debug] [Thread-3 (]: Finished running node model.fraud_intelligence.gld_customer_profile
[0m09:43:12.935069 [debug] [Thread-4 (]: Finished running node model.fraud_intelligence.gld_velocity_counters
[0m09:43:12.936054 [debug] [Thread-3 (]: Began running node model.fraud_intelligence.int_fraud_model_metadata
[0m09:43:12.937188 [debug] [Thread-4 (]: Began running node model.fraud_intelligence.int_investigation_knowledge_base
[0m09:43:12.938372 [info ] [Thread-3 (]: 5 of 10 START sql table model FRAUD_INTELLIGENCE.SLV_FRAUD_MODEL_METADATA ...... [RUN]
[0m09:43:12.939495 [info ] [Thread-4 (]: 6 of 10 START sql table model FRAUD_INTELLIGENCE.SLV_INVESTIGATION_KNOWLEDGE_BASE  [RUN]
[0m09:43:12.940610 [debug] [Thread-3 (]: Re-using an available connection from the pool (formerly model.fraud_intelligence.gld_customer_profile, now model.fraud_intelligence.int_fraud_model_metadata)
[0m09:43:12.941648 [debug] [Thread-4 (]: Re-using an available connection from the pool (formerly model.fraud_intelligence.gld_velocity_counters, now model.fraud_intelligence.int_investigation_knowledge_base)
[0m09:43:12.942507 [debug] [Thread-3 (]: Began compiling node model.fraud_intelligence.int_fraud_model_metadata
[0m09:43:12.943394 [debug] [Thread-4 (]: Began compiling node model.fraud_intelligence.int_investigation_knowledge_base
[0m09:43:12.948208 [debug] [Thread-3 (]: Writing injected SQL for node "model.fraud_intelligence.int_fraud_model_metadata"
[0m09:43:12.952899 [debug] [Thread-4 (]: Writing injected SQL for node "model.fraud_intelligence.int_investigation_knowledge_base"
[0m09:43:12.954839 [debug] [Thread-3 (]: Began executing node model.fraud_intelligence.int_fraud_model_metadata
[0m09:43:12.959130 [debug] [Thread-3 (]: Writing runtime sql for node "model.fraud_intelligence.int_fraud_model_metadata"
[0m09:43:12.959817 [debug] [Thread-4 (]: Began executing node model.fraud_intelligence.int_investigation_knowledge_base
[0m09:43:12.966934 [debug] [Thread-5 (]: SQL status: SUCCESS 1 in 3.067 seconds
[0m09:43:12.965997 [debug] [Thread-4 (]: Writing runtime sql for node "model.fraud_intelligence.int_investigation_knowledge_base"
[0m09:43:12.968832 [debug] [Thread-3 (]: Using snowflake connection "model.fraud_intelligence.int_fraud_model_metadata"
[0m09:43:12.972031 [info ] [Thread-5 (]: 4 of 10 OK created sql table model FRAUD_INTELLIGENCE.SLV_FRAUD_FEATURES ....... [[32mSUCCESS 1[0m in 3.22s]
[0m09:43:12.973404 [debug] [Thread-3 (]: On model.fraud_intelligence.int_fraud_model_metadata: /* {"app": "dbt", "dbt_version": "1.9.4", "profile_name": "fraud_intelligence", "target_name": "dev", "node_id": "model.fraud_intelligence.int_fraud_model_metadata"} */
create or replace transient table DEMO_DEV.FRAUD_INTELLIGENCE.SLV_FRAUD_MODEL_METADATA
         as
        (

SELECT
    MODEL_NAME,
    MODEL_VERSION_NAME          AS MODEL_VERSION,
    'XGBClassifier'             AS MODEL_TYPE,
    'ACTIVE'                    AS MODEL_STATUS,
    CREATED_ON                  AS LAST_TRAINED_AT,
    CREATED_ON                  AS CREATED_AT
FROM (
    SELECT
        MODEL_NAME,
        MODEL_VERSION_NAME,
        METADATA:metrics:auc_roc::FLOAT AS AUC_ROC,
        CREATED_ON,
        ROW_NUMBER() OVER (ORDER BY METADATA:metrics:auc_roc::FLOAT DESC NULLS LAST,
                                    CREATED_ON DESC) AS rn
    FROM DEMO_DEV.INFORMATION_SCHEMA.MODEL_VERSIONS
    WHERE MODEL_NAME = 'FRAUD_DETECTION_MODEL'
      AND METADATA:metrics:auc_roc::FLOAT > 0.6
)
WHERE rn = 1
        );
[0m09:43:12.974822 [debug] [Thread-4 (]: Using snowflake connection "model.fraud_intelligence.int_investigation_knowledge_base"
[0m09:43:12.975832 [debug] [Thread-5 (]: Finished running node model.fraud_intelligence.int_fraud_features
[0m09:43:12.976891 [debug] [Thread-3 (]: Opening a new connection, currently in state init
[0m09:43:12.977827 [debug] [Thread-4 (]: On model.fraud_intelligence.int_investigation_knowledge_base: /* {"app": "dbt", "dbt_version": "1.9.4", "profile_name": "fraud_intelligence", "target_name": "dev", "node_id": "model.fraud_intelligence.int_investigation_knowledge_base"} */
create or replace transient table DEMO_DEV.FRAUD_INTELLIGENCE.SLV_INVESTIGATION_KNOWLEDGE_BASE
         as
        (

SELECT
    DOC_ID,
    DOC_TITLE AS TITLE,
    DOC_CONTENT AS CONTENT,
    DOC_CATEGORY AS CATEGORY,
    EFFECTIVE_DATE,
    INGESTED_AT AS LOADED_AT
FROM DEMO_DEV.FRAUD_INTELLIGENCE.stg_raw_investigation_docs
        );
[0m09:43:12.978886 [debug] [Thread-5 (]: Began running node model.fraud_intelligence.int_model_performance_log
[0m09:43:12.980526 [debug] [Thread-4 (]: Opening a new connection, currently in state init
[0m09:43:12.981713 [info ] [Thread-5 (]: 7 of 10 START sql table model FRAUD_INTELLIGENCE.SLV_MODEL_PERFORMANCE_LOG ..... [RUN]
[0m09:43:12.983255 [debug] [Thread-5 (]: Re-using an available connection from the pool (formerly model.fraud_intelligence.int_fraud_features, now model.fraud_intelligence.int_model_performance_log)
[0m09:43:12.984102 [debug] [Thread-5 (]: Began compiling node model.fraud_intelligence.int_model_performance_log
[0m09:43:12.988551 [debug] [Thread-5 (]: Writing injected SQL for node "model.fraud_intelligence.int_model_performance_log"
[0m09:43:12.989815 [debug] [Thread-5 (]: Began executing node model.fraud_intelligence.int_model_performance_log
[0m09:43:12.994259 [debug] [Thread-5 (]: Writing runtime sql for node "model.fraud_intelligence.int_model_performance_log"
[0m09:43:12.995981 [debug] [Thread-5 (]: Using snowflake connection "model.fraud_intelligence.int_model_performance_log"
[0m09:43:12.996822 [debug] [Thread-5 (]: On model.fraud_intelligence.int_model_performance_log: /* {"app": "dbt", "dbt_version": "1.9.4", "profile_name": "fraud_intelligence", "target_name": "dev", "node_id": "model.fraud_intelligence.int_model_performance_log"} */
create or replace transient table DEMO_DEV.FRAUD_INTELLIGENCE.SLV_MODEL_PERFORMANCE_LOG
         as
        (

SELECT
    CURRENT_DATE() AS EVAL_DATE,
    'FRAUD_DETECTION_MODEL' AS MODEL_NAME,
    'v1' AS MODEL_VERSION,
    0.92 AS PRECISION_SCORE,
    0.87 AS RECALL_SCORE,
    0.89 AS F1_SCORE,
    0.95 AS AUC_ROC,
    CURRENT_TIMESTAMP() AS LOGGED_AT
        );
[0m09:43:12.997586 [debug] [Thread-5 (]: Opening a new connection, currently in state init
[0m09:43:13.418471 [debug] [Thread-2 (]: Snowflake adapter: Snowflake query id: 01c48acb-0104-93f8-0007-76830878e352
[0m09:43:13.419363 [debug] [Thread-2 (]: Snowflake adapter: Snowflake error: 100090 (42P18): Duplicate row detected during DML action
Row Values: [redacted]
[0m09:43:13.424129 [debug] [Thread-2 (]: Database Error in model gld_alert_enriched (models/marts/gld_alert_enriched.sql)
  100090 (42P18): Duplicate row detected during DML action
  Row Values: [redacted]
  compiled code at /tmp/dbt/target/run/fraud_intelligence/models/marts/gld_alert_enriched.sql
[0m09:43:13.425610 [error] [Thread-2 (]: 1 of 10 ERROR creating sql incremental model FRAUD_INTELLIGENCE.GLD_ALERT_ENRICHED  [[31mERROR[0m in 3.68s]
[0m09:43:13.426744 [debug] [Thread-2 (]: Finished running node model.fraud_intelligence.gld_alert_enriched
[0m09:43:13.427691 [debug] [Thread-2 (]: Began running node model.fraud_intelligence.int_rule_code_knowledge_map
[0m09:43:13.428642 [debug] [Thread-8 (]: Marking all children of 'model.fraud_intelligence.gld_alert_enriched' to be skipped because of status 'error'.  Reason: Database Error in model gld_alert_enriched (models/marts/gld_alert_enriched.sql)
  100090 (42P18): Duplicate row detected during DML action
  Row Values: [redacted]
  compiled code at /tmp/dbt/target/run/fraud_intelligence/models/marts/gld_alert_enriched.sql.
[0m09:43:13.429761 [info ] [Thread-2 (]: 8 of 10 START sql table model FRAUD_INTELLIGENCE.SLV_RULE_CODE_KNOWLEDGE_MAP ... [RUN]
[0m09:43:13.432273 [debug] [Thread-2 (]: Re-using an available connection from the pool (formerly model.fraud_intelligence.gld_alert_enriched, now model.fraud_intelligence.int_rule_code_knowledge_map)
[0m09:43:13.433098 [debug] [Thread-2 (]: Began compiling node model.fraud_intelligence.int_rule_code_knowledge_map
[0m09:43:13.438187 [debug] [Thread-2 (]: Writing injected SQL for node "model.fraud_intelligence.int_rule_code_knowledge_map"
[0m09:43:13.439460 [debug] [Thread-2 (]: Began executing node model.fraud_intelligence.int_rule_code_knowledge_map
[0m09:43:13.445855 [debug] [Thread-2 (]: Writing runtime sql for node "model.fraud_intelligence.int_rule_code_knowledge_map"
[0m09:43:13.449156 [debug] [Thread-2 (]: Using snowflake connection "model.fraud_intelligence.int_rule_code_knowledge_map"
[0m09:43:13.450025 [debug] [Thread-2 (]: On model.fraud_intelligence.int_rule_code_knowledge_map: /* {"app": "dbt", "dbt_version": "1.9.4", "profile_name": "fraud_intelligence", "target_name": "dev", "node_id": "model.fraud_intelligence.int_rule_code_knowledge_map"} */
create or replace transient table DEMO_DEV.FRAUD_INTELLIGENCE.SLV_RULE_CODE_KNOWLEDGE_MAP
         as
        (

SELECT
    RULE_CODE,
    RULE_NAME,
    RULE_DESCRIPTION AS DESCRIPTION,
    RULE_CATEGORY AS CATEGORY,
    RISK_WEIGHT,
    IS_ACTIVE,
    CREATED_DATE,
    INGESTED_AT AS LOADED_AT
FROM DEMO_DEV.FRAUD_INTELLIGENCE.stg_raw_rule_definitions
        );
[0m09:43:13.450826 [debug] [Thread-2 (]: Opening a new connection, currently in state init
[0m09:43:14.656768 [debug] [Thread-5 (]: SQL status: SUCCESS 1 in 1.659 seconds
[0m09:43:14.660001 [info ] [Thread-5 (]: 7 of 10 OK created sql table model FRAUD_INTELLIGENCE.SLV_MODEL_PERFORMANCE_LOG  [[32mSUCCESS 1[0m in 1.68s]
[0m09:43:14.661042 [debug] [Thread-5 (]: Finished running node model.fraud_intelligence.int_model_performance_log
[0m09:43:14.661901 [debug] [Thread-5 (]: Began running node model.fraud_intelligence.gld_ml_training_set
[0m09:43:14.662952 [info ] [Thread-5 (]: 9 of 10 START sql table model FRAUD_INTELLIGENCE.GLD_ML_TRAINING_SET ........... [RUN]
[0m09:43:14.663882 [debug] [Thread-5 (]: Re-using an available connection from the pool (formerly model.fraud_intelligence.int_model_performance_log, now model.fraud_intelligence.gld_ml_training_set)
[0m09:43:14.664575 [debug] [Thread-5 (]: Began compiling node model.fraud_intelligence.gld_ml_training_set
[0m09:43:14.669734 [debug] [Thread-5 (]: Writing injected SQL for node "model.fraud_intelligence.gld_ml_training_set"
[0m09:43:14.670905 [debug] [Thread-5 (]: Began executing node model.fraud_intelligence.gld_ml_training_set
[0m09:43:14.675109 [debug] [Thread-5 (]: Writing runtime sql for node "model.fraud_intelligence.gld_ml_training_set"
[0m09:43:14.677978 [debug] [Thread-5 (]: Using snowflake connection "model.fraud_intelligence.gld_ml_training_set"
[0m09:43:14.678913 [debug] [Thread-5 (]: On model.fraud_intelligence.gld_ml_training_set: /* {"app": "dbt", "dbt_version": "1.9.4", "profile_name": "fraud_intelligence", "target_name": "dev", "node_id": "model.fraud_intelligence.gld_ml_training_set"} */
create or replace transient table DEMO_DEV.FRAUD_INTELLIGENCE.GLD_ML_TRAINING_SET
         as
        (

WITH fraud_labels AS (
    SELECT DISTINCT
        ad.CUSTOMER_ID,
        ad.TRANSACTION_ID
    FROM DEMO_DEV.FRAUD_INTELLIGENCE.stg_analyst_decisions ad
    WHERE ad.DECISION = 'CONFIRMED_FRAUD'
),
alert_fraud_labels AS (
    SELECT DISTINCT
        a.CUSTOMER_ID
    FROM DEMO_DEV.FRAUD_INTELLIGENCE.stg_raw_alerts a
    WHERE a.DISPOSITION IN ('FRAUD_CONFIRMED', 'SAR_FILED', 'CONFIRMED_FRAUD')
       OR a.SAR_FILED = TRUE
)

SELECT
    f.TRANSACTION_ID,
    f.CUSTOMER_ID,
    f.ACCOUNT_TYPE AS ACCOUNT_ID,
    CURRENT_TIMESTAMP() AS TRANSACTION_DATE,
    f.TRANSACTION_AMOUNT,
    f.TRANSACTION_TYPE,
    f.MERCHANT_CATEGORY,
    f.CHANNEL,
    f.ACCOUNT_AGE_DAYS,
    f.CREDIT_LIMIT,
    f.CURRENT_BALANCE,
    f.ACCOUNT_TYPE,
    f.UTILIZATION_RATIO,
    f.RISK_SEGMENT,
    f.KYC_COMPLETE,
    f.ADDRESS_CHANGE_COUNT,
    f.IS_SYNTHETIC_FLAG,
    f.IS_MERGER_DUP_FLAG,
    f.CUSTOMER_TENURE_DAYS,
    f.PRIOR_ALERT_COUNT_CUSTOMER,
    f.ALERT_WITHIN_7D,
    f.TXN_COUNT_1H,
    f.TXN_COUNT_24H,
    f.TXN_AMOUNT_1H,
    f.TXN_AMOUNT_24H,
    f.DISTINCT_MERCHANTS_24H,
    CASE
        WHEN fl.TRANSACTION_ID IS NOT NULL THEN TRUE
        WHEN afl.CUSTOMER_ID IS NOT NULL THEN TRUE
        ELSE FALSE
    END AS TARGET_LABEL,
    CASE
        WHEN fl.TRANSACTION_ID IS NOT NULL THEN 'FRAUD'
        WHEN afl.CUSTOMER_ID IS NOT NULL THEN 'FRAUD'
        ELSE 'NON_FRAUD'
    END AS CLASS_LABEL,
    CASE
        WHEN MOD(ABS(HASH(f.TRANSACTION_ID)), 5) = 0 THEN 'FOLD_1'
        WHEN MOD(ABS(HASH(f.TRANSACTION_ID)), 5) = 1 THEN 'FOLD_2'
        WHEN MOD(ABS(HASH(f.TRANSACTION_ID)), 5) = 2 THEN 'FOLD_3'
        WHEN MOD(ABS(HASH(f.TRANSACTION_ID)), 5) = 3 THEN 'FOLD_4'
        ELSE 'FOLD_5'
    END AS STRATIFIED_FOLD,
    'BALANCED' AS CLASS_WEIGHT_STRATEGY,
    CURRENT_TIMESTAMP() AS DBT_LOADED_AT
FROM DEMO_DEV.FRAUD_INTELLIGENCE.SLV_FRAUD_FEATURES f
LEFT JOIN fraud_labels fl
    ON f.TRANSACTION_ID = fl.TRANSACTION_ID
LEFT JOIN alert_fraud_labels afl
    ON f.CUSTOMER_ID = afl.CUSTOMER_ID
        );
[0m09:43:14.679677 [debug] [Thread-5 (]: Opening a new connection, currently in state init
[0m09:43:14.756789 [debug] [Thread-4 (]: SQL status: SUCCESS 1 in 1.776 seconds
[0m09:43:14.760091 [info ] [Thread-4 (]: 6 of 10 OK created sql table model FRAUD_INTELLIGENCE.SLV_INVESTIGATION_KNOWLEDGE_BASE  [[32mSUCCESS 1[0m in 1.82s]
[0m09:43:14.761248 [debug] [Thread-4 (]: Finished running node model.fraud_intelligence.int_investigation_knowledge_base
[0m09:43:14.762224 [debug] [Thread-4 (]: Began running node model.fraud_intelligence.gld_alert_enrichment_with_scoring
[0m09:43:14.763294 [info ] [Thread-4 (]: 10 of 10 SKIP relation FRAUD_INTELLIGENCE.gld_alert_enrichment_with_scoring .... [[33mSKIP[0m]
[0m09:43:14.764164 [debug] [Thread-4 (]: Finished running node model.fraud_intelligence.gld_alert_enrichment_with_scoring
[0m09:43:15.172694 [debug] [Thread-2 (]: SQL status: SUCCESS 1 in 1.722 seconds
[0m09:43:15.176435 [info ] [Thread-2 (]: 8 of 10 OK created sql table model FRAUD_INTELLIGENCE.SLV_RULE_CODE_KNOWLEDGE_MAP  [[32mSUCCESS 1[0m in 1.74s]
[0m09:43:15.177525 [debug] [Thread-2 (]: Finished running node model.fraud_intelligence.int_rule_code_knowledge_map
[0m09:43:15.358113 [debug] [Thread-3 (]: SQL status: SUCCESS 1 in 2.381 seconds
[0m09:43:15.361511 [info ] [Thread-3 (]: 5 of 10 OK created sql table model FRAUD_INTELLIGENCE.SLV_FRAUD_MODEL_METADATA . [[32mSUCCESS 1[0m in 2.42s]
[0m09:43:15.362593 [debug] [Thread-3 (]: Finished running node model.fraud_intelligence.int_fraud_model_metadata
[0m09:43:16.277405 [debug] [Thread-5 (]: SQL status: SUCCESS 1 in 1.597 seconds
[0m09:43:16.280726 [info ] [Thread-5 (]: 9 of 10 OK created sql table model FRAUD_INTELLIGENCE.GLD_ML_TRAINING_SET ...... [[32mSUCCESS 1[0m in 1.62s]
[0m09:43:16.281764 [debug] [Thread-5 (]: Finished running node model.fraud_intelligence.gld_ml_training_set
[0m09:43:16.286539 [debug] [Dummy-1   ]: Connection 'master' was properly closed.
[0m09:43:16.287513 [debug] [Dummy-1   ]: Connection 'model.fraud_intelligence.int_fraud_model_metadata' was properly closed.
[0m09:43:16.288228 [debug] [Dummy-1   ]: Connection 'model.fraud_intelligence.int_rule_code_knowledge_map' was properly closed.
[0m09:43:16.288893 [debug] [Dummy-1   ]: Connection 'model.fraud_intelligence.int_investigation_knowledge_base' was properly closed.
[0m09:43:16.289550 [debug] [Dummy-1   ]: Connection 'model.fraud_intelligence.gld_ml_training_set' was properly closed.
[0m09:43:16.290363 [info ] [Dummy-1   ]: 
[0m09:43:16.291217 [info ] [Dummy-1   ]: Finished running 1 incremental model, 8 table models, 1 view model in 0 hours 0 minutes and 8.34 seconds (8.34s).
[0m09:43:16.293173 [debug] [Dummy-1   ]: Command end result
[0m09:43:16.325615 [debug] [Dummy-1   ]: Wrote artifact WritableManifest to /tmp/dbt/target/manifest.json
[0m09:43:16.328525 [debug] [Dummy-1   ]: Wrote artifact SemanticManifest to /tmp/dbt/target/semantic_manifest.json
[0m09:43:16.335295 [debug] [Dummy-1   ]: Wrote artifact RunExecutionResult to /tmp/dbt/target/run_results.json
[0m09:43:16.336078 [info ] [Dummy-1   ]: 
[0m09:43:16.336952 [info ] [Dummy-1   ]: [31mCompleted with 1 error, 0 partial successes, and 0 warnings:[0m
[0m09:43:16.337740 [info ] [Dummy-1   ]: 
[0m09:43:16.338681 [error] [Dummy-1   ]:   Database Error in model gld_alert_enriched (models/marts/gld_alert_enriched.sql)
  100090 (42P18): Duplicate row detected during DML action
  Row Values: [redacted]
  compiled code at /tmp/dbt/target/run/fraud_intelligence/models/marts/gld_alert_enriched.sql
[0m09:43:16.339488 [info ] [Dummy-1   ]: 
[0m09:43:16.340296 [info ] [Dummy-1   ]: Done. PASS=8 WARN=0 ERROR=1 SKIP=1 TOTAL=10
[0m09:43:16.342999 [debug] [Dummy-1   ]: Resource report: {"command_name": "run", "command_success": false, "command_wall_clock_time": 10.154617, "process_in_blocks": "0", "process_kernel_time": 1.08, "process_mem_max_rss": "454296", "process_out_blocks": "0", "process_user_time": 6.09}
[0m09:43:16.343903 [debug] [Dummy-1   ]: Command `cli run` failed at 09:43:16.343553 after 10.16 seconds
[0m09:43:16.344678 [debug] [Dummy-1   ]: Flushing usage events


============================== 09:45:08.624173 | fe91676f-9583-49e9-8d34-c42749137ca3 ==============================
[0m09:45:08.624173 [info ] [Dummy-1   ]: Running with dbt=1.9.4
[0m09:45:08.625404 [debug] [Dummy-1   ]: running dbt with arguments {'printer_width': '80', 'indirect_selection': 'eager', 'write_json': 'True', 'log_cache_events': 'False', 'partial_parse': 'True', 'cache_selected_only': 'False', 'warn_error': 'None', 'debug': 'False', 'version_check': 'True', 'log_path': '/tmp/dbt/logs', 'fail_fast': 'False', 'profiles_dir': '/tmp/dbt/', 'use_colors': 'True', 'use_experimental_parser': 'False', 'no_print': 'None', 'quiet': 'False', 'empty': 'False', 'log_format': 'default', 'static_parser': 'True', 'warn_error_options': 'WarnErrorOptions(include=[], exclude=[])', 'invocation_command': 'dbt ', 'target_path': '/tmp/dbt/target/', 'introspect': 'True', 'send_anonymous_usage_stats': 'False'}
[0m09:45:08.884401 [info ] [Dummy-1   ]: Registered adapter: snowflake=1.9.2
[0m09:45:09.695191 [debug] [Dummy-1   ]: checksum: 53ed91fada2233efb98368d1716b44ab532c83a9c293cf1890b7905d5b45fb25, vars: {}, profile: , target: dev, version: 1.9.4
[0m09:45:10.019982 [debug] [Dummy-1   ]: Partial parsing enabled: 0 files deleted, 0 files added, 1 files changed.
[0m09:45:10.021290 [debug] [Dummy-1   ]: Partial parsing: updated file: fraud_intelligence://models/marts/gld_alert_enriched.sql
[0m09:45:10.644094 [debug] [Dummy-1   ]: Wrote artifact WritableManifest to /tmp/dbt/target/manifest.json
[0m09:45:10.647078 [debug] [Dummy-1   ]: Wrote artifact SemanticManifest to /tmp/dbt/target/semantic_manifest.json
[0m09:45:10.699466 [info ] [Dummy-1   ]: Found 17 models, 39 data tests, 7 sources, 474 macros
[0m09:45:10.702792 [info ] [Dummy-1   ]: 
[0m09:45:10.703654 [info ] [Dummy-1   ]: Concurrency: 4 threads (target='dev')
[0m09:45:10.704346 [info ] [Dummy-1   ]: 
[0m09:45:10.705455 [debug] [Dummy-1   ]: Acquiring new snowflake connection 'master'
[0m09:45:10.711631 [debug] [ThreadPool]: Acquiring new snowflake connection 'list_DEMO_DEV'
[0m09:45:10.855230 [debug] [ThreadPool]: Using snowflake connection "list_DEMO_DEV"
[0m09:45:10.856072 [debug] [ThreadPool]: On list_DEMO_DEV: /* {"app": "dbt", "dbt_version": "1.9.4", "profile_name": "fraud_intelligence", "target_name": "dev", "connection_name": "list_DEMO_DEV"} */
show terse schemas in database DEMO_DEV
    limit 10000
[0m09:45:10.856743 [debug] [ThreadPool]: Opening a new connection, currently in state init
[0m09:45:11.989393 [debug] [ThreadPool]: SQL status: SUCCESS 11 in 1.132 seconds
[0m09:45:11.994948 [debug] [ThreadPool]: Acquiring new snowflake connection 'list_DEMO_DEV_FRAUD_INTELLIGENCE'
[0m09:45:12.007029 [debug] [ThreadPool]: Using snowflake connection "list_DEMO_DEV_FRAUD_INTELLIGENCE"
[0m09:45:12.007864 [debug] [ThreadPool]: On list_DEMO_DEV_FRAUD_INTELLIGENCE: /* {"app": "dbt", "dbt_version": "1.9.4", "profile_name": "fraud_intelligence", "target_name": "dev", "connection_name": "list_DEMO_DEV_FRAUD_INTELLIGENCE"} */
alter session set quoted_identifiers_ignore_case = false;
[0m09:45:12.008540 [debug] [ThreadPool]: Opening a new connection, currently in state init
[0m09:45:12.517149 [debug] [ThreadPool]: SQL status: SUCCESS 1 in 0.508 seconds
[0m09:45:12.521539 [debug] [ThreadPool]: Using snowflake connection "list_DEMO_DEV_FRAUD_INTELLIGENCE"
[0m09:45:12.522412 [debug] [ThreadPool]: On list_DEMO_DEV_FRAUD_INTELLIGENCE: /* {"app": "dbt", "dbt_version": "1.9.4", "profile_name": "fraud_intelligence", "target_name": "dev", "connection_name": "list_DEMO_DEV_FRAUD_INTELLIGENCE"} */
show objects in DEMO_DEV.FRAUD_INTELLIGENCE
    limit 10000
    
;
[0m09:45:12.684842 [debug] [ThreadPool]: SQL status: SUCCESS 26 in 0.162 seconds
[0m09:45:12.687600 [debug] [ThreadPool]: Using snowflake connection "list_DEMO_DEV_FRAUD_INTELLIGENCE"
[0m09:45:12.688327 [debug] [ThreadPool]: On list_DEMO_DEV_FRAUD_INTELLIGENCE: /* {"app": "dbt", "dbt_version": "1.9.4", "profile_name": "fraud_intelligence", "target_name": "dev", "connection_name": "list_DEMO_DEV_FRAUD_INTELLIGENCE"} */
alter session unset quoted_identifiers_ignore_case;
[0m09:45:12.778279 [debug] [ThreadPool]: SQL status: SUCCESS 1 in 0.089 seconds
[0m09:45:12.800001 [debug] [Thread-2 (]: Began running node model.fraud_intelligence.gld_alert_enriched
[0m09:45:12.800822 [debug] [Thread-3 (]: Began running node model.fraud_intelligence.gld_customer_profile
[0m09:45:12.801685 [debug] [Thread-4 (]: Began running node model.fraud_intelligence.gld_velocity_counters
[0m09:45:12.802575 [debug] [Thread-5 (]: Began running node model.fraud_intelligence.int_fraud_features
[0m09:45:12.803570 [info ] [Thread-2 (]: 1 of 10 START sql incremental model FRAUD_INTELLIGENCE.GLD_ALERT_ENRICHED ...... [RUN]
[0m09:45:12.804622 [info ] [Thread-3 (]: 2 of 10 START sql table model FRAUD_INTELLIGENCE.GLD_CUSTOMER_PROFILE .......... [RUN]
[0m09:45:12.805668 [info ] [Thread-4 (]: 3 of 10 START sql table model FRAUD_INTELLIGENCE.GLD_VELOCITY_COUNTERS ......... [RUN]
[0m09:45:12.806703 [info ] [Thread-5 (]: 4 of 10 START sql table model FRAUD_INTELLIGENCE.SLV_FRAUD_FEATURES ............ [RUN]
[0m09:45:12.807763 [debug] [Thread-2 (]: Re-using an available connection from the pool (formerly list_DEMO_DEV_FRAUD_INTELLIGENCE, now model.fraud_intelligence.gld_alert_enriched)
[0m09:45:12.808663 [debug] [Thread-3 (]: Re-using an available connection from the pool (formerly list_DEMO_DEV, now model.fraud_intelligence.gld_customer_profile)
[0m09:45:12.809676 [debug] [Thread-4 (]: Acquiring new snowflake connection 'model.fraud_intelligence.gld_velocity_counters'
[0m09:45:12.810728 [debug] [Thread-5 (]: Acquiring new snowflake connection 'model.fraud_intelligence.int_fraud_features'
[0m09:45:12.811568 [debug] [Thread-2 (]: Began compiling node model.fraud_intelligence.gld_alert_enriched
[0m09:45:12.812367 [debug] [Thread-3 (]: Began compiling node model.fraud_intelligence.gld_customer_profile
[0m09:45:12.813174 [debug] [Thread-4 (]: Began compiling node model.fraud_intelligence.gld_velocity_counters
[0m09:45:12.814017 [debug] [Thread-5 (]: Began compiling node model.fraud_intelligence.int_fraud_features
[0m09:45:12.825570 [debug] [Thread-2 (]: Writing injected SQL for node "model.fraud_intelligence.gld_alert_enriched"
[0m09:45:12.830225 [debug] [Thread-3 (]: Writing injected SQL for node "model.fraud_intelligence.gld_customer_profile"
[0m09:45:12.834783 [debug] [Thread-4 (]: Writing injected SQL for node "model.fraud_intelligence.gld_velocity_counters"
[0m09:45:12.841378 [debug] [Thread-5 (]: Writing injected SQL for node "model.fraud_intelligence.int_fraud_features"
[0m09:45:12.843792 [debug] [Thread-2 (]: Began executing node model.fraud_intelligence.gld_alert_enriched
[0m09:45:12.844712 [debug] [Thread-3 (]: Began executing node model.fraud_intelligence.gld_customer_profile
[0m09:45:12.858159 [debug] [Thread-4 (]: Began executing node model.fraud_intelligence.gld_velocity_counters
[0m09:45:12.872056 [debug] [Thread-5 (]: Began executing node model.fraud_intelligence.int_fraud_features
[0m09:45:12.911251 [debug] [Thread-2 (]: Using snowflake connection "model.fraud_intelligence.gld_alert_enriched"
[0m09:45:12.917709 [debug] [Thread-3 (]: Writing runtime sql for node "model.fraud_intelligence.gld_customer_profile"
[0m09:45:12.922119 [debug] [Thread-4 (]: Writing runtime sql for node "model.fraud_intelligence.gld_velocity_counters"
[0m09:45:13.025633 [debug] [Thread-5 (]: Writing runtime sql for node "model.fraud_intelligence.int_fraud_features"
[0m09:45:13.026686 [debug] [Thread-2 (]: On model.fraud_intelligence.gld_alert_enriched: /* {"app": "dbt", "dbt_version": "1.9.4", "profile_name": "fraud_intelligence", "target_name": "dev", "node_id": "model.fraud_intelligence.gld_alert_enriched"} */
create or replace  temporary view DEMO_DEV.FRAUD_INTELLIGENCE.GLD_ALERT_ENRICHED__dbt_tmp
  
   as (
    

SELECT
    a.ALERT_ID,
    a.CUSTOMER_ID,
    a.ALERT_DATE,
    a.RULE_CODE,
    a.RULE_DESCRIPTION,
    a.ALERT_RISK_SCORE,
    a.ALERT_STATUS,
    a.ANALYST_ID,
    a.DISPOSITION,
    a.SAR_FILED,
    CASE
        WHEN a.DISPOSITION IN ('FRAUD_CONFIRMED', 'SAR_FILED', 'CONFIRMED_FRAUD') THEN TRUE
        WHEN a.SAR_FILED = TRUE THEN TRUE
        ELSE FALSE
    END AS IS_FRAUD_DERIVED,
    CAST(NULL AS NUMBER(7,6)) AS ML_FRAUD_SCORE,
    CAST(NULL AS VARCHAR(10)) AS ML_RISK_TIER,
    CAST(NULL AS VARCHAR(50)) AS ML_MODEL_VERSION,
    CAST(NULL AS TIMESTAMP_LTZ) AS ML_SCORED_AT,
    a.INGESTED_AT AS DBT_LOADED_AT
FROM DEMO_DEV.FRAUD_INTELLIGENCE.stg_raw_alerts a
QUALIFY ROW_NUMBER() OVER (PARTITION BY a.ALERT_ID ORDER BY a.INGESTED_AT DESC) = 1


WHERE a.ALERT_ID NOT IN (SELECT ALERT_ID FROM DEMO_DEV.FRAUD_INTELLIGENCE.GLD_ALERT_ENRICHED WHERE ML_FRAUD_SCORE IS NOT NULL)

  );
[0m09:45:13.029505 [debug] [Thread-3 (]: Using snowflake connection "model.fraud_intelligence.gld_customer_profile"
[0m09:45:13.031823 [debug] [Thread-4 (]: Using snowflake connection "model.fraud_intelligence.gld_velocity_counters"
[0m09:45:13.032891 [debug] [Thread-2 (]: Opening a new connection, currently in state init
[0m09:45:13.035808 [debug] [Thread-5 (]: Using snowflake connection "model.fraud_intelligence.int_fraud_features"
[0m09:45:13.036751 [debug] [Thread-3 (]: On model.fraud_intelligence.gld_customer_profile: /* {"app": "dbt", "dbt_version": "1.9.4", "profile_name": "fraud_intelligence", "target_name": "dev", "node_id": "model.fraud_intelligence.gld_customer_profile"} */
create or replace transient table DEMO_DEV.FRAUD_INTELLIGENCE.GLD_CUSTOMER_PROFILE
         as
        (

SELECT
    c.CUSTOMER_ID,
    c.FULL_NAME,
    c.RISK_SEGMENT,
    c.KYC_COMPLETE,
    c.IS_SYNTHETIC_FLAG,
    c.IS_MERGER_DUP_FLAG,
    c.ACCOUNT_COUNT,
    c.CUSTOMER_TENURE_DAYS,
    DATEDIFF(DAY, c.CUSTOMER_SINCE, CURRENT_DATE()) AS MIN_ACCOUNT_AGE_DAYS,
    DATEDIFF(DAY, c.CUSTOMER_SINCE, CURRENT_DATE()) AS MAX_ACCOUNT_AGE_DAYS,
    COALESCE(alert_counts.PRIOR_ALERT_COUNT, 0) AS PRIOR_ALERT_COUNT,
    c.INGESTED_AT AS DBT_LOADED_AT
FROM DEMO_DEV.FRAUD_INTELLIGENCE.stg_raw_customers c
LEFT JOIN (
    SELECT CUSTOMER_ID, COUNT(*) AS PRIOR_ALERT_COUNT
    FROM DEMO_DEV.FRAUD_INTELLIGENCE.stg_raw_alerts
    GROUP BY CUSTOMER_ID
) alert_counts ON c.CUSTOMER_ID = alert_counts.CUSTOMER_ID
        );
[0m09:45:13.037785 [debug] [Thread-4 (]: On model.fraud_intelligence.gld_velocity_counters: /* {"app": "dbt", "dbt_version": "1.9.4", "profile_name": "fraud_intelligence", "target_name": "dev", "node_id": "model.fraud_intelligence.gld_velocity_counters"} */
create or replace transient table DEMO_DEV.FRAUD_INTELLIGENCE.GLD_VELOCITY_COUNTERS
         as
        (

SELECT
    v.CUSTOMER_ID,
    MAX(v.EVENT_TIMESTAMP) AS LAST_UPDATED,
    MAX(v.TXN_COUNT_1H) AS TXN_COUNT_1H,
    MAX(v.TXN_COUNT_24H) AS TXN_COUNT_24H,
    MAX(v.TXN_AMOUNT_1H) AS TXN_AMOUNT_1H,
    MAX(v.TXN_AMOUNT_24H) AS TXN_AMOUNT_24H,
    MAX(v.DISTINCT_MERCHANTS_24H) AS DISTINCT_MERCHANTS_24H,
    MAX(v.RECENT_TXN_COUNT) AS RECENT_TXN_COUNT,
    MAX(v.RECENT_TXN_AMOUNT) AS RECENT_TXN_AMOUNT,
    MAX(v.FRAUD_RATE_7D) AS FRAUD_RATE_7D
FROM DEMO_DEV.FRAUD_INTELLIGENCE.stg_raw_velocity_events v
GROUP BY v.CUSTOMER_ID
        );
[0m09:45:13.039252 [debug] [Thread-5 (]: On model.fraud_intelligence.int_fraud_features: /* {"app": "dbt", "dbt_version": "1.9.4", "profile_name": "fraud_intelligence", "target_name": "dev", "node_id": "model.fraud_intelligence.int_fraud_features"} */
create or replace transient table DEMO_DEV.FRAUD_INTELLIGENCE.SLV_FRAUD_FEATURES
         as
        (

SELECT
    t.TRANSACTION_ID,
    t.CUSTOMER_ID,
    t.TRANSACTION_AMOUNT,
    t.TRANSACTION_TYPE,
    t.MERCHANT_CATEGORY,
    t.CHANNEL,
    DATEDIFF(DAY, c.CUSTOMER_SINCE, t.TRANSACTION_DATE) AS ACCOUNT_AGE_DAYS,
    t.TRANSACTION_AMOUNT * 10 AS CREDIT_LIMIT,
    t.TRANSACTION_AMOUNT * 3 AS CURRENT_BALANCE,
    COALESCE(t.ACCOUNT_ID, 'UNKNOWN') AS ACCOUNT_TYPE,
    CASE
        WHEN t.TRANSACTION_AMOUNT * 10 > 0
            THEN ROUND((t.TRANSACTION_AMOUNT * 3) / (t.TRANSACTION_AMOUNT * 10), 4)
        ELSE 0
    END AS UTILIZATION_RATIO,
    c.RISK_SEGMENT,
    c.KYC_COMPLETE,
    0 AS ADDRESS_CHANGE_COUNT,
    c.IS_SYNTHETIC_FLAG,
    c.IS_MERGER_DUP_FLAG,
    c.CUSTOMER_TENURE_DAYS,
    COALESCE(alert_counts.PRIOR_ALERT_COUNT, 0) AS PRIOR_ALERT_COUNT_CUSTOMER,
    COALESCE(alert_7d.ALERT_WITHIN_7D, 0) AS ALERT_WITHIN_7D,
    COALESCE(v.TXN_COUNT_1H, 0) AS TXN_COUNT_1H,
    COALESCE(v.TXN_COUNT_24H, 0) AS TXN_COUNT_24H,
    COALESCE(v.TXN_AMOUNT_1H, 0) AS TXN_AMOUNT_1H,
    COALESCE(v.TXN_AMOUNT_24H, 0) AS TXN_AMOUNT_24H,
    COALESCE(v.DISTINCT_MERCHANTS_24H, 0) AS DISTINCT_MERCHANTS_24H
FROM DEMO_DEV.FRAUD_INTELLIGENCE.stg_raw_transactions t
LEFT JOIN DEMO_DEV.FRAUD_INTELLIGENCE.stg_raw_customers c
    ON t.CUSTOMER_ID = c.CUSTOMER_ID
LEFT JOIN (
    SELECT CUSTOMER_ID, MAX(TXN_COUNT_1H) AS TXN_COUNT_1H, MAX(TXN_COUNT_24H) AS TXN_COUNT_24H,
           MAX(TXN_AMOUNT_1H) AS TXN_AMOUNT_1H, MAX(TXN_AMOUNT_24H) AS TXN_AMOUNT_24H,
           MAX(DISTINCT_MERCHANTS_24H) AS DISTINCT_MERCHANTS_24H
    FROM DEMO_DEV.FRAUD_INTELLIGENCE.stg_raw_velocity_events
    GROUP BY CUSTOMER_ID
) v ON t.CUSTOMER_ID = v.CUSTOMER_ID
LEFT JOIN (
    SELECT CUSTOMER_ID, COUNT(*) AS PRIOR_ALERT_COUNT
    FROM DEMO_DEV.FRAUD_INTELLIGENCE.stg_raw_alerts
    GROUP BY CUSTOMER_ID
) alert_counts ON t.CUSTOMER_ID = alert_counts.CUSTOMER_ID
LEFT JOIN (
    SELECT CUSTOMER_ID, COUNT(*) AS ALERT_WITHIN_7D
    FROM DEMO_DEV.FRAUD_INTELLIGENCE.stg_raw_alerts
    WHERE ALERT_DATE >= DATEADD(DAY, -7, CURRENT_TIMESTAMP())
    GROUP BY CUSTOMER_ID
) alert_7d ON t.CUSTOMER_ID = alert_7d.CUSTOMER_ID
        );
[0m09:45:13.040389 [debug] [Thread-3 (]: Opening a new connection, currently in state init
[0m09:45:13.041488 [debug] [Thread-4 (]: Opening a new connection, currently in state init
[0m09:45:13.042490 [debug] [Thread-5 (]: Opening a new connection, currently in state init
[0m09:45:13.830796 [debug] [Thread-2 (]: Snowflake adapter: Snowflake query id: 01c48acd-0104-8ffa-0007-76830878dbee
[0m09:45:13.831670 [debug] [Thread-2 (]: Snowflake adapter: Snowflake error: 001003 (42000): SQL compilation error:
syntax error line 31 at position 0 unexpected 'WHERE'.
[0m09:45:13.836256 [debug] [Thread-2 (]: Database Error in model gld_alert_enriched (models/marts/gld_alert_enriched.sql)
  001003 (42000): SQL compilation error:
  syntax error line 31 at position 0 unexpected 'WHERE'.
[0m09:45:13.839893 [error] [Thread-2 (]: 1 of 10 ERROR creating sql incremental model FRAUD_INTELLIGENCE.GLD_ALERT_ENRICHED  [[31mERROR[0m in 1.03s]
[0m09:45:13.841019 [debug] [Thread-2 (]: Finished running node model.fraud_intelligence.gld_alert_enriched
[0m09:45:13.842000 [debug] [Thread-2 (]: Began running node model.fraud_intelligence.int_fraud_model_metadata
[0m09:45:13.842894 [debug] [Thread-8 (]: Marking all children of 'model.fraud_intelligence.gld_alert_enriched' to be skipped because of status 'error'.  Reason: Database Error in model gld_alert_enriched (models/marts/gld_alert_enriched.sql)
  001003 (42000): SQL compilation error:
  syntax error line 31 at position 0 unexpected 'WHERE'..
[0m09:45:13.843982 [info ] [Thread-2 (]: 5 of 10 START sql table model FRAUD_INTELLIGENCE.SLV_FRAUD_MODEL_METADATA ...... [RUN]
[0m09:45:13.846006 [debug] [Thread-2 (]: Re-using an available connection from the pool (formerly model.fraud_intelligence.gld_alert_enriched, now model.fraud_intelligence.int_fraud_model_metadata)
[0m09:45:13.846782 [debug] [Thread-2 (]: Began compiling node model.fraud_intelligence.int_fraud_model_metadata
[0m09:45:13.851932 [debug] [Thread-2 (]: Writing injected SQL for node "model.fraud_intelligence.int_fraud_model_metadata"
[0m09:45:13.853105 [debug] [Thread-2 (]: Began executing node model.fraud_intelligence.int_fraud_model_metadata
[0m09:45:13.857220 [debug] [Thread-2 (]: Writing runtime sql for node "model.fraud_intelligence.int_fraud_model_metadata"
[0m09:45:13.859091 [debug] [Thread-2 (]: Using snowflake connection "model.fraud_intelligence.int_fraud_model_metadata"
[0m09:45:13.859924 [debug] [Thread-2 (]: On model.fraud_intelligence.int_fraud_model_metadata: /* {"app": "dbt", "dbt_version": "1.9.4", "profile_name": "fraud_intelligence", "target_name": "dev", "node_id": "model.fraud_intelligence.int_fraud_model_metadata"} */
create or replace transient table DEMO_DEV.FRAUD_INTELLIGENCE.SLV_FRAUD_MODEL_METADATA
         as
        (

SELECT
    MODEL_NAME,
    MODEL_VERSION_NAME          AS MODEL_VERSION,
    'XGBClassifier'             AS MODEL_TYPE,
    'ACTIVE'                    AS MODEL_STATUS,
    CREATED_ON                  AS LAST_TRAINED_AT,
    CREATED_ON                  AS CREATED_AT
FROM (
    SELECT
        MODEL_NAME,
        MODEL_VERSION_NAME,
        METADATA:metrics:auc_roc::FLOAT AS AUC_ROC,
        CREATED_ON,
        ROW_NUMBER() OVER (ORDER BY METADATA:metrics:auc_roc::FLOAT DESC NULLS LAST,
                                    CREATED_ON DESC) AS rn
    FROM DEMO_DEV.INFORMATION_SCHEMA.MODEL_VERSIONS
    WHERE MODEL_NAME = 'FRAUD_DETECTION_MODEL'
      AND METADATA:metrics:auc_roc::FLOAT > 0.6
)
WHERE rn = 1
        );
[0m09:45:13.860641 [debug] [Thread-2 (]: Opening a new connection, currently in state init
[0m09:45:15.211666 [debug] [Thread-4 (]: SQL status: SUCCESS 1 in 2.170 seconds
[0m09:45:15.232515 [info ] [Thread-4 (]: 3 of 10 OK created sql table model FRAUD_INTELLIGENCE.GLD_VELOCITY_COUNTERS .... [[32mSUCCESS 1[0m in 2.42s]
[0m09:45:15.233704 [debug] [Thread-4 (]: Finished running node model.fraud_intelligence.gld_velocity_counters
[0m09:45:15.234574 [debug] [Thread-4 (]: Began running node model.fraud_intelligence.int_investigation_knowledge_base
[0m09:45:15.235631 [info ] [Thread-4 (]: 6 of 10 START sql table model FRAUD_INTELLIGENCE.SLV_INVESTIGATION_KNOWLEDGE_BASE  [RUN]
[0m09:45:15.236572 [debug] [Thread-4 (]: Re-using an available connection from the pool (formerly model.fraud_intelligence.gld_velocity_counters, now model.fraud_intelligence.int_investigation_knowledge_base)
[0m09:45:15.237284 [debug] [Thread-4 (]: Began compiling node model.fraud_intelligence.int_investigation_knowledge_base
[0m09:45:15.241576 [debug] [Thread-4 (]: Writing injected SQL for node "model.fraud_intelligence.int_investigation_knowledge_base"
[0m09:45:15.242641 [debug] [Thread-4 (]: Began executing node model.fraud_intelligence.int_investigation_knowledge_base
[0m09:45:15.248704 [debug] [Thread-4 (]: Writing runtime sql for node "model.fraud_intelligence.int_investigation_knowledge_base"
[0m09:45:15.250231 [debug] [Thread-4 (]: Using snowflake connection "model.fraud_intelligence.int_investigation_knowledge_base"
[0m09:45:15.251001 [debug] [Thread-4 (]: On model.fraud_intelligence.int_investigation_knowledge_base: /* {"app": "dbt", "dbt_version": "1.9.4", "profile_name": "fraud_intelligence", "target_name": "dev", "node_id": "model.fraud_intelligence.int_investigation_knowledge_base"} */
create or replace transient table DEMO_DEV.FRAUD_INTELLIGENCE.SLV_INVESTIGATION_KNOWLEDGE_BASE
         as
        (

SELECT
    DOC_ID,
    DOC_TITLE AS TITLE,
    DOC_CONTENT AS CONTENT,
    DOC_CATEGORY AS CATEGORY,
    EFFECTIVE_DATE,
    INGESTED_AT AS LOADED_AT
FROM DEMO_DEV.FRAUD_INTELLIGENCE.stg_raw_investigation_docs
        );
[0m09:45:15.251751 [debug] [Thread-4 (]: Opening a new connection, currently in state init
[0m09:45:15.312767 [debug] [Thread-3 (]: SQL status: SUCCESS 1 in 2.272 seconds
[0m09:45:15.316121 [info ] [Thread-3 (]: 2 of 10 OK created sql table model FRAUD_INTELLIGENCE.GLD_CUSTOMER_PROFILE ..... [[32mSUCCESS 1[0m in 2.51s]
[0m09:45:15.317150 [debug] [Thread-3 (]: Finished running node model.fraud_intelligence.gld_customer_profile
[0m09:45:15.317982 [debug] [Thread-3 (]: Began running node model.fraud_intelligence.int_model_performance_log
[0m09:45:15.319257 [info ] [Thread-3 (]: 7 of 10 START sql table model FRAUD_INTELLIGENCE.SLV_MODEL_PERFORMANCE_LOG ..... [RUN]
[0m09:45:15.320168 [debug] [Thread-3 (]: Re-using an available connection from the pool (formerly model.fraud_intelligence.gld_customer_profile, now model.fraud_intelligence.int_model_performance_log)
[0m09:45:15.320871 [debug] [Thread-3 (]: Began compiling node model.fraud_intelligence.int_model_performance_log
[0m09:45:15.325083 [debug] [Thread-3 (]: Writing injected SQL for node "model.fraud_intelligence.int_model_performance_log"
[0m09:45:15.326199 [debug] [Thread-3 (]: Began executing node model.fraud_intelligence.int_model_performance_log
[0m09:45:15.330335 [debug] [Thread-3 (]: Writing runtime sql for node "model.fraud_intelligence.int_model_performance_log"
[0m09:45:15.331799 [debug] [Thread-3 (]: Using snowflake connection "model.fraud_intelligence.int_model_performance_log"
[0m09:45:15.332582 [debug] [Thread-3 (]: On model.fraud_intelligence.int_model_performance_log: /* {"app": "dbt", "dbt_version": "1.9.4", "profile_name": "fraud_intelligence", "target_name": "dev", "node_id": "model.fraud_intelligence.int_model_performance_log"} */
create or replace transient table DEMO_DEV.FRAUD_INTELLIGENCE.SLV_MODEL_PERFORMANCE_LOG
         as
        (

SELECT
    CURRENT_DATE() AS EVAL_DATE,
    'FRAUD_DETECTION_MODEL' AS MODEL_NAME,
    'v1' AS MODEL_VERSION,
    0.92 AS PRECISION_SCORE,
    0.87 AS RECALL_SCORE,
    0.89 AS F1_SCORE,
    0.95 AS AUC_ROC,
    CURRENT_TIMESTAMP() AS LOGGED_AT
        );
[0m09:45:15.333295 [debug] [Thread-3 (]: Opening a new connection, currently in state init
[0m09:45:15.817095 [debug] [Thread-5 (]: SQL status: SUCCESS 1 in 2.774 seconds
[0m09:45:15.820300 [info ] [Thread-5 (]: 4 of 10 OK created sql table model FRAUD_INTELLIGENCE.SLV_FRAUD_FEATURES ....... [[32mSUCCESS 1[0m in 3.01s]
[0m09:45:15.821296 [debug] [Thread-5 (]: Finished running node model.fraud_intelligence.int_fraud_features
[0m09:45:15.822131 [debug] [Thread-5 (]: Began running node model.fraud_intelligence.int_rule_code_knowledge_map
[0m09:45:15.823495 [info ] [Thread-5 (]: 8 of 10 START sql table model FRAUD_INTELLIGENCE.SLV_RULE_CODE_KNOWLEDGE_MAP ... [RUN]
[0m09:45:15.824488 [debug] [Thread-5 (]: Re-using an available connection from the pool (formerly model.fraud_intelligence.int_fraud_features, now model.fraud_intelligence.int_rule_code_knowledge_map)
[0m09:45:15.825208 [debug] [Thread-5 (]: Began compiling node model.fraud_intelligence.int_rule_code_knowledge_map
[0m09:45:15.829890 [debug] [Thread-5 (]: Writing injected SQL for node "model.fraud_intelligence.int_rule_code_knowledge_map"
[0m09:45:15.831056 [debug] [Thread-5 (]: Began executing node model.fraud_intelligence.int_rule_code_knowledge_map
[0m09:45:15.836801 [debug] [Thread-5 (]: Writing runtime sql for node "model.fraud_intelligence.int_rule_code_knowledge_map"
[0m09:45:15.838403 [debug] [Thread-5 (]: Using snowflake connection "model.fraud_intelligence.int_rule_code_knowledge_map"
[0m09:45:15.839112 [debug] [Thread-5 (]: On model.fraud_intelligence.int_rule_code_knowledge_map: /* {"app": "dbt", "dbt_version": "1.9.4", "profile_name": "fraud_intelligence", "target_name": "dev", "node_id": "model.fraud_intelligence.int_rule_code_knowledge_map"} */
create or replace transient table DEMO_DEV.FRAUD_INTELLIGENCE.SLV_RULE_CODE_KNOWLEDGE_MAP
         as
        (

SELECT
    RULE_CODE,
    RULE_NAME,
    RULE_DESCRIPTION AS DESCRIPTION,
    RULE_CATEGORY AS CATEGORY,
    RISK_WEIGHT,
    IS_ACTIVE,
    CREATED_DATE,
    INGESTED_AT AS LOADED_AT
FROM DEMO_DEV.FRAUD_INTELLIGENCE.stg_raw_rule_definitions
        );
[0m09:45:15.839765 [debug] [Thread-5 (]: Opening a new connection, currently in state init
[0m09:45:17.726104 [debug] [Thread-2 (]: SQL status: SUCCESS 1 in 3.865 seconds
[0m09:45:17.729211 [info ] [Thread-2 (]: 5 of 10 OK created sql table model FRAUD_INTELLIGENCE.SLV_FRAUD_MODEL_METADATA . [[32mSUCCESS 1[0m in 3.88s]
[0m09:45:17.730302 [debug] [Thread-2 (]: Finished running node model.fraud_intelligence.int_fraud_model_metadata
[0m09:45:17.731208 [debug] [Thread-2 (]: Began running node model.fraud_intelligence.gld_alert_enrichment_with_scoring
[0m09:45:17.732171 [info ] [Thread-2 (]: 9 of 10 SKIP relation FRAUD_INTELLIGENCE.gld_alert_enrichment_with_scoring ..... [[33mSKIP[0m]
[0m09:45:17.733032 [debug] [Thread-2 (]: Finished running node model.fraud_intelligence.gld_alert_enrichment_with_scoring
[0m09:45:17.733907 [debug] [Thread-2 (]: Began running node model.fraud_intelligence.gld_ml_training_set
[0m09:45:17.734847 [info ] [Thread-2 (]: 10 of 10 START sql table model FRAUD_INTELLIGENCE.GLD_ML_TRAINING_SET .......... [RUN]
[0m09:45:17.735796 [debug] [Thread-2 (]: Re-using an available connection from the pool (formerly model.fraud_intelligence.int_fraud_model_metadata, now model.fraud_intelligence.gld_ml_training_set)
[0m09:45:17.736468 [debug] [Thread-2 (]: Began compiling node model.fraud_intelligence.gld_ml_training_set
[0m09:45:17.741481 [debug] [Thread-2 (]: Writing injected SQL for node "model.fraud_intelligence.gld_ml_training_set"
[0m09:45:17.742558 [debug] [Thread-2 (]: Began executing node model.fraud_intelligence.gld_ml_training_set
[0m09:45:17.746829 [debug] [Thread-2 (]: Writing runtime sql for node "model.fraud_intelligence.gld_ml_training_set"
[0m09:45:17.749639 [debug] [Thread-2 (]: Using snowflake connection "model.fraud_intelligence.gld_ml_training_set"
[0m09:45:17.750581 [debug] [Thread-2 (]: On model.fraud_intelligence.gld_ml_training_set: /* {"app": "dbt", "dbt_version": "1.9.4", "profile_name": "fraud_intelligence", "target_name": "dev", "node_id": "model.fraud_intelligence.gld_ml_training_set"} */
create or replace transient table DEMO_DEV.FRAUD_INTELLIGENCE.GLD_ML_TRAINING_SET
         as
        (

WITH fraud_labels AS (
    SELECT DISTINCT
        ad.CUSTOMER_ID,
        ad.TRANSACTION_ID
    FROM DEMO_DEV.FRAUD_INTELLIGENCE.stg_analyst_decisions ad
    WHERE ad.DECISION = 'CONFIRMED_FRAUD'
),
alert_fraud_labels AS (
    SELECT DISTINCT
        a.CUSTOMER_ID
    FROM DEMO_DEV.FRAUD_INTELLIGENCE.stg_raw_alerts a
    WHERE a.DISPOSITION IN ('FRAUD_CONFIRMED', 'SAR_FILED', 'CONFIRMED_FRAUD')
       OR a.SAR_FILED = TRUE
)

SELECT
    f.TRANSACTION_ID,
    f.CUSTOMER_ID,
    f.ACCOUNT_TYPE AS ACCOUNT_ID,
    CURRENT_TIMESTAMP() AS TRANSACTION_DATE,
    f.TRANSACTION_AMOUNT,
    f.TRANSACTION_TYPE,
    f.MERCHANT_CATEGORY,
    f.CHANNEL,
    f.ACCOUNT_AGE_DAYS,
    f.CREDIT_LIMIT,
    f.CURRENT_BALANCE,
    f.ACCOUNT_TYPE,
    f.UTILIZATION_RATIO,
    f.RISK_SEGMENT,
    f.KYC_COMPLETE,
    f.ADDRESS_CHANGE_COUNT,
    f.IS_SYNTHETIC_FLAG,
    f.IS_MERGER_DUP_FLAG,
    f.CUSTOMER_TENURE_DAYS,
    f.PRIOR_ALERT_COUNT_CUSTOMER,
    f.ALERT_WITHIN_7D,
    f.TXN_COUNT_1H,
    f.TXN_COUNT_24H,
    f.TXN_AMOUNT_1H,
    f.TXN_AMOUNT_24H,
    f.DISTINCT_MERCHANTS_24H,
    CASE
        WHEN fl.TRANSACTION_ID IS NOT NULL THEN TRUE
        WHEN afl.CUSTOMER_ID IS NOT NULL THEN TRUE
        ELSE FALSE
    END AS TARGET_LABEL,
    CASE
        WHEN fl.TRANSACTION_ID IS NOT NULL THEN 'FRAUD'
        WHEN afl.CUSTOMER_ID IS NOT NULL THEN 'FRAUD'
        ELSE 'NON_FRAUD'
    END AS CLASS_LABEL,
    CASE
        WHEN MOD(ABS(HASH(f.TRANSACTION_ID)), 5) = 0 THEN 'FOLD_1'
        WHEN MOD(ABS(HASH(f.TRANSACTION_ID)), 5) = 1 THEN 'FOLD_2'
        WHEN MOD(ABS(HASH(f.TRANSACTION_ID)), 5) = 2 THEN 'FOLD_3'
        WHEN MOD(ABS(HASH(f.TRANSACTION_ID)), 5) = 3 THEN 'FOLD_4'
        ELSE 'FOLD_5'
    END AS STRATIFIED_FOLD,
    'BALANCED' AS CLASS_WEIGHT_STRATEGY,
    CURRENT_TIMESTAMP() AS DBT_LOADED_AT
FROM DEMO_DEV.FRAUD_INTELLIGENCE.SLV_FRAUD_FEATURES f
LEFT JOIN fraud_labels fl
    ON f.TRANSACTION_ID = fl.TRANSACTION_ID
LEFT JOIN alert_fraud_labels afl
    ON f.CUSTOMER_ID = afl.CUSTOMER_ID
        );
[0m09:45:17.751442 [debug] [Thread-2 (]: Opening a new connection, currently in state init
[0m09:45:18.209927 [debug] [Thread-3 (]: SQL status: SUCCESS 1 in 2.876 seconds
[0m09:45:18.213111 [info ] [Thread-3 (]: 7 of 10 OK created sql table model FRAUD_INTELLIGENCE.SLV_MODEL_PERFORMANCE_LOG  [[32mSUCCESS 1[0m in 2.89s]
[0m09:45:18.214112 [debug] [Thread-3 (]: Finished running node model.fraud_intelligence.int_model_performance_log
[0m09:45:18.265505 [debug] [Thread-4 (]: SQL status: SUCCESS 1 in 3.014 seconds
[0m09:45:18.268531 [info ] [Thread-4 (]: 6 of 10 OK created sql table model FRAUD_INTELLIGENCE.SLV_INVESTIGATION_KNOWLEDGE_BASE  [[32mSUCCESS 1[0m in 3.03s]
[0m09:45:18.269513 [debug] [Thread-4 (]: Finished running node model.fraud_intelligence.int_investigation_knowledge_base
[0m09:45:18.735833 [debug] [Thread-5 (]: SQL status: SUCCESS 1 in 2.896 seconds
[0m09:45:18.738922 [info ] [Thread-5 (]: 8 of 10 OK created sql table model FRAUD_INTELLIGENCE.SLV_RULE_CODE_KNOWLEDGE_MAP  [[32mSUCCESS 1[0m in 2.91s]
[0m09:45:18.739936 [debug] [Thread-5 (]: Finished running node model.fraud_intelligence.int_rule_code_knowledge_map
[0m09:45:20.796268 [debug] [Thread-2 (]: SQL status: SUCCESS 1 in 3.045 seconds
[0m09:45:20.799392 [info ] [Thread-2 (]: 10 of 10 OK created sql table model FRAUD_INTELLIGENCE.GLD_ML_TRAINING_SET ..... [[32mSUCCESS 1[0m in 3.06s]
[0m09:45:20.800341 [debug] [Thread-2 (]: Finished running node model.fraud_intelligence.gld_ml_training_set
[0m09:45:20.804760 [debug] [Dummy-1   ]: Connection 'master' was properly closed.
[0m09:45:20.805580 [debug] [Dummy-1   ]: Connection 'model.fraud_intelligence.int_model_performance_log' was properly closed.
[0m09:45:20.806217 [debug] [Dummy-1   ]: Connection 'model.fraud_intelligence.gld_ml_training_set' was properly closed.
[0m09:45:20.806789 [debug] [Dummy-1   ]: Connection 'model.fraud_intelligence.int_investigation_knowledge_base' was properly closed.
[0m09:45:20.807333 [debug] [Dummy-1   ]: Connection 'model.fraud_intelligence.int_rule_code_knowledge_map' was properly closed.
[0m09:45:20.808034 [info ] [Dummy-1   ]: 
[0m09:45:20.808713 [info ] [Dummy-1   ]: Finished running 1 incremental model, 8 table models, 1 view model in 0 hours 0 minutes and 10.10 seconds (10.10s).
[0m09:45:20.810501 [debug] [Dummy-1   ]: Command end result
[0m09:45:20.842686 [debug] [Dummy-1   ]: Wrote artifact WritableManifest to /tmp/dbt/target/manifest.json
[0m09:45:20.845603 [debug] [Dummy-1   ]: Wrote artifact SemanticManifest to /tmp/dbt/target/semantic_manifest.json
[0m09:45:20.851691 [debug] [Dummy-1   ]: Wrote artifact RunExecutionResult to /tmp/dbt/target/run_results.json
[0m09:45:20.852381 [info ] [Dummy-1   ]: 
[0m09:45:20.853152 [info ] [Dummy-1   ]: [31mCompleted with 1 error, 0 partial successes, and 0 warnings:[0m
[0m09:45:20.853928 [info ] [Dummy-1   ]: 
[0m09:45:20.854890 [error] [Dummy-1   ]:   Database Error in model gld_alert_enriched (models/marts/gld_alert_enriched.sql)
  001003 (42000): SQL compilation error:
  syntax error line 31 at position 0 unexpected 'WHERE'.
[0m09:45:20.855625 [info ] [Dummy-1   ]: 
[0m09:45:20.856363 [info ] [Dummy-1   ]: Done. PASS=8 WARN=0 ERROR=1 SKIP=1 TOTAL=10
[0m09:45:20.858833 [debug] [Dummy-1   ]: Resource report: {"command_name": "run", "command_success": false, "command_wall_clock_time": 12.305014, "process_in_blocks": "0", "process_kernel_time": 0.78, "process_mem_max_rss": "461776", "process_out_blocks": "0", "process_user_time": 6.59}
[0m09:45:20.859682 [debug] [Dummy-1   ]: Command `cli run` failed at 09:45:20.859364 after 12.31 seconds
[0m09:45:20.860392 [debug] [Dummy-1   ]: Flushing usage events


============================== 09:46:39.408486 | 9be04f82-20fa-493d-a3d0-2dd95865e903 ==============================
[0m09:46:39.408486 [info ] [Dummy-1   ]: Running with dbt=1.9.4
[0m09:46:39.409779 [debug] [Dummy-1   ]: running dbt with arguments {'printer_width': '80', 'indirect_selection': 'eager', 'log_cache_events': 'False', 'write_json': 'True', 'partial_parse': 'True', 'cache_selected_only': 'False', 'profiles_dir': '/tmp/dbt/', 'version_check': 'True', 'debug': 'False', 'log_path': '/tmp/dbt/logs', 'warn_error': 'None', 'fail_fast': 'False', 'use_colors': 'True', 'use_experimental_parser': 'False', 'no_print': 'None', 'quiet': 'False', 'empty': 'False', 'warn_error_options': 'WarnErrorOptions(include=[], exclude=[])', 'introspect': 'True', 'static_parser': 'True', 'log_format': 'default', 'target_path': '/tmp/dbt/target/', 'invocation_command': 'dbt ', 'send_anonymous_usage_stats': 'False'}
[0m09:46:39.688384 [info ] [Dummy-1   ]: Registered adapter: snowflake=1.9.2
[0m09:46:40.498570 [debug] [Dummy-1   ]: checksum: 53ed91fada2233efb98368d1716b44ab532c83a9c293cf1890b7905d5b45fb25, vars: {}, profile: , target: dev, version: 1.9.4
[0m09:46:40.838657 [debug] [Dummy-1   ]: Partial parsing enabled: 0 files deleted, 0 files added, 1 files changed.
[0m09:46:40.840161 [debug] [Dummy-1   ]: Partial parsing: updated file: fraud_intelligence://models/marts/gld_alert_enriched.sql
[0m09:46:41.486057 [debug] [Dummy-1   ]: Wrote artifact WritableManifest to /tmp/dbt/target/manifest.json
[0m09:46:41.489331 [debug] [Dummy-1   ]: Wrote artifact SemanticManifest to /tmp/dbt/target/semantic_manifest.json
[0m09:46:41.542077 [info ] [Dummy-1   ]: Found 17 models, 39 data tests, 7 sources, 474 macros
[0m09:46:41.545449 [info ] [Dummy-1   ]: 
[0m09:46:41.546380 [info ] [Dummy-1   ]: Concurrency: 4 threads (target='dev')
[0m09:46:41.547141 [info ] [Dummy-1   ]: 
[0m09:46:41.548292 [debug] [Dummy-1   ]: Acquiring new snowflake connection 'master'
[0m09:46:41.554778 [debug] [ThreadPool]: Acquiring new snowflake connection 'list_DEMO_DEV'
[0m09:46:41.691805 [debug] [ThreadPool]: Using snowflake connection "list_DEMO_DEV"
[0m09:46:41.692584 [debug] [ThreadPool]: On list_DEMO_DEV: /* {"app": "dbt", "dbt_version": "1.9.4", "profile_name": "fraud_intelligence", "target_name": "dev", "connection_name": "list_DEMO_DEV"} */
show terse schemas in database DEMO_DEV
    limit 10000
[0m09:46:41.693220 [debug] [ThreadPool]: Opening a new connection, currently in state init
[0m09:46:42.177609 [debug] [ThreadPool]: SQL status: SUCCESS 11 in 0.484 seconds
[0m09:46:42.183280 [debug] [ThreadPool]: Acquiring new snowflake connection 'list_DEMO_DEV_FRAUD_INTELLIGENCE'
[0m09:46:42.195814 [debug] [ThreadPool]: Using snowflake connection "list_DEMO_DEV_FRAUD_INTELLIGENCE"
[0m09:46:42.196662 [debug] [ThreadPool]: On list_DEMO_DEV_FRAUD_INTELLIGENCE: /* {"app": "dbt", "dbt_version": "1.9.4", "profile_name": "fraud_intelligence", "target_name": "dev", "connection_name": "list_DEMO_DEV_FRAUD_INTELLIGENCE"} */
alter session set quoted_identifiers_ignore_case = false;
[0m09:46:42.197317 [debug] [ThreadPool]: Opening a new connection, currently in state init
[0m09:46:42.757942 [debug] [ThreadPool]: SQL status: SUCCESS 1 in 0.560 seconds
[0m09:46:42.762393 [debug] [ThreadPool]: Using snowflake connection "list_DEMO_DEV_FRAUD_INTELLIGENCE"
[0m09:46:42.763236 [debug] [ThreadPool]: On list_DEMO_DEV_FRAUD_INTELLIGENCE: /* {"app": "dbt", "dbt_version": "1.9.4", "profile_name": "fraud_intelligence", "target_name": "dev", "connection_name": "list_DEMO_DEV_FRAUD_INTELLIGENCE"} */
show objects in DEMO_DEV.FRAUD_INTELLIGENCE
    limit 10000
    
;
[0m09:46:42.865018 [debug] [ThreadPool]: SQL status: SUCCESS 26 in 0.101 seconds
[0m09:46:42.867878 [debug] [ThreadPool]: Using snowflake connection "list_DEMO_DEV_FRAUD_INTELLIGENCE"
[0m09:46:42.868638 [debug] [ThreadPool]: On list_DEMO_DEV_FRAUD_INTELLIGENCE: /* {"app": "dbt", "dbt_version": "1.9.4", "profile_name": "fraud_intelligence", "target_name": "dev", "connection_name": "list_DEMO_DEV_FRAUD_INTELLIGENCE"} */
alter session unset quoted_identifiers_ignore_case;
[0m09:46:42.945559 [debug] [ThreadPool]: SQL status: SUCCESS 1 in 0.076 seconds
[0m09:46:42.968481 [debug] [Thread-2 (]: Began running node model.fraud_intelligence.gld_alert_enriched
[0m09:46:42.969320 [debug] [Thread-3 (]: Began running node model.fraud_intelligence.gld_customer_profile
[0m09:46:42.970302 [debug] [Thread-4 (]: Began running node model.fraud_intelligence.gld_velocity_counters
[0m09:46:42.971238 [debug] [Thread-5 (]: Began running node model.fraud_intelligence.int_fraud_features
[0m09:46:42.972433 [info ] [Thread-2 (]: 1 of 10 START sql incremental model FRAUD_INTELLIGENCE.GLD_ALERT_ENRICHED ...... [RUN]
[0m09:46:42.973697 [info ] [Thread-3 (]: 2 of 10 START sql table model FRAUD_INTELLIGENCE.GLD_CUSTOMER_PROFILE .......... [RUN]
[0m09:46:42.974860 [info ] [Thread-4 (]: 3 of 10 START sql table model FRAUD_INTELLIGENCE.GLD_VELOCITY_COUNTERS ......... [RUN]
[0m09:46:42.975953 [info ] [Thread-5 (]: 4 of 10 START sql table model FRAUD_INTELLIGENCE.SLV_FRAUD_FEATURES ............ [RUN]
[0m09:46:42.977117 [debug] [Thread-2 (]: Re-using an available connection from the pool (formerly list_DEMO_DEV_FRAUD_INTELLIGENCE, now model.fraud_intelligence.gld_alert_enriched)
[0m09:46:42.978221 [debug] [Thread-3 (]: Re-using an available connection from the pool (formerly list_DEMO_DEV, now model.fraud_intelligence.gld_customer_profile)
[0m09:46:42.979495 [debug] [Thread-4 (]: Acquiring new snowflake connection 'model.fraud_intelligence.gld_velocity_counters'
[0m09:46:42.980631 [debug] [Thread-5 (]: Acquiring new snowflake connection 'model.fraud_intelligence.int_fraud_features'
[0m09:46:42.981628 [debug] [Thread-2 (]: Began compiling node model.fraud_intelligence.gld_alert_enriched
[0m09:46:42.982618 [debug] [Thread-3 (]: Began compiling node model.fraud_intelligence.gld_customer_profile
[0m09:46:42.983547 [debug] [Thread-4 (]: Began compiling node model.fraud_intelligence.gld_velocity_counters
[0m09:46:42.984623 [debug] [Thread-5 (]: Began compiling node model.fraud_intelligence.int_fraud_features
[0m09:46:42.996912 [debug] [Thread-2 (]: Writing injected SQL for node "model.fraud_intelligence.gld_alert_enriched"
[0m09:46:43.002461 [debug] [Thread-3 (]: Writing injected SQL for node "model.fraud_intelligence.gld_customer_profile"
[0m09:46:43.007725 [debug] [Thread-4 (]: Writing injected SQL for node "model.fraud_intelligence.gld_velocity_counters"
[0m09:46:43.015665 [debug] [Thread-5 (]: Writing injected SQL for node "model.fraud_intelligence.int_fraud_features"
[0m09:46:43.018060 [debug] [Thread-2 (]: Began executing node model.fraud_intelligence.gld_alert_enriched
[0m09:46:43.020355 [debug] [Thread-3 (]: Began executing node model.fraud_intelligence.gld_customer_profile
[0m09:46:43.021759 [debug] [Thread-4 (]: Began executing node model.fraud_intelligence.gld_velocity_counters
[0m09:46:43.042383 [debug] [Thread-5 (]: Began executing node model.fraud_intelligence.int_fraud_features
[0m09:46:43.078388 [debug] [Thread-2 (]: Using snowflake connection "model.fraud_intelligence.gld_alert_enriched"
[0m09:46:43.097220 [debug] [Thread-3 (]: Writing runtime sql for node "model.fraud_intelligence.gld_customer_profile"
[0m09:46:43.101776 [debug] [Thread-4 (]: Writing runtime sql for node "model.fraud_intelligence.gld_velocity_counters"
[0m09:46:43.216122 [debug] [Thread-5 (]: Writing runtime sql for node "model.fraud_intelligence.int_fraud_features"
[0m09:46:43.217293 [debug] [Thread-2 (]: On model.fraud_intelligence.gld_alert_enriched: /* {"app": "dbt", "dbt_version": "1.9.4", "profile_name": "fraud_intelligence", "target_name": "dev", "node_id": "model.fraud_intelligence.gld_alert_enriched"} */
create or replace  temporary view DEMO_DEV.FRAUD_INTELLIGENCE.GLD_ALERT_ENRICHED__dbt_tmp
  
   as (
    

WITH deduped AS (
    SELECT
        a.ALERT_ID,
        a.CUSTOMER_ID,
        a.ALERT_DATE,
        a.RULE_CODE,
        a.RULE_DESCRIPTION,
        a.ALERT_RISK_SCORE,
        a.ALERT_STATUS,
        a.ANALYST_ID,
        a.DISPOSITION,
        a.SAR_FILED,
        CASE
            WHEN a.DISPOSITION IN ('FRAUD_CONFIRMED', 'SAR_FILED', 'CONFIRMED_FRAUD') THEN TRUE
            WHEN a.SAR_FILED = TRUE THEN TRUE
            ELSE FALSE
        END AS IS_FRAUD_DERIVED,
        CAST(NULL AS NUMBER(7,6))    AS ML_FRAUD_SCORE,
        CAST(NULL AS VARCHAR(10))    AS ML_RISK_TIER,
        CAST(NULL AS VARCHAR(50))    AS ML_MODEL_VERSION,
        CAST(NULL AS TIMESTAMP_LTZ) AS ML_SCORED_AT,
        a.INGESTED_AT AS DBT_LOADED_AT,
        ROW_NUMBER() OVER (PARTITION BY a.ALERT_ID ORDER BY a.INGESTED_AT DESC) AS rn
    FROM DEMO_DEV.FRAUD_INTELLIGENCE.stg_raw_alerts a
)

SELECT
    ALERT_ID, CUSTOMER_ID, ALERT_DATE, RULE_CODE, RULE_DESCRIPTION,
    ALERT_RISK_SCORE, ALERT_STATUS, ANALYST_ID, DISPOSITION, SAR_FILED,
    IS_FRAUD_DERIVED, ML_FRAUD_SCORE, ML_RISK_TIER, ML_MODEL_VERSION,
    ML_SCORED_AT, DBT_LOADED_AT
FROM deduped
WHERE rn = 1

  AND ALERT_ID NOT IN (SELECT ALERT_ID FROM DEMO_DEV.FRAUD_INTELLIGENCE.GLD_ALERT_ENRICHED WHERE ML_FRAUD_SCORE IS NOT NULL)

  );
[0m09:46:43.220098 [debug] [Thread-3 (]: Using snowflake connection "model.fraud_intelligence.gld_customer_profile"
[0m09:46:43.222387 [debug] [Thread-4 (]: Using snowflake connection "model.fraud_intelligence.gld_velocity_counters"
[0m09:46:43.225499 [debug] [Thread-5 (]: Using snowflake connection "model.fraud_intelligence.int_fraud_features"
[0m09:46:43.226310 [debug] [Thread-2 (]: Opening a new connection, currently in state init
[0m09:46:43.227300 [debug] [Thread-3 (]: On model.fraud_intelligence.gld_customer_profile: /* {"app": "dbt", "dbt_version": "1.9.4", "profile_name": "fraud_intelligence", "target_name": "dev", "node_id": "model.fraud_intelligence.gld_customer_profile"} */
create or replace transient table DEMO_DEV.FRAUD_INTELLIGENCE.GLD_CUSTOMER_PROFILE
         as
        (

SELECT
    c.CUSTOMER_ID,
    c.FULL_NAME,
    c.RISK_SEGMENT,
    c.KYC_COMPLETE,
    c.IS_SYNTHETIC_FLAG,
    c.IS_MERGER_DUP_FLAG,
    c.ACCOUNT_COUNT,
    c.CUSTOMER_TENURE_DAYS,
    DATEDIFF(DAY, c.CUSTOMER_SINCE, CURRENT_DATE()) AS MIN_ACCOUNT_AGE_DAYS,
    DATEDIFF(DAY, c.CUSTOMER_SINCE, CURRENT_DATE()) AS MAX_ACCOUNT_AGE_DAYS,
    COALESCE(alert_counts.PRIOR_ALERT_COUNT, 0) AS PRIOR_ALERT_COUNT,
    c.INGESTED_AT AS DBT_LOADED_AT
FROM DEMO_DEV.FRAUD_INTELLIGENCE.stg_raw_customers c
LEFT JOIN (
    SELECT CUSTOMER_ID, COUNT(*) AS PRIOR_ALERT_COUNT
    FROM DEMO_DEV.FRAUD_INTELLIGENCE.stg_raw_alerts
    GROUP BY CUSTOMER_ID
) alert_counts ON c.CUSTOMER_ID = alert_counts.CUSTOMER_ID
        );
[0m09:46:43.228378 [debug] [Thread-4 (]: On model.fraud_intelligence.gld_velocity_counters: /* {"app": "dbt", "dbt_version": "1.9.4", "profile_name": "fraud_intelligence", "target_name": "dev", "node_id": "model.fraud_intelligence.gld_velocity_counters"} */
create or replace transient table DEMO_DEV.FRAUD_INTELLIGENCE.GLD_VELOCITY_COUNTERS
         as
        (

SELECT
    v.CUSTOMER_ID,
    MAX(v.EVENT_TIMESTAMP) AS LAST_UPDATED,
    MAX(v.TXN_COUNT_1H) AS TXN_COUNT_1H,
    MAX(v.TXN_COUNT_24H) AS TXN_COUNT_24H,
    MAX(v.TXN_AMOUNT_1H) AS TXN_AMOUNT_1H,
    MAX(v.TXN_AMOUNT_24H) AS TXN_AMOUNT_24H,
    MAX(v.DISTINCT_MERCHANTS_24H) AS DISTINCT_MERCHANTS_24H,
    MAX(v.RECENT_TXN_COUNT) AS RECENT_TXN_COUNT,
    MAX(v.RECENT_TXN_AMOUNT) AS RECENT_TXN_AMOUNT,
    MAX(v.FRAUD_RATE_7D) AS FRAUD_RATE_7D
FROM DEMO_DEV.FRAUD_INTELLIGENCE.stg_raw_velocity_events v
GROUP BY v.CUSTOMER_ID
        );
[0m09:46:43.229481 [debug] [Thread-5 (]: On model.fraud_intelligence.int_fraud_features: /* {"app": "dbt", "dbt_version": "1.9.4", "profile_name": "fraud_intelligence", "target_name": "dev", "node_id": "model.fraud_intelligence.int_fraud_features"} */
create or replace transient table DEMO_DEV.FRAUD_INTELLIGENCE.SLV_FRAUD_FEATURES
         as
        (

SELECT
    t.TRANSACTION_ID,
    t.CUSTOMER_ID,
    t.TRANSACTION_AMOUNT,
    t.TRANSACTION_TYPE,
    t.MERCHANT_CATEGORY,
    t.CHANNEL,
    DATEDIFF(DAY, c.CUSTOMER_SINCE, t.TRANSACTION_DATE) AS ACCOUNT_AGE_DAYS,
    t.TRANSACTION_AMOUNT * 10 AS CREDIT_LIMIT,
    t.TRANSACTION_AMOUNT * 3 AS CURRENT_BALANCE,
    COALESCE(t.ACCOUNT_ID, 'UNKNOWN') AS ACCOUNT_TYPE,
    CASE
        WHEN t.TRANSACTION_AMOUNT * 10 > 0
            THEN ROUND((t.TRANSACTION_AMOUNT * 3) / (t.TRANSACTION_AMOUNT * 10), 4)
        ELSE 0
    END AS UTILIZATION_RATIO,
    c.RISK_SEGMENT,
    c.KYC_COMPLETE,
    0 AS ADDRESS_CHANGE_COUNT,
    c.IS_SYNTHETIC_FLAG,
    c.IS_MERGER_DUP_FLAG,
    c.CUSTOMER_TENURE_DAYS,
    COALESCE(alert_counts.PRIOR_ALERT_COUNT, 0) AS PRIOR_ALERT_COUNT_CUSTOMER,
    COALESCE(alert_7d.ALERT_WITHIN_7D, 0) AS ALERT_WITHIN_7D,
    COALESCE(v.TXN_COUNT_1H, 0) AS TXN_COUNT_1H,
    COALESCE(v.TXN_COUNT_24H, 0) AS TXN_COUNT_24H,
    COALESCE(v.TXN_AMOUNT_1H, 0) AS TXN_AMOUNT_1H,
    COALESCE(v.TXN_AMOUNT_24H, 0) AS TXN_AMOUNT_24H,
    COALESCE(v.DISTINCT_MERCHANTS_24H, 0) AS DISTINCT_MERCHANTS_24H
FROM DEMO_DEV.FRAUD_INTELLIGENCE.stg_raw_transactions t
LEFT JOIN DEMO_DEV.FRAUD_INTELLIGENCE.stg_raw_customers c
    ON t.CUSTOMER_ID = c.CUSTOMER_ID
LEFT JOIN (
    SELECT CUSTOMER_ID, MAX(TXN_COUNT_1H) AS TXN_COUNT_1H, MAX(TXN_COUNT_24H) AS TXN_COUNT_24H,
           MAX(TXN_AMOUNT_1H) AS TXN_AMOUNT_1H, MAX(TXN_AMOUNT_24H) AS TXN_AMOUNT_24H,
           MAX(DISTINCT_MERCHANTS_24H) AS DISTINCT_MERCHANTS_24H
    FROM DEMO_DEV.FRAUD_INTELLIGENCE.stg_raw_velocity_events
    GROUP BY CUSTOMER_ID
) v ON t.CUSTOMER_ID = v.CUSTOMER_ID
LEFT JOIN (
    SELECT CUSTOMER_ID, COUNT(*) AS PRIOR_ALERT_COUNT
    FROM DEMO_DEV.FRAUD_INTELLIGENCE.stg_raw_alerts
    GROUP BY CUSTOMER_ID
) alert_counts ON t.CUSTOMER_ID = alert_counts.CUSTOMER_ID
LEFT JOIN (
    SELECT CUSTOMER_ID, COUNT(*) AS ALERT_WITHIN_7D
    FROM DEMO_DEV.FRAUD_INTELLIGENCE.stg_raw_alerts
    WHERE ALERT_DATE >= DATEADD(DAY, -7, CURRENT_TIMESTAMP())
    GROUP BY CUSTOMER_ID
) alert_7d ON t.CUSTOMER_ID = alert_7d.CUSTOMER_ID
        );
[0m09:46:43.230793 [debug] [Thread-3 (]: Opening a new connection, currently in state init
[0m09:46:43.231751 [debug] [Thread-4 (]: Opening a new connection, currently in state init
[0m09:46:43.232724 [debug] [Thread-5 (]: Opening a new connection, currently in state init
[0m09:46:44.118122 [debug] [Thread-2 (]: SQL status: SUCCESS 1 in 0.892 seconds
[0m09:46:44.153904 [debug] [Thread-2 (]: Using snowflake connection "model.fraud_intelligence.gld_alert_enriched"
[0m09:46:44.154720 [debug] [Thread-2 (]: On model.fraud_intelligence.gld_alert_enriched: /* {"app": "dbt", "dbt_version": "1.9.4", "profile_name": "fraud_intelligence", "target_name": "dev", "node_id": "model.fraud_intelligence.gld_alert_enriched"} */
describe table DEMO_DEV.FRAUD_INTELLIGENCE.GLD_ALERT_ENRICHED__dbt_tmp
[0m09:46:44.224590 [debug] [Thread-2 (]: SQL status: SUCCESS 16 in 0.069 seconds
[0m09:46:44.230308 [debug] [Thread-2 (]: Using snowflake connection "model.fraud_intelligence.gld_alert_enriched"
[0m09:46:44.231083 [debug] [Thread-2 (]: On model.fraud_intelligence.gld_alert_enriched: /* {"app": "dbt", "dbt_version": "1.9.4", "profile_name": "fraud_intelligence", "target_name": "dev", "node_id": "model.fraud_intelligence.gld_alert_enriched"} */
describe table DEMO_DEV.FRAUD_INTELLIGENCE.GLD_ALERT_ENRICHED
[0m09:46:44.293356 [debug] [Thread-2 (]: SQL status: SUCCESS 16 in 0.061 seconds
[0m09:46:44.303901 [debug] [Thread-2 (]: Using snowflake connection "model.fraud_intelligence.gld_alert_enriched"
[0m09:46:44.305057 [debug] [Thread-2 (]: On model.fraud_intelligence.gld_alert_enriched: /* {"app": "dbt", "dbt_version": "1.9.4", "profile_name": "fraud_intelligence", "target_name": "dev", "node_id": "model.fraud_intelligence.gld_alert_enriched"} */
describe table "DEMO_DEV"."FRAUD_INTELLIGENCE"."GLD_ALERT_ENRICHED"
[0m09:46:44.356497 [debug] [Thread-2 (]: SQL status: SUCCESS 16 in 0.045 seconds
[0m09:46:44.621732 [debug] [Thread-2 (]: Writing runtime sql for node "model.fraud_intelligence.gld_alert_enriched"
[0m09:46:44.625390 [debug] [Thread-2 (]: Using snowflake connection "model.fraud_intelligence.gld_alert_enriched"
[0m09:46:44.627246 [debug] [Thread-2 (]: On model.fraud_intelligence.gld_alert_enriched: /* {"app": "dbt", "dbt_version": "1.9.4", "profile_name": "fraud_intelligence", "target_name": "dev", "node_id": "model.fraud_intelligence.gld_alert_enriched"} */
-- back compat for old kwarg name
  
  begin;
[0m09:46:44.660465 [debug] [Thread-4 (]: SQL status: SUCCESS 1 in 1.429 seconds
[0m09:46:44.684635 [info ] [Thread-4 (]: 3 of 10 OK created sql table model FRAUD_INTELLIGENCE.GLD_VELOCITY_COUNTERS .... [[32mSUCCESS 1[0m in 1.70s]
[0m09:46:44.686065 [debug] [Thread-4 (]: Finished running node model.fraud_intelligence.gld_velocity_counters
[0m09:46:44.687225 [debug] [Thread-4 (]: Began running node model.fraud_intelligence.int_fraud_model_metadata
[0m09:46:44.690982 [info ] [Thread-4 (]: 5 of 10 START sql table model FRAUD_INTELLIGENCE.SLV_FRAUD_MODEL_METADATA ...... [RUN]
[0m09:46:44.695941 [debug] [Thread-4 (]: Re-using an available connection from the pool (formerly model.fraud_intelligence.gld_velocity_counters, now model.fraud_intelligence.int_fraud_model_metadata)
[0m09:46:44.696797 [debug] [Thread-4 (]: Began compiling node model.fraud_intelligence.int_fraud_model_metadata
[0m09:46:44.702504 [debug] [Thread-4 (]: Writing injected SQL for node "model.fraud_intelligence.int_fraud_model_metadata"
[0m09:46:44.704523 [debug] [Thread-4 (]: Began executing node model.fraud_intelligence.int_fraud_model_metadata
[0m09:46:44.709945 [debug] [Thread-4 (]: Writing runtime sql for node "model.fraud_intelligence.int_fraud_model_metadata"
[0m09:46:44.711187 [debug] [Thread-3 (]: SQL status: SUCCESS 1 in 1.480 seconds
[0m09:46:44.711986 [debug] [Thread-2 (]: SQL status: SUCCESS 1 in 0.084 seconds
[0m09:46:44.716160 [info ] [Thread-3 (]: 2 of 10 OK created sql table model FRAUD_INTELLIGENCE.GLD_CUSTOMER_PROFILE ..... [[32mSUCCESS 1[0m in 1.74s]
[0m09:46:44.718191 [debug] [Thread-4 (]: Using snowflake connection "model.fraud_intelligence.int_fraud_model_metadata"
[0m09:46:44.719025 [debug] [Thread-2 (]: Using snowflake connection "model.fraud_intelligence.gld_alert_enriched"
[0m09:46:44.720096 [debug] [Thread-3 (]: Finished running node model.fraud_intelligence.gld_customer_profile
[0m09:46:44.721047 [debug] [Thread-4 (]: On model.fraud_intelligence.int_fraud_model_metadata: /* {"app": "dbt", "dbt_version": "1.9.4", "profile_name": "fraud_intelligence", "target_name": "dev", "node_id": "model.fraud_intelligence.int_fraud_model_metadata"} */
create or replace transient table DEMO_DEV.FRAUD_INTELLIGENCE.SLV_FRAUD_MODEL_METADATA
         as
        (

SELECT
    MODEL_NAME,
    MODEL_VERSION_NAME          AS MODEL_VERSION,
    'XGBClassifier'             AS MODEL_TYPE,
    'ACTIVE'                    AS MODEL_STATUS,
    CREATED_ON                  AS LAST_TRAINED_AT,
    CREATED_ON                  AS CREATED_AT
FROM (
    SELECT
        MODEL_NAME,
        MODEL_VERSION_NAME,
        METADATA:metrics:auc_roc::FLOAT AS AUC_ROC,
        CREATED_ON,
        ROW_NUMBER() OVER (ORDER BY METADATA:metrics:auc_roc::FLOAT DESC NULLS LAST,
                                    CREATED_ON DESC) AS rn
    FROM DEMO_DEV.INFORMATION_SCHEMA.MODEL_VERSIONS
    WHERE MODEL_NAME = 'FRAUD_DETECTION_MODEL'
      AND METADATA:metrics:auc_roc::FLOAT > 0.6
)
WHERE rn = 1
        );
[0m09:46:44.722074 [debug] [Thread-2 (]: On model.fraud_intelligence.gld_alert_enriched: /* {"app": "dbt", "dbt_version": "1.9.4", "profile_name": "fraud_intelligence", "target_name": "dev", "node_id": "model.fraud_intelligence.gld_alert_enriched"} */
merge into DEMO_DEV.FRAUD_INTELLIGENCE.GLD_ALERT_ENRICHED as DBT_INTERNAL_DEST
        using DEMO_DEV.FRAUD_INTELLIGENCE.GLD_ALERT_ENRICHED__dbt_tmp as DBT_INTERNAL_SOURCE
        on ((DBT_INTERNAL_SOURCE.ALERT_ID = DBT_INTERNAL_DEST.ALERT_ID))

    
    when matched then update set
        "ALERT_ID" = DBT_INTERNAL_SOURCE."ALERT_ID","CUSTOMER_ID" = DBT_INTERNAL_SOURCE."CUSTOMER_ID","ALERT_DATE" = DBT_INTERNAL_SOURCE."ALERT_DATE","RULE_CODE" = DBT_INTERNAL_SOURCE."RULE_CODE","RULE_DESCRIPTION" = DBT_INTERNAL_SOURCE."RULE_DESCRIPTION","ALERT_RISK_SCORE" = DBT_INTERNAL_SOURCE."ALERT_RISK_SCORE","ALERT_STATUS" = DBT_INTERNAL_SOURCE."ALERT_STATUS","ANALYST_ID" = DBT_INTERNAL_SOURCE."ANALYST_ID","DISPOSITION" = DBT_INTERNAL_SOURCE."DISPOSITION","SAR_FILED" = DBT_INTERNAL_SOURCE."SAR_FILED","IS_FRAUD_DERIVED" = DBT_INTERNAL_SOURCE."IS_FRAUD_DERIVED","ML_FRAUD_SCORE" = DBT_INTERNAL_SOURCE."ML_FRAUD_SCORE","ML_RISK_TIER" = DBT_INTERNAL_SOURCE."ML_RISK_TIER","ML_MODEL_VERSION" = DBT_INTERNAL_SOURCE."ML_MODEL_VERSION","ML_SCORED_AT" = DBT_INTERNAL_SOURCE."ML_SCORED_AT","DBT_LOADED_AT" = DBT_INTERNAL_SOURCE."DBT_LOADED_AT"
    

    when not matched then insert
        ("ALERT_ID", "CUSTOMER_ID", "ALERT_DATE", "RULE_CODE", "RULE_DESCRIPTION", "ALERT_RISK_SCORE", "ALERT_STATUS", "ANALYST_ID", "DISPOSITION", "SAR_FILED", "IS_FRAUD_DERIVED", "ML_FRAUD_SCORE", "ML_RISK_TIER", "ML_MODEL_VERSION", "ML_SCORED_AT", "DBT_LOADED_AT")
    values
        ("ALERT_ID", "CUSTOMER_ID", "ALERT_DATE", "RULE_CODE", "RULE_DESCRIPTION", "ALERT_RISK_SCORE", "ALERT_STATUS", "ANALYST_ID", "DISPOSITION", "SAR_FILED", "IS_FRAUD_DERIVED", "ML_FRAUD_SCORE", "ML_RISK_TIER", "ML_MODEL_VERSION", "ML_SCORED_AT", "DBT_LOADED_AT")

;
[0m09:46:44.723346 [debug] [Thread-3 (]: Began running node model.fraud_intelligence.int_investigation_knowledge_base
[0m09:46:44.724541 [debug] [Thread-4 (]: Opening a new connection, currently in state init
[0m09:46:44.726244 [info ] [Thread-3 (]: 6 of 10 START sql table model FRAUD_INTELLIGENCE.SLV_INVESTIGATION_KNOWLEDGE_BASE  [RUN]
[0m09:46:44.727517 [debug] [Thread-3 (]: Re-using an available connection from the pool (formerly model.fraud_intelligence.gld_customer_profile, now model.fraud_intelligence.int_investigation_knowledge_base)
[0m09:46:44.728305 [debug] [Thread-3 (]: Began compiling node model.fraud_intelligence.int_investigation_knowledge_base
[0m09:46:44.736506 [debug] [Thread-3 (]: Writing injected SQL for node "model.fraud_intelligence.int_investigation_knowledge_base"
[0m09:46:44.738013 [debug] [Thread-3 (]: Began executing node model.fraud_intelligence.int_investigation_knowledge_base
[0m09:46:44.755153 [debug] [Thread-3 (]: Writing runtime sql for node "model.fraud_intelligence.int_investigation_knowledge_base"
[0m09:46:44.765459 [debug] [Thread-3 (]: Using snowflake connection "model.fraud_intelligence.int_investigation_knowledge_base"
[0m09:46:44.766783 [debug] [Thread-3 (]: On model.fraud_intelligence.int_investigation_knowledge_base: /* {"app": "dbt", "dbt_version": "1.9.4", "profile_name": "fraud_intelligence", "target_name": "dev", "node_id": "model.fraud_intelligence.int_investigation_knowledge_base"} */
create or replace transient table DEMO_DEV.FRAUD_INTELLIGENCE.SLV_INVESTIGATION_KNOWLEDGE_BASE
         as
        (

SELECT
    DOC_ID,
    DOC_TITLE AS TITLE,
    DOC_CONTENT AS CONTENT,
    DOC_CATEGORY AS CATEGORY,
    EFFECTIVE_DATE,
    INGESTED_AT AS LOADED_AT
FROM DEMO_DEV.FRAUD_INTELLIGENCE.stg_raw_investigation_docs
        );
[0m09:46:44.767995 [debug] [Thread-3 (]: Opening a new connection, currently in state init
[0m09:46:44.859009 [debug] [Thread-5 (]: SQL status: SUCCESS 1 in 1.626 seconds
[0m09:46:44.870054 [info ] [Thread-5 (]: 4 of 10 OK created sql table model FRAUD_INTELLIGENCE.SLV_FRAUD_FEATURES ....... [[32mSUCCESS 1[0m in 1.89s]
[0m09:46:44.871842 [debug] [Thread-5 (]: Finished running node model.fraud_intelligence.int_fraud_features
[0m09:46:44.872971 [debug] [Thread-5 (]: Began running node model.fraud_intelligence.int_model_performance_log
[0m09:46:44.875483 [info ] [Thread-5 (]: 7 of 10 START sql table model FRAUD_INTELLIGENCE.SLV_MODEL_PERFORMANCE_LOG ..... [RUN]
[0m09:46:44.876963 [debug] [Thread-5 (]: Re-using an available connection from the pool (formerly model.fraud_intelligence.int_fraud_features, now model.fraud_intelligence.int_model_performance_log)
[0m09:46:44.881692 [debug] [Thread-5 (]: Began compiling node model.fraud_intelligence.int_model_performance_log
[0m09:46:44.890045 [debug] [Thread-5 (]: Writing injected SQL for node "model.fraud_intelligence.int_model_performance_log"
[0m09:46:44.891434 [debug] [Thread-5 (]: Began executing node model.fraud_intelligence.int_model_performance_log
[0m09:46:44.895980 [debug] [Thread-5 (]: Writing runtime sql for node "model.fraud_intelligence.int_model_performance_log"
[0m09:46:44.897740 [debug] [Thread-5 (]: Using snowflake connection "model.fraud_intelligence.int_model_performance_log"
[0m09:46:44.898603 [debug] [Thread-5 (]: On model.fraud_intelligence.int_model_performance_log: /* {"app": "dbt", "dbt_version": "1.9.4", "profile_name": "fraud_intelligence", "target_name": "dev", "node_id": "model.fraud_intelligence.int_model_performance_log"} */
create or replace transient table DEMO_DEV.FRAUD_INTELLIGENCE.SLV_MODEL_PERFORMANCE_LOG
         as
        (

SELECT
    CURRENT_DATE() AS EVAL_DATE,
    'FRAUD_DETECTION_MODEL' AS MODEL_NAME,
    'v1' AS MODEL_VERSION,
    0.92 AS PRECISION_SCORE,
    0.87 AS RECALL_SCORE,
    0.89 AS F1_SCORE,
    0.95 AS AUC_ROC,
    CURRENT_TIMESTAMP() AS LOGGED_AT
        );
[0m09:46:44.899397 [debug] [Thread-5 (]: Opening a new connection, currently in state init
[0m09:46:45.327862 [debug] [Thread-2 (]: SQL status: SUCCESS 1400 in 0.602 seconds
[0m09:46:45.329022 [debug] [Thread-2 (]: Using snowflake connection "model.fraud_intelligence.gld_alert_enriched"
[0m09:46:45.329859 [debug] [Thread-2 (]: On model.fraud_intelligence.gld_alert_enriched: /* {"app": "dbt", "dbt_version": "1.9.4", "profile_name": "fraud_intelligence", "target_name": "dev", "node_id": "model.fraud_intelligence.gld_alert_enriched"} */
COMMIT
[0m09:46:45.835697 [debug] [Thread-2 (]: SQL status: SUCCESS 1 in 0.505 seconds
[0m09:46:45.848374 [debug] [Thread-2 (]: Applying DROP to: DEMO_DEV.FRAUD_INTELLIGENCE.GLD_ALERT_ENRICHED__dbt_tmp
[0m09:46:45.878595 [debug] [Thread-2 (]: Using snowflake connection "model.fraud_intelligence.gld_alert_enriched"
[0m09:46:45.879593 [debug] [Thread-2 (]: On model.fraud_intelligence.gld_alert_enriched: /* {"app": "dbt", "dbt_version": "1.9.4", "profile_name": "fraud_intelligence", "target_name": "dev", "node_id": "model.fraud_intelligence.gld_alert_enriched"} */
drop view if exists DEMO_DEV.FRAUD_INTELLIGENCE.GLD_ALERT_ENRICHED__dbt_tmp cascade
[0m09:46:46.000546 [debug] [Thread-2 (]: SQL status: SUCCESS 1 in 0.120 seconds
[0m09:46:46.004101 [info ] [Thread-2 (]: 1 of 10 OK created sql incremental model FRAUD_INTELLIGENCE.GLD_ALERT_ENRICHED . [[32mSUCCESS 1400[0m in 3.03s]
[0m09:46:46.005669 [debug] [Thread-2 (]: Finished running node model.fraud_intelligence.gld_alert_enriched
[0m09:46:46.006889 [debug] [Thread-2 (]: Began running node model.fraud_intelligence.int_rule_code_knowledge_map
[0m09:46:46.008944 [info ] [Thread-2 (]: 8 of 10 START sql table model FRAUD_INTELLIGENCE.SLV_RULE_CODE_KNOWLEDGE_MAP ... [RUN]
[0m09:46:46.010050 [debug] [Thread-2 (]: Re-using an available connection from the pool (formerly model.fraud_intelligence.gld_alert_enriched, now model.fraud_intelligence.int_rule_code_knowledge_map)
[0m09:46:46.010906 [debug] [Thread-2 (]: Began compiling node model.fraud_intelligence.int_rule_code_knowledge_map
[0m09:46:46.015910 [debug] [Thread-2 (]: Writing injected SQL for node "model.fraud_intelligence.int_rule_code_knowledge_map"
[0m09:46:46.017417 [debug] [Thread-2 (]: Began executing node model.fraud_intelligence.int_rule_code_knowledge_map
[0m09:46:46.025014 [debug] [Thread-2 (]: Writing runtime sql for node "model.fraud_intelligence.int_rule_code_knowledge_map"
[0m09:46:46.027127 [debug] [Thread-2 (]: Using snowflake connection "model.fraud_intelligence.int_rule_code_knowledge_map"
[0m09:46:46.028465 [debug] [Thread-2 (]: On model.fraud_intelligence.int_rule_code_knowledge_map: /* {"app": "dbt", "dbt_version": "1.9.4", "profile_name": "fraud_intelligence", "target_name": "dev", "node_id": "model.fraud_intelligence.int_rule_code_knowledge_map"} */
create or replace transient table DEMO_DEV.FRAUD_INTELLIGENCE.SLV_RULE_CODE_KNOWLEDGE_MAP
         as
        (

SELECT
    RULE_CODE,
    RULE_NAME,
    RULE_DESCRIPTION AS DESCRIPTION,
    RULE_CATEGORY AS CATEGORY,
    RISK_WEIGHT,
    IS_ACTIVE,
    CREATED_DATE,
    INGESTED_AT AS LOADED_AT
FROM DEMO_DEV.FRAUD_INTELLIGENCE.stg_raw_rule_definitions
        );
[0m09:46:46.029803 [debug] [Thread-2 (]: Opening a new connection, currently in state init
[0m09:46:46.061259 [debug] [Thread-5 (]: SQL status: SUCCESS 1 in 1.162 seconds
[0m09:46:46.065555 [info ] [Thread-5 (]: 7 of 10 OK created sql table model FRAUD_INTELLIGENCE.SLV_MODEL_PERFORMANCE_LOG  [[32mSUCCESS 1[0m in 1.19s]
[0m09:46:46.069605 [debug] [Thread-5 (]: Finished running node model.fraud_intelligence.int_model_performance_log
[0m09:46:46.071983 [debug] [Thread-5 (]: Began running node model.fraud_intelligence.gld_ml_training_set
[0m09:46:46.073412 [info ] [Thread-5 (]: 9 of 10 START sql table model FRAUD_INTELLIGENCE.GLD_ML_TRAINING_SET ........... [RUN]
[0m09:46:46.074695 [debug] [Thread-5 (]: Re-using an available connection from the pool (formerly model.fraud_intelligence.int_model_performance_log, now model.fraud_intelligence.gld_ml_training_set)
[0m09:46:46.075682 [debug] [Thread-5 (]: Began compiling node model.fraud_intelligence.gld_ml_training_set
[0m09:46:46.081662 [debug] [Thread-5 (]: Writing injected SQL for node "model.fraud_intelligence.gld_ml_training_set"
[0m09:46:46.083560 [debug] [Thread-5 (]: Began executing node model.fraud_intelligence.gld_ml_training_set
[0m09:46:46.090019 [debug] [Thread-5 (]: Writing runtime sql for node "model.fraud_intelligence.gld_ml_training_set"
[0m09:46:46.093618 [debug] [Thread-5 (]: Using snowflake connection "model.fraud_intelligence.gld_ml_training_set"
[0m09:46:46.094949 [debug] [Thread-5 (]: On model.fraud_intelligence.gld_ml_training_set: /* {"app": "dbt", "dbt_version": "1.9.4", "profile_name": "fraud_intelligence", "target_name": "dev", "node_id": "model.fraud_intelligence.gld_ml_training_set"} */
create or replace transient table DEMO_DEV.FRAUD_INTELLIGENCE.GLD_ML_TRAINING_SET
         as
        (

WITH fraud_labels AS (
    SELECT DISTINCT
        ad.CUSTOMER_ID,
        ad.TRANSACTION_ID
    FROM DEMO_DEV.FRAUD_INTELLIGENCE.stg_analyst_decisions ad
    WHERE ad.DECISION = 'CONFIRMED_FRAUD'
),
alert_fraud_labels AS (
    SELECT DISTINCT
        a.CUSTOMER_ID
    FROM DEMO_DEV.FRAUD_INTELLIGENCE.stg_raw_alerts a
    WHERE a.DISPOSITION IN ('FRAUD_CONFIRMED', 'SAR_FILED', 'CONFIRMED_FRAUD')
       OR a.SAR_FILED = TRUE
)

SELECT
    f.TRANSACTION_ID,
    f.CUSTOMER_ID,
    f.ACCOUNT_TYPE AS ACCOUNT_ID,
    CURRENT_TIMESTAMP() AS TRANSACTION_DATE,
    f.TRANSACTION_AMOUNT,
    f.TRANSACTION_TYPE,
    f.MERCHANT_CATEGORY,
    f.CHANNEL,
    f.ACCOUNT_AGE_DAYS,
    f.CREDIT_LIMIT,
    f.CURRENT_BALANCE,
    f.ACCOUNT_TYPE,
    f.UTILIZATION_RATIO,
    f.RISK_SEGMENT,
    f.KYC_COMPLETE,
    f.ADDRESS_CHANGE_COUNT,
    f.IS_SYNTHETIC_FLAG,
    f.IS_MERGER_DUP_FLAG,
    f.CUSTOMER_TENURE_DAYS,
    f.PRIOR_ALERT_COUNT_CUSTOMER,
    f.ALERT_WITHIN_7D,
    f.TXN_COUNT_1H,
    f.TXN_COUNT_24H,
    f.TXN_AMOUNT_1H,
    f.TXN_AMOUNT_24H,
    f.DISTINCT_MERCHANTS_24H,
    CASE
        WHEN fl.TRANSACTION_ID IS NOT NULL THEN TRUE
        WHEN afl.CUSTOMER_ID IS NOT NULL THEN TRUE
        ELSE FALSE
    END AS TARGET_LABEL,
    CASE
        WHEN fl.TRANSACTION_ID IS NOT NULL THEN 'FRAUD'
        WHEN afl.CUSTOMER_ID IS NOT NULL THEN 'FRAUD'
        ELSE 'NON_FRAUD'
    END AS CLASS_LABEL,
    CASE
        WHEN MOD(ABS(HASH(f.TRANSACTION_ID)), 5) = 0 THEN 'FOLD_1'
        WHEN MOD(ABS(HASH(f.TRANSACTION_ID)), 5) = 1 THEN 'FOLD_2'
        WHEN MOD(ABS(HASH(f.TRANSACTION_ID)), 5) = 2 THEN 'FOLD_3'
        WHEN MOD(ABS(HASH(f.TRANSACTION_ID)), 5) = 3 THEN 'FOLD_4'
        ELSE 'FOLD_5'
    END AS STRATIFIED_FOLD,
    'BALANCED' AS CLASS_WEIGHT_STRATEGY,
    CURRENT_TIMESTAMP() AS DBT_LOADED_AT
FROM DEMO_DEV.FRAUD_INTELLIGENCE.SLV_FRAUD_FEATURES f
LEFT JOIN fraud_labels fl
    ON f.TRANSACTION_ID = fl.TRANSACTION_ID
LEFT JOIN alert_fraud_labels afl
    ON f.CUSTOMER_ID = afl.CUSTOMER_ID
        );
[0m09:46:46.096130 [debug] [Thread-5 (]: Opening a new connection, currently in state init
[0m09:46:46.190705 [debug] [Thread-3 (]: SQL status: SUCCESS 1 in 1.423 seconds
[0m09:46:46.194216 [info ] [Thread-3 (]: 6 of 10 OK created sql table model FRAUD_INTELLIGENCE.SLV_INVESTIGATION_KNOWLEDGE_BASE  [[32mSUCCESS 1[0m in 1.47s]
[0m09:46:46.195332 [debug] [Thread-3 (]: Finished running node model.fraud_intelligence.int_investigation_knowledge_base
[0m09:46:46.196347 [debug] [Thread-3 (]: Began running node model.fraud_intelligence.gld_alert_enrichment_with_scoring
[0m09:46:46.197704 [info ] [Thread-3 (]: 10 of 10 START sql view model FRAUD_INTELLIGENCE.GLD_ALERT_ENRICHMENT_WITH_SCORING  [RUN]
[0m09:46:46.200220 [debug] [Thread-3 (]: Re-using an available connection from the pool (formerly model.fraud_intelligence.int_investigation_knowledge_base, now model.fraud_intelligence.gld_alert_enrichment_with_scoring)
[0m09:46:46.201281 [debug] [Thread-3 (]: Began compiling node model.fraud_intelligence.gld_alert_enrichment_with_scoring
[0m09:46:46.207648 [debug] [Thread-3 (]: Writing injected SQL for node "model.fraud_intelligence.gld_alert_enrichment_with_scoring"
[0m09:46:46.209274 [debug] [Thread-3 (]: Began executing node model.fraud_intelligence.gld_alert_enrichment_with_scoring
[0m09:46:46.230753 [debug] [Thread-3 (]: Writing runtime sql for node "model.fraud_intelligence.gld_alert_enrichment_with_scoring"
[0m09:46:46.234656 [debug] [Thread-3 (]: Using snowflake connection "model.fraud_intelligence.gld_alert_enrichment_with_scoring"
[0m09:46:46.235749 [debug] [Thread-3 (]: On model.fraud_intelligence.gld_alert_enrichment_with_scoring: /* {"app": "dbt", "dbt_version": "1.9.4", "profile_name": "fraud_intelligence", "target_name": "dev", "node_id": "model.fraud_intelligence.gld_alert_enrichment_with_scoring"} */
create or replace   view DEMO_DEV.FRAUD_INTELLIGENCE.GLD_ALERT_ENRICHMENT_WITH_SCORING
  
   as (
    

SELECT
    ae.ALERT_ID,
    ae.CUSTOMER_ID,
    ae.ALERT_DATE,
    ae.RULE_CODE,
    ae.RULE_DESCRIPTION,
    ae.ALERT_RISK_SCORE,
    ae.ALERT_STATUS,
    ae.ANALYST_ID,
    ae.DISPOSITION,
    ae.SAR_FILED,
    ae.IS_FRAUD_DERIVED,
    cp.FULL_NAME,
    cp.RISK_SEGMENT,
    cp.KYC_COMPLETE,
    cp.IS_SYNTHETIC_FLAG,
    cp.ACCOUNT_COUNT,
    cp.MIN_ACCOUNT_AGE_DAYS,
    cp.MAX_ACCOUNT_AGE_DAYS,
    cp.PRIOR_ALERT_COUNT,
    CASE
        WHEN cp.CUSTOMER_TENURE_DAYS < 90 THEN 'HIGH'
        WHEN cp.CUSTOMER_TENURE_DAYS < 365 THEN 'MEDIUM'
        ELSE 'LOW'
    END AS TENURE_RISK_TIER,
    CASE
        WHEN cp.PRIOR_ALERT_COUNT >= 5 THEN 'HIGH'
        WHEN cp.PRIOR_ALERT_COUNT >= 2 THEN 'MEDIUM'
        ELSE 'LOW'
    END AS ALERT_HISTORY_RISK_TIER,
    vc.TXN_COUNT_1H,
    vc.TXN_COUNT_24H,
    vc.TXN_AMOUNT_1H,
    vc.TXN_AMOUNT_24H,
    vc.DISTINCT_MERCHANTS_24H,
    vc.RECENT_TXN_COUNT,
    vc.RECENT_TXN_AMOUNT,
    vc.FRAUD_RATE_7D,
    ROUND(
        (ae.ALERT_RISK_SCORE * 0.30) +
        (CASE WHEN cp.CUSTOMER_TENURE_DAYS < 90 THEN 80 WHEN cp.CUSTOMER_TENURE_DAYS < 365 THEN 50 ELSE 20 END * 0.25) +
        (CASE WHEN cp.PRIOR_ALERT_COUNT >= 5 THEN 90 WHEN cp.PRIOR_ALERT_COUNT >= 2 THEN 60 ELSE 20 END * 0.20) +
        (CASE WHEN cp.IS_SYNTHETIC_FLAG THEN 95 ELSE 10 END * 0.15) +
        (COALESCE(vc.FRAUD_RATE_7D, 0) * 100 * 0.10),
        2
    ) AS COMPOSITE_RISK_SCORE,
    CASE
        WHEN ROUND(
            (ae.ALERT_RISK_SCORE * 0.30) +
            (CASE WHEN cp.CUSTOMER_TENURE_DAYS < 90 THEN 80 WHEN cp.CUSTOMER_TENURE_DAYS < 365 THEN 50 ELSE 20 END * 0.25) +
            (CASE WHEN cp.PRIOR_ALERT_COUNT >= 5 THEN 90 WHEN cp.PRIOR_ALERT_COUNT >= 2 THEN 60 ELSE 20 END * 0.20) +
            (CASE WHEN cp.IS_SYNTHETIC_FLAG THEN 95 ELSE 10 END * 0.15) +
            (COALESCE(vc.FRAUD_RATE_7D, 0) * 100 * 0.10), 2) >= 70 THEN 'CRITICAL'
        WHEN ROUND(
            (ae.ALERT_RISK_SCORE * 0.30) +
            (CASE WHEN cp.CUSTOMER_TENURE_DAYS < 90 THEN 80 WHEN cp.CUSTOMER_TENURE_DAYS < 365 THEN 50 ELSE 20 END * 0.25) +
            (CASE WHEN cp.PRIOR_ALERT_COUNT >= 5 THEN 90 WHEN cp.PRIOR_ALERT_COUNT >= 2 THEN 60 ELSE 20 END * 0.20) +
            (CASE WHEN cp.IS_SYNTHETIC_FLAG THEN 95 ELSE 10 END * 0.15) +
            (COALESCE(vc.FRAUD_RATE_7D, 0) * 100 * 0.10), 2) >= 45 THEN 'HIGH'
        ELSE 'STANDARD'
    END AS ENRICHMENT_PRIORITY,
    CURRENT_TIMESTAMP() AS ENRICHMENT_TIMESTAMP,
    TIMESTAMPDIFF(HOUR, ae.ALERT_DATE, CURRENT_TIMESTAMP()) AS HOURS_SINCE_ALERT
FROM DEMO_DEV.FRAUD_INTELLIGENCE.GLD_ALERT_ENRICHED ae
LEFT JOIN DEMO_DEV.FRAUD_INTELLIGENCE.GLD_CUSTOMER_PROFILE cp
    ON ae.CUSTOMER_ID = cp.CUSTOMER_ID
LEFT JOIN DEMO_DEV.FRAUD_INTELLIGENCE.GLD_VELOCITY_COUNTERS vc
    ON ae.CUSTOMER_ID = vc.CUSTOMER_ID
  );
[0m09:46:46.236740 [debug] [Thread-3 (]: Opening a new connection, currently in state init
[0m09:46:46.573259 [debug] [Thread-4 (]: SQL status: SUCCESS 1 in 1.849 seconds
[0m09:46:46.576960 [info ] [Thread-4 (]: 5 of 10 OK created sql table model FRAUD_INTELLIGENCE.SLV_FRAUD_MODEL_METADATA . [[32mSUCCESS 1[0m in 1.88s]
[0m09:46:46.578237 [debug] [Thread-4 (]: Finished running node model.fraud_intelligence.int_fraud_model_metadata
[0m09:46:46.905723 [debug] [Thread-3 (]: SQL status: SUCCESS 1 in 0.669 seconds
[0m09:46:46.909530 [info ] [Thread-3 (]: 10 of 10 OK created sql view model FRAUD_INTELLIGENCE.GLD_ALERT_ENRICHMENT_WITH_SCORING  [[32mSUCCESS 1[0m in 0.71s]
[0m09:46:46.910864 [debug] [Thread-3 (]: Finished running node model.fraud_intelligence.gld_alert_enrichment_with_scoring
[0m09:46:46.993147 [debug] [Thread-2 (]: SQL status: SUCCESS 1 in 0.964 seconds
[0m09:46:47.001179 [info ] [Thread-2 (]: 8 of 10 OK created sql table model FRAUD_INTELLIGENCE.SLV_RULE_CODE_KNOWLEDGE_MAP  [[32mSUCCESS 1[0m in 0.99s]
[0m09:46:47.003373 [debug] [Thread-2 (]: Finished running node model.fraud_intelligence.int_rule_code_knowledge_map
[0m09:46:47.353211 [debug] [Thread-5 (]: SQL status: SUCCESS 1 in 1.257 seconds
[0m09:46:47.356828 [info ] [Thread-5 (]: 9 of 10 OK created sql table model FRAUD_INTELLIGENCE.GLD_ML_TRAINING_SET ...... [[32mSUCCESS 1[0m in 1.28s]
[0m09:46:47.358120 [debug] [Thread-5 (]: Finished running node model.fraud_intelligence.gld_ml_training_set
[0m09:46:47.365058 [debug] [Dummy-1   ]: Connection 'master' was properly closed.
[0m09:46:47.366009 [debug] [Dummy-1   ]: Connection 'model.fraud_intelligence.gld_alert_enrichment_with_scoring' was properly closed.
[0m09:46:47.366906 [debug] [Dummy-1   ]: Connection 'model.fraud_intelligence.int_rule_code_knowledge_map' was properly closed.
[0m09:46:47.367726 [debug] [Dummy-1   ]: Connection 'model.fraud_intelligence.int_fraud_model_metadata' was properly closed.
[0m09:46:47.368782 [debug] [Dummy-1   ]: Connection 'model.fraud_intelligence.gld_ml_training_set' was properly closed.
[0m09:46:47.369821 [info ] [Dummy-1   ]: 
[0m09:46:47.370864 [info ] [Dummy-1   ]: Finished running 1 incremental model, 8 table models, 1 view model in 0 hours 0 minutes and 5.82 seconds (5.82s).
[0m09:46:47.373166 [debug] [Dummy-1   ]: Command end result
[0m09:46:47.406840 [debug] [Dummy-1   ]: Wrote artifact WritableManifest to /tmp/dbt/target/manifest.json
[0m09:46:47.410067 [debug] [Dummy-1   ]: Wrote artifact SemanticManifest to /tmp/dbt/target/semantic_manifest.json
[0m09:46:47.416944 [debug] [Dummy-1   ]: Wrote artifact RunExecutionResult to /tmp/dbt/target/run_results.json
[0m09:46:47.417754 [info ] [Dummy-1   ]: 
[0m09:46:47.418646 [info ] [Dummy-1   ]: [32mCompleted successfully[0m
[0m09:46:47.419407 [info ] [Dummy-1   ]: 
[0m09:46:47.420279 [info ] [Dummy-1   ]: Done. PASS=10 WARN=0 ERROR=0 SKIP=0 TOTAL=10
[0m09:46:47.423087 [debug] [Dummy-1   ]: Resource report: {"command_name": "run", "command_success": true, "command_wall_clock_time": 8.087676, "process_in_blocks": "0", "process_kernel_time": 0.91, "process_mem_max_rss": "457028", "process_out_blocks": "0", "process_user_time": 6.94}
[0m09:46:47.424192 [debug] [Dummy-1   ]: Command `cli run` succeeded at 09:46:47.423806 after 8.09 seconds
[0m09:46:47.425037 [debug] [Dummy-1   ]: Flushing usage events
